股票代码,买入日期,买入价格,卖出日期,卖出价格,持仓天数,收益率,卖出原因
000002,2024-04-29,6.77,2024-04-30,7.41,1,0.09293471196454965,Maximum_Holding_Period
000004,2023-09-01,16.2,2023-09-04,16.7,1,0.029264197530864112,Maximum_Holding_Period
000004,2024-04-30,10.21,2024-05-06,10.44,1,0.020926934378060525,Trend_Break_Stop
000006,2022-12-19,5.47,2022-12-20,5.57,1,0.016681535648994706,Trend_Break_Stop
000006,2025-04-14,6.23,2025-04-15,6.28,1,0.006425682182985605,Maximum_Holding_Period
000006,2026-06-22,8.1,2026-06-23,7.694999999999999,1,-0.05160000000000004,Extreme_Risk_Stop
000009,2020-03-26,6.39,2020-03-27,6.070499999999999,1,-0.05160000000000004,Extreme_Risk_Stop
000009,2021-09-23,21.96,2021-09-24,21.36,1,-0.02892240437158473,Trend_Break_Stop
000009,2021-10-19,17.45,2021-10-20,18.88,1,0.08034842406876778,Maximum_Holding_Period
000011,2020-09-22,18.02,2020-09-23,18.07,1,0.001174694783573839,Maximum_Holding_Period
000011,2022-05-06,11.45,2022-05-09,11.38,1,-0.007713537117903855,Trend_Break_Stop
000012,2022-05-06,5.65,2022-05-09,5.68,1,0.0037097345132742114,Maximum_Holding_Period
000014,2022-05-06,10.42,2022-05-09,10.55,1,0.010876007677543199,Trend_Break_Stop
000017,2020-06-03,2.3,2020-06-04,2.43,1,0.0549217391304349,Maximum_Holding_Period
000017,2024-03-21,9.86,2024-03-22,9.66,1,-0.021883975659229126,Trend_Break_Stop
000025,2022-05-06,11.05,2022-05-09,11.37,1,0.027359276018099444,Maximum_Holding_Period
000030,2020-03-26,5.42,2020-03-27,5.2,1,-0.04219040590405904,Trend_Break_Stop
000032,2020-03-23,15.92,2020-03-24,15.123999999999999,1,-0.05160000000000004,Extreme_Risk_Stop
000037,2022-07-06,8.41,2022-07-07,8.17,1,-0.0301374554102259,Trend_Break_Stop
000039,2021-02-10,13.99,2021-02-18,14.8,1,0.05629849892780552,Maximum_Holding_Period
000040,2020-02-10,3.36,2020-02-11,3.41,1,0.01328095238095255,Maximum_Holding_Period
000048,2022-05-06,19.22,2022-05-09,19.44,1,0.009846409989594341,Maximum_Holding_Period
000056,2023-12-04,4.16,2023-12-05,4.06,1,-0.025638461538461676,Trend_Break_Stop
000056,2024-11-29,2.72,2024-12-02,3.03,1,0.11237058823529393,Maximum_Holding_Period
000059,2021-10-22,6.97,2021-10-25,6.88,1,-0.014512482065997156,Maximum_Holding_Period
000060,2026-07-24,6.25,2026-07-27,6.27,1,0.0015999999999998698,Maximum_Holding_Period
000062,2024-09-24,28.62,2024-09-25,27.189,1,-0.05160000000000004,Extreme_Risk_Stop
000065,2022-05-06,7.2,2022-05-09,7.48,1,0.037288888888888976,Maximum_Holding_Period
000065,2022-05-10,7.34,2022-05-11,7.6,1,0.03382234332425065,Maximum_Holding_Period
000066,2022-05-06,8.76,2022-05-09,9.79,1,0.11597990867579892,Maximum_Holding_Period
000066,2024-12-05,17.53,2024-12-06,17.54,1,-0.00102954934398176,Maximum_Holding_Period
000066,2026-06-17,16.4,2026-06-18,17.84,1,0.08620487804878056,Maximum_Holding_Period
000066,2026-08-07,14.68,2026-08-10,14.71,1,0.00044359673024523417,Maximum_Holding_Period
000069,2022-05-17,5.87,2022-05-18,5.71,1,-0.028857240204429323,Trend_Break_Stop
000070,2026-08-05,13.11,2026-08-06,14.26,1,0.08611929824561408,Maximum_Holding_Period
000078,2020-04-08,4.76,2020-04-09,4.83,1,0.013105882352941346,Maximum_Holding_Period
000078,2025-12-19,4.23,2025-12-22,4.1,1,-0.032332860520094715,Trend_Break_Stop
000078,2026-01-09,3.66,2026-01-12,3.71,1,0.012061202185792253,Maximum_Holding_Period
000078,2026-07-29,1.66,2026-07-30,1.577,1,-0.05159999999999993,Extreme_Risk_Stop
000078,2026-07-30,1.66,2026-07-31,1.577,1,-0.05159999999999993,Extreme_Risk_Stop
000078,2026-08-10,1.71,2026-08-11,1.77,1,0.033487719298245726,Maximum_Holding_Period
000096,2025-06-17,14.18,2025-06-18,14.17,1,-0.002305218617771508,Trend_Break_Stop
000151,2024-02-27,10.36,2024-02-28,10.3,1,-0.007391505791505669,Trend_Break_Stop
000155,2021-03-04,12.1,2021-03-05,12.08,1,-0.003252892561983421,Trend_Break_Stop
000158,2023-05-09,7.15,2023-05-10,6.99,1,-0.02397762237762242,Trend_Break_Stop
000158,2024-11-22,27.5,2024-11-25,26.125,1,-0.05160000000000004,Extreme_Risk_Stop
000407,2024-02-21,2.82,2024-02-22,2.92,1,0.03386099290780136,Maximum_Holding_Period
000411,2020-09-16,16.7,2020-09-17,15.864999999999998,1,-0.05160000000000004,Extreme_Risk_Stop
000417,2026-06-16,7.42,2026-06-17,7.77,1,0.0455698113207546,Maximum_Holding_Period
000420,2024-06-19,3.36,2024-06-20,3.24,1,-0.037314285714285585,Trend_Break_Stop
000422,2021-10-14,19.5,2021-10-15,22.8,1,0.1676307692307693,Maximum_Holding_Period
000422,2022-05-10,18.7,2022-05-11,18.81,1,0.00428235294117645,Trend_Break_Stop
000426,2021-10-19,8.04,2021-10-20,8.13,1,0.009594029850746467,Maximum_Holding_Period
000428,2022-03-04,3.67,2022-03-07,3.59,1,-0.023398365122615793,Trend_Break_Stop
000428,2022-03-14,3.55,2022-03-15,3.3724999999999996,1,-0.05160000000000004,Extreme_Risk_Stop
000428,2022-05-12,3.35,2022-05-13,3.53,1,0.05213134328358198,Maximum_Holding_Period
000428,2022-10-21,4.1,2022-10-24,3.8949999999999996,1,-0.05160000000000004,Extreme_Risk_Stop
000430,2022-05-13,5.44,2022-05-16,5.79,1,0.06273823529411753,Maximum_Holding_Period
000503,2022-05-06,7.72,2022-05-09,8.7,1,0.12534300518134717,Maximum_Holding_Period
000504,2025-05-20,7.11,2025-05-21,7.15,1,0.004025879043600568,Maximum_Holding_Period
000505,2022-05-06,8.91,2022-05-09,9.26,1,0.03768170594837255,Maximum_Holding_Period
000505,2022-05-10,9.05,2022-05-11,9.42,1,0.03928397790055232,Maximum_Holding_Period
000505,2022-05-11,9.4,2022-05-12,9.33,1,-0.009046808510638282,Maximum_Holding_Period
000506,2024-07-08,1.04,2024-07-09,0.988,1,-0.05160000000000004,Extreme_Risk_Stop
000506,2026-03-04,19.44,2026-03-05,20.02,1,0.028235390946501893,Trend_Break_Stop
000509,2020-05-25,1.0,2020-05-26,0.95,1,-0.05160000000000004,Extreme_Risk_Stop
000510,2022-10-18,5.9,2022-10-19,5.9,1,-0.0015999999999999999,Maximum_Holding_Period
000510,2025-05-12,4.72,2025-05-13,5.08,1,0.07467118644067798,Maximum_Holding_Period
000514,2022-01-11,4.15,2022-01-12,3.9425000000000003,1,-0.05160000000000004,Extreme_Risk_Stop
000514,2022-05-06,5.15,2022-05-09,5.53,1,0.0721864077669903,Maximum_Holding_Period
000516,2021-07-22,15.23,2021-07-23,14.4685,1,-0.05159999999999993,Extreme_Risk_Stop
000516,2021-07-30,13.36,2021-08-02,12.691999999999998,1,-0.05160000000000004,Extreme_Risk_Stop
000517,2024-09-20,1.94,2024-09-23,1.98,1,0.019018556701030854,Maximum_Holding_Period
000517,2024-09-23,1.98,2024-09-24,2.09,1,0.05395555555555558,Maximum_Holding_Period
000518,2025-01-09,2.61,2025-01-10,2.4795,1,-0.05160000000000004,Extreme_Risk_Stop
000518,2026-06-25,3.3,2026-06-26,3.135,1,-0.05160000000000004,Extreme_Risk_Stop
000519,2022-10-17,21.73,2022-10-18,20.6435,1,-0.05160000000000004,Extreme_Risk_Stop
000519,2022-10-18,21.0,2022-10-19,19.95,1,-0.05160000000000004,Extreme_Risk_Stop
000520,2024-02-21,2.11,2024-02-22,2.2,1,0.04105402843601907,Maximum_Holding_Period
000520,2024-11-26,5.49,2024-11-27,5.2155,1,-0.05160000000000015,Extreme_Risk_Stop
000520,2026-07-24,3.7,2026-07-27,3.87,1,0.044345945945945923,Maximum_Holding_Period
000523,2021-01-29,2.8,2021-02-01,2.6599999999999997,1,-0.05160000000000004,Extreme_Risk_Stop
000523,2021-02-19,2.08,2021-02-22,2.53,1,0.21474615384615375,Maximum_Holding_Period
000523,2023-01-31,3.45,2023-02-01,3.53,1,0.02158840579710124,Maximum_Holding_Period
000524,2020-09-16,9.74,2020-09-17,9.44,1,-0.032400821355236205,Trend_Break_Stop
000526,2021-11-18,17.85,2021-11-19,17.53,1,-0.019527170868347387,Trend_Break_Stop
000533,2025-02-13,6.56,2025-02-14,6.231999999999999,1,-0.05160000000000004,Extreme_Risk_Stop
000533,2026-04-16,15.29,2026-04-17,15.04,1,-0.017950555918901222,Trend_Break_Stop
000533,2026-04-17,15.45,2026-04-20,15.98,1,0.03270420711974125,Maximum_Holding_Period
000536,2024-11-22,6.18,2024-11-25,5.8709999999999996,1,-0.05160000000000004,Extreme_Risk_Stop
000536,2025-01-10,4.36,2025-01-13,4.142,1,-0.05160000000000004,Extreme_Risk_Stop
000537,2022-01-13,20.46,2022-01-14,19.437,1,-0.05159999999999993,Extreme_Risk_Stop
000541,2025-04-24,6.41,2025-04-25,6.24,1,-0.028121060842433664,Trend_Break_Stop
000544,2022-08-18,6.73,2022-08-19,6.68,1,-0.00902942050520068,Maximum_Holding_Period
000545,2020-12-18,3.54,2020-12-21,3.46,1,-0.02419887005649719,Trend_Break_Stop
000545,2025-01-17,2.2,2025-01-20,2.21,1,0.0029454545454544083,Maximum_Holding_Period
000547,2026-01-26,28.42,2026-01-27,26.999,1,-0.05160000000000015,Extreme_Risk_Stop
000547,2026-02-02,28.1,2026-02-03,32.38,1,0.15071316725978662,Maximum_Holding_Period
000550,2024-08-16,24.5,2024-08-19,24.04,1,-0.020375510204081636,Trend_Break_Stop
000557,2020-07-06,3.55,2020-07-07,3.71,1,0.04347042253521121,Maximum_Holding_Period
000558,2021-02-23,2.93,2021-02-24,2.98,1,0.015464846416382284,Maximum_Holding_Period
000558,2022-05-06,2.76,2022-05-09,2.76,1,-0.0015999999999999999,Maximum_Holding_Period
000558,2025-01-17,3.33,2025-01-20,3.24,1,-0.028627027027026974,Trend_Break_Stop
000561,2021-02-19,6.37,2021-02-22,6.57,1,0.029797174254317094,Maximum_Holding_Period
000564,2020-07-01,4.4,2020-07-02,4.43,1,0.005218181818181612,Maximum_Holding_Period
000564,2022-12-23,1.87,2022-12-26,1.7765,1,-0.05160000000000004,Extreme_Risk_Stop
000565,2024-02-26,4.48,2024-02-27,4.65,1,0.036346428571428606,Maximum_Holding_Period
000566,2024-10-22,4.15,2024-10-23,4.52,1,0.08755662650602396,Maximum_Holding_Period
000568,2021-03-19,212.11,2021-03-22,216.19,1,0.017635302437414558,Maximum_Holding_Period
000568,2021-03-22,213.58,2021-03-23,219.9,1,0.027990785654087347,Maximum_Holding_Period
000570,2024-02-21,4.78,2024-02-22,5.01,1,0.046517154811715415,Maximum_Holding_Period
000571,2026-04-09,5.75,2026-04-10,5.68,1,-0.013773913043478258,Maximum_Holding_Period
000572,2021-07-08,5.35,2021-07-09,5.27,1,-0.016553271028037452,Maximum_Holding_Period
000572,2022-05-06,4.53,2022-05-09,4.56,1,0.005022516556291203,Maximum_Holding_Period
000572,2022-05-12,4.65,2022-05-13,4.93,1,0.05861505376344072,Maximum_Holding_Period
000573,2022-12-27,4.13,2022-12-28,4.2,1,0.015349152542373058,Maximum_Holding_Period
000582,2026-07-03,11.08,2026-07-06,11.47,1,0.03359855595667876,Maximum_Holding_Period
000584,2024-04-25,2.28,2024-04-26,2.28,1,-0.0015999999999999999,Maximum_Holding_Period
000584,2024-06-20,1.21,2024-06-21,1.1495,1,-0.05160000000000004,Extreme_Risk_Stop
000586,2026-06-17,15.41,2026-06-18,15.26,1,-0.011333939000649006,Maximum_Holding_Period
000589,2022-05-06,3.78,2022-05-09,3.83,1,0.011627513227513254,Maximum_Holding_Period
000590,2022-05-10,7.64,2022-05-11,7.73,1,0.01018010471204205,Maximum_Holding_Period
000591,2021-02-19,5.9,2021-02-22,6.26,1,0.0594169491525423,Maximum_Holding_Period
000592,2020-02-10,2.44,2020-02-11,2.51,1,0.0270885245901638,Maximum_Holding_Period
000592,2024-02-21,2.06,2024-02-22,2.13,1,0.03238058252427183,Maximum_Holding_Period
000592,2024-02-22,2.1,2024-02-23,2.23,1,0.06030476190476191,Maximum_Holding_Period
000592,2024-02-27,2.21,2024-02-28,2.14,1,-0.033274208144796265,Trend_Break_Stop
000592,2024-12-30,2.68,2024-12-31,2.87,1,0.06929552238805962,Maximum_Holding_Period
000593,2022-11-07,8.04,2022-11-08,8.3,1,0.030738308457711572,Maximum_Holding_Period
000595,2022-05-06,2.91,2022-05-09,3.22,1,0.10492920962199319,Maximum_Holding_Period
000595,2022-06-17,5.36,2022-06-20,5.42,1,0.009594029850746245,Trend_Break_Stop
000595,2022-06-20,5.49,2022-06-21,5.2155,1,-0.05160000000000015,Extreme_Risk_Stop
000595,2022-09-05,7.6,2022-09-06,8.45,1,0.11024210526315774,Maximum_Holding_Period
000595,2024-01-26,4.7,2024-01-29,4.7,1,-0.0015999999999999999,Maximum_Holding_Period
000595,2024-11-29,8.7,2024-12-02,9.48,1,0.08805517241379328,Maximum_Holding_Period
000596,2022-11-03,207.0,2022-11-04,217.51,1,0.049172946859903414,Maximum_Holding_Period
000597,2020-06-16,5.31,2020-06-17,5.4,1,0.015349152542373058,Maximum_Holding_Period
000597,2023-01-04,6.73,2023-01-05,6.3935,1,-0.05160000000000004,Extreme_Risk_Stop
000599,2024-04-22,4.38,2024-04-23,4.161,1,-0.05160000000000004,Extreme_Risk_Stop
000600,2026-07-02,9.24,2026-07-03,9.01,1,-0.026491774891774966,Maximum_Holding_Period
000601,2022-09-22,5.36,2022-09-23,5.25,1,-0.022122388059701525,Trend_Break_Stop
000603,2020-03-23,11.23,2020-03-24,12.1,1,0.0758710596616206,Maximum_Holding_Period
000603,2026-02-27,49.68,2026-03-02,56.57,1,0.13708760064412245,Maximum_Holding_Period
000603,2026-03-30,38.24,2026-03-31,38.8,1,0.01304435146443499,Maximum_Holding_Period
000605,2020-10-13,6.27,2020-10-14,6.27,1,-0.0015999999999999999,Maximum_Holding_Period
000605,2022-05-06,5.24,2022-05-09,5.56,1,0.05946870229007622,Maximum_Holding_Period
000607,2022-02-09,5.01,2022-02-10,5.25,1,0.046304191616766625,Maximum_Holding_Period
000608,2025-01-17,2.17,2025-01-20,2.19,1,0.007616589861751112,Maximum_Holding_Period
000609,2022-06-10,5.1,2022-06-13,4.91,1,-0.03885490196078418,Trend_Break_Stop
000609,2023-09-21,5.76,2023-09-22,5.92,1,0.0261777777777779,Maximum_Holding_Period
000609,2025-12-22,10.01,2025-12-23,9.5095,1,-0.05160000000000004,Extreme_Risk_Stop
000610,2020-02-10,7.11,2020-02-11,7.4,1,0.039187623066104176,Maximum_Holding_Period
000610,2020-02-12,7.35,2020-02-13,7.73,1,0.05010068027210895,Maximum_Holding_Period
000610,2020-04-08,8.08,2020-04-09,8.56,1,0.05780594059405946,Maximum_Holding_Period
000610,2022-11-29,10.46,2022-11-30,11.45,1,0.09304627151051607,Maximum_Holding_Period
000610,2023-05-15,16.22,2023-05-16,15.69,1,-0.03427570900123295,Trend_Break_Stop
000610,2023-05-16,16.13,2023-05-17,16.15,1,-0.00036007439553626796,Maximum_Holding_Period
000610,2024-02-21,11.62,2024-02-22,12.13,1,0.04228984509466454,Maximum_Holding_Period
000613,2021-02-04,3.45,2021-02-05,3.41,1,-0.013194202898550732,Trend_Break_Stop
000615,2021-06-22,21.8,2021-06-23,23.23,1,0.06399633027522937,Maximum_Holding_Period
000615,2021-07-01,21.68,2021-07-02,22.46,1,0.0343778597785978,Maximum_Holding_Period
000615,2021-11-17,12.18,2021-11-18,11.77,1,-0.035261740558292294,Trend_Break_Stop
000617,2020-07-16,8.4,2020-07-17,7.9799999999999995,1,-0.05160000000000004,Extreme_Risk_Stop
000620,2025-01-17,1.84,2025-01-20,1.88,1,0.020139130434782482,Maximum_Holding_Period
000620,2025-12-16,2.91,2025-12-17,2.89,1,-0.008472852233676952,Maximum_Holding_Period
000620,2025-12-17,2.93,2025-12-18,2.88,1,-0.018664846416382396,Maximum_Holding_Period
000620,2026-08-06,2.75,2026-08-07,2.78,1,0.009309090909090757,Maximum_Holding_Period
000625,2021-07-09,20.0,2021-07-12,21.12,1,0.05440000000000005,Maximum_Holding_Period
000626,2020-02-13,7.85,2020-02-14,7.67,1,-0.02452993630573248,Trend_Break_Stop
000628,2023-12-28,52.08,2023-12-29,49.476,1,-0.05159999999999993,Extreme_Risk_Stop
000632,2025-05-08,3.57,2025-05-09,3.66,1,0.023610084033613577,Maximum_Holding_Period
000632,2025-12-03,6.31,2025-12-04,6.88,1,0.08873280507131547,Maximum_Holding_Period
000632,2025-12-04,6.41,2025-12-05,7.57,1,0.17936723868954757,Maximum_Holding_Period
000636,2026-08-03,48.0,2026-08-04,54.33,1,0.13027499999999997,Maximum_Holding_Period
000637,2020-04-08,4.42,2020-04-09,4.51,1,0.01876199095022617,Maximum_Holding_Period
000638,2022-11-08,8.11,2022-11-09,8.24,1,0.01442959309494456,Maximum_Holding_Period
000638,2022-11-14,8.51,2022-11-15,8.0845,1,-0.05159999999999993,Extreme_Risk_Stop
000638,2024-04-30,4.0,2024-05-06,4.36,1,0.08840000000000008,Maximum_Holding_Period
000639,2026-04-30,2.03,2026-05-06,1.93,1,-0.0508610837438423,Trend_Break_Stop
000639,2026-05-26,1.6,2026-05-27,1.59,1,-0.007849999999999979,Maximum_Holding_Period
000650,2022-05-06,6.02,2022-05-09,6.17,1,0.02331694352159479,Maximum_Holding_Period
000652,2020-04-09,9.82,2020-04-10,9.85,1,0.001454989816700493,Trend_Break_Stop
000655,2022-05-05,5.76,2022-05-06,5.66,1,-0.01896111111111105,Trend_Break_Stop
000655,2022-05-06,5.68,2022-05-09,5.71,1,0.003681690140845008,Maximum_Holding_Period
000657,2026-04-09,48.42,2026-04-10,48.98,1,0.009965468814539236,Maximum_Holding_Period
000659,2024-10-25,2.53,2024-10-28,3.0,1,0.18417075098814234,Maximum_Holding_Period
000661,2021-08-16,302.22,2021-08-17,294.87,1,-0.025920031764939577,Trend_Break_Stop
000662,2020-02-13,4.0,2020-02-14,3.87,1,-0.03409999999999997,Trend_Break_Stop
000662,2020-12-30,0.89,2020-12-31,0.8454999999999999,1,-0.05160000000000015,Extreme_Risk_Stop
000663,2023-10-30,8.57,2023-10-31,8.7,1,0.013569194865810808,Maximum_Holding_Period
000665,2022-02-15,8.85,2022-02-16,8.407499999999999,1,-0.05160000000000004,Extreme_Risk_Stop
000665,2022-03-22,6.5,2022-03-23,7.67,1,0.17839999999999995,Maximum_Holding_Period
000665,2022-05-06,7.56,2022-05-09,8.3,1,0.09628359788359812,Maximum_Holding_Period
000665,2025-04-16,4.69,2025-04-17,4.61,1,-0.018657569296375253,Trend_Break_Stop
000666,2022-05-06,7.81,2022-05-09,7.92,1,0.012484507042253502,Maximum_Holding_Period
000669,2020-02-12,2.81,2020-02-13,2.8,1,-0.005158718861210064,Trend_Break_Stop
000669,2024-02-21,1.55,2024-02-22,1.58,1,0.017754838709677357,Maximum_Holding_Period
000669,2024-02-22,1.54,2024-02-23,1.66,1,0.07632207792207794,Maximum_Holding_Period
000670,2022-09-15,9.65,2022-09-16,9.1675,1,-0.05160000000000004,Extreme_Risk_Stop
000670,2025-01-17,7.09,2025-01-20,7.09,1,-0.0015999999999999999,Trend_Break_Stop
000671,2021-11-22,2.94,2021-11-23,2.98,1,0.012005442176870763,Maximum_Holding_Period
000673,2021-05-13,1.81,2021-05-14,1.8,1,-0.007124861878453024,Trend_Break_Stop
000679,2022-12-29,6.16,2022-12-30,7.18,1,0.1639844155844155,Maximum_Holding_Period
000679,2024-04-25,3.22,2024-04-26,3.16,1,-0.020233540372670843,Maximum_Holding_Period
000681,2024-04-25,12.65,2024-04-26,13.02,1,0.02764901185770734,Maximum_Holding_Period
000681,2025-01-09,20.98,2025-01-10,20.65,1,-0.01732926596758828,Trend_Break_Stop
000681,2025-01-16,22.02,2025-01-17,21.53,1,-0.023852497729336907,Trend_Break_Stop
000681,2025-01-17,21.86,2025-01-20,20.98,1,-0.04185617566331196,Trend_Break_Stop
000687,2020-02-11,5.03,2020-02-12,5.01,1,-0.005576143141153132,Maximum_Holding_Period
000687,2020-02-24,5.3,2020-02-25,5.41,1,0.01915471698113218,Maximum_Holding_Period
000687,2022-01-05,1.87,2022-01-06,1.89,1,0.009095187165775221,Maximum_Holding_Period
000692,2024-07-01,3.03,2024-07-02,3.04,1,0.0017003300330034514,Maximum_Holding_Period
000698,2020-08-18,7.81,2020-08-19,7.419499999999999,1,-0.05160000000000004,Extreme_Risk_Stop
000698,2020-09-16,5.66,2020-09-17,5.377,1,-0.05160000000000004,Extreme_Risk_Stop
000698,2021-03-30,6.56,2021-03-31,6.63,1,0.009070731707317137,Maximum_Holding_Period
000698,2021-03-31,6.54,2021-04-01,6.89,1,0.051916819571865384,Maximum_Holding_Period
000700,2020-03-04,11.96,2020-03-05,12.59,1,0.05107558528428085,Maximum_Holding_Period
000700,2020-03-06,12.05,2020-03-09,12.3,1,0.019146887966804905,Trend_Break_Stop
000701,2020-02-10,4.27,2020-02-11,4.39,1,0.02650304449648715,Maximum_Holding_Period
000701,2025-01-10,4.52,2025-01-13,4.294,1,-0.05160000000000004,Extreme_Risk_Stop
000702,2024-06-05,5.61,2024-06-06,5.3295,1,-0.05160000000000004,Extreme_Risk_Stop
000703,2026-06-04,13.39,2026-06-05,13.34,1,-0.005334129947722264,Maximum_Holding_Period
000710,2022-05-06,13.0,2022-05-09,15.17,1,0.16532307692307696,Maximum_Holding_Period
000710,2022-05-11,14.26,2022-05-12,14.04,1,-0.017027769985974838,Trend_Break_Stop
000710,2022-05-24,13.67,2022-05-25,12.9865,1,-0.05160000000000004,Extreme_Risk_Stop
000711,2020-02-10,4.2,2020-02-11,4.23,1,0.005542857142857118,Maximum_Holding_Period
000711,2022-03-04,3.91,2022-03-07,3.7145,1,-0.05160000000000004,Extreme_Risk_Stop
000711,2023-05-23,1.67,2023-05-24,1.5864999999999998,1,-0.05160000000000004,Extreme_Risk_Stop
000711,2026-04-16,3.65,2026-04-17,4.1,1,0.12168767123287653,Maximum_Holding_Period
000712,2026-06-16,8.88,2026-06-17,9.35,1,0.05132792792792778,Maximum_Holding_Period
000713,2021-07-07,9.2,2021-07-08,9.43,1,0.023400000000000132,Maximum_Holding_Period
000713,2021-07-20,9.5,2021-07-21,9.45,1,-0.006863157894736969,Maximum_Holding_Period
000713,2022-05-06,8.47,2022-05-09,8.71,1,0.026735301062573758,Maximum_Holding_Period
000713,2022-05-10,8.5,2022-05-11,8.89,1,0.04428235294117649,Maximum_Holding_Period
000713,2022-05-11,8.8,2022-05-12,8.67,1,-0.016372727272727382,Trend_Break_Stop
000713,2025-05-08,7.36,2025-05-09,7.33,1,-0.005676086956521729,Maximum_Holding_Period
000715,2022-10-17,4.99,2022-10-18,4.96,1,-0.007612024048096198,Maximum_Holding_Period
000715,2024-12-31,6.75,2025-01-02,7.32,1,0.08284444444444454,Maximum_Holding_Period
000716,2023-02-01,8.23,2023-02-02,8.38,1,0.016626002430133725,Maximum_Holding_Period
000717,2025-01-17,2.62,2025-01-20,2.64,1,0.006033587786259444,Maximum_Holding_Period
000718,2021-06-24,7.86,2021-06-25,7.467,1,-0.05160000000000004,Extreme_Risk_Stop
000718,2021-08-11,5.84,2021-08-12,5.8,1,-0.008449315068493179,Maximum_Holding_Period
000719,2023-05-30,11.3,2023-05-31,11.78,1,0.04087787610619458,Maximum_Holding_Period
000721,2020-04-08,4.23,2020-04-09,4.61,1,0.08823451536643016,Maximum_Holding_Period
000721,2022-11-30,8.1,2022-12-01,7.99,1,-0.015180246913580175,Maximum_Holding_Period
000721,2022-12-07,8.4,2022-12-08,9.44,1,0.12220952380952381,Maximum_Holding_Period
000727,2023-11-08,2.81,2023-11-09,2.76,1,-0.019393594306049877,Trend_Break_Stop
000731,2021-10-20,9.4,2021-10-21,11.45,1,0.21648510638297852,Maximum_Holding_Period
000731,2021-11-15,8.37,2021-11-16,7.9514999999999985,1,-0.05160000000000004,Extreme_Risk_Stop
000732,2022-12-30,1.4,2023-01-03,1.36,1,-0.03017142857142847,Trend_Break_Stop
000736,2020-03-26,7.95,2020-03-27,8.37,1,0.051230188679245274,Maximum_Holding_Period
000736,2020-03-30,8.13,2020-03-31,7.95,1,-0.023740221402214056,Trend_Break_Stop
000737,2025-04-22,9.1,2025-04-23,9.11,1,-0.0005010989010989049,Maximum_Holding_Period
000751,2026-07-24,4.39,2026-07-27,4.38,1,-0.003877904328018221,Maximum_Holding_Period
000752,2021-08-04,5.83,2021-08-05,6.09,1,0.042996912521440715,Maximum_Holding_Period
000752,2021-08-06,6.03,2021-08-09,6.51,1,0.0780019900497511,Maximum_Holding_Period
000753,2022-06-02,4.0,2022-06-06,3.8,1,-0.05160000000000004,Extreme_Risk_Stop
000761,2021-10-13,5.1,2021-10-14,4.845,1,-0.05159999999999993,Extreme_Risk_Stop
000767,2021-02-24,3.0,2021-02-25,2.95,1,-0.018266666666666608,Trend_Break_Stop
000767,2026-06-18,4.94,2026-06-22,4.6930000000000005,1,-0.05159999999999993,Extreme_Risk_Stop
000768,2021-03-31,25.2,2021-04-01,24.6,1,-0.025409523809523726,Trend_Break_Stop
000777,2022-05-06,9.65,2022-05-09,9.72,1,0.005653886010362809,Maximum_Holding_Period
000782,2022-05-06,4.4,2022-05-09,4.5,1,0.021127272727272706,Maximum_Holding_Period
000785,2025-01-07,3.9,2025-01-08,4.19,1,0.07275897435897453,Maximum_Holding_Period
000785,2025-01-08,3.95,2025-01-09,4.03,1,0.018653164556962133,Trend_Break_Stop
000790,2021-06-11,5.75,2021-06-15,5.4624999999999995,1,-0.05160000000000004,Extreme_Risk_Stop
000790,2022-05-10,4.51,2022-05-11,4.5,1,-0.003817294900221711,Maximum_Holding_Period
000791,2026-07-02,7.89,2026-07-03,7.75,1,-0.019343979721166037,Trend_Break_Stop
000795,2024-11-22,10.65,2024-11-25,12.01,1,0.1260995305164319,Maximum_Holding_Period
000796,2020-02-12,7.34,2020-02-13,7.29,1,-0.008411989100817373,Trend_Break_Stop
000796,2020-07-23,17.88,2020-07-24,17.04,1,-0.04857986577181212,Trend_Break_Stop
000796,2020-08-10,17.59,2020-08-11,16.7105,1,-0.05160000000000004,Extreme_Risk_Stop
000797,2022-12-28,3.67,2022-12-29,3.56,1,-0.031572752043596726,Trend_Break_Stop
000797,2022-12-29,3.7,2022-12-30,3.63,1,-0.02051891891891895,Trend_Break_Stop
000798,2021-01-19,10.43,2021-01-20,9.9085,1,-0.05159999999999993,Extreme_Risk_Stop
000798,2023-06-09,10.5,2023-06-12,10.16,1,-0.033980952380952396,Trend_Break_Stop
000799,2021-03-04,140.1,2021-03-05,133.095,1,-0.05159999999999993,Extreme_Risk_Stop
000807,2022-05-05,10.26,2022-05-06,10.06,1,-0.02109317738791412,Trend_Break_Stop
000807,2022-05-06,10.14,2022-05-09,10.02,1,-0.01343431952662728,Trend_Break_Stop
000810,2020-03-23,11.68,2020-03-24,12.54,1,0.07203013698630127,Maximum_Holding_Period
000810,2026-08-06,9.77,2026-08-07,9.67,1,-0.011835414534288557,Trend_Break_Stop
000811,2022-05-06,8.68,2022-05-09,8.78,1,0.009920737327188834,Maximum_Holding_Period
000812,2022-05-06,4.9,2022-05-09,5.28,1,0.0759510204081633,Maximum_Holding_Period
000812,2022-10-17,5.48,2022-10-18,5.61,1,0.02212262773722622,Maximum_Holding_Period
000812,2024-02-21,4.26,2024-02-22,4.42,1,0.03595868544600949,Maximum_Holding_Period
000813,2022-11-10,3.44,2022-11-11,3.63,1,0.05363255813953476,Maximum_Holding_Period
000815,2022-04-01,14.7,2022-04-06,13.964999999999998,1,-0.05160000000000004,Extreme_Risk_Stop
000815,2026-06-11,15.77,2026-06-12,15.29,1,-0.03203753963221307,Trend_Break_Stop
000816,2020-12-03,3.67,2020-12-04,3.4865,1,-0.05160000000000004,Extreme_Risk_Stop
000818,2022-05-06,27.8,2022-05-09,27.67,1,-0.006276258992805771,Trend_Break_Stop
000818,2025-03-13,31.82,2025-03-14,30.229,1,-0.05160000000000004,Extreme_Risk_Stop
000819,2022-05-06,9.17,2022-05-09,9.6,1,0.04529203925845154,Maximum_Holding_Period
000820,2024-01-15,4.31,2024-01-16,4.41,1,0.021601856148491905,Maximum_Holding_Period
000821,2022-07-12,18.7,2022-07-13,17.764999999999997,1,-0.05160000000000015,Extreme_Risk_Stop
000821,2022-07-13,19.0,2022-07-14,18.05,1,-0.05159999999999993,Extreme_Risk_Stop
000821,2022-09-22,18.7,2022-09-23,18.46,1,-0.014434224598930356,Trend_Break_Stop
000821,2024-02-21,12.4,2024-02-22,12.94,1,0.04194838709677411,Maximum_Holding_Period
000829,2021-09-27,18.72,2021-09-28,17.784,1,-0.05160000000000004,Extreme_Risk_Stop
000829,2022-05-12,9.39,2022-05-13,9.51,1,0.011179552715654895,Maximum_Holding_Period
000829,2026-06-04,8.92,2026-06-05,9.16,1,0.025305829596412633,Maximum_Holding_Period
000831,2021-10-20,35.58,2021-10-21,40.4,1,0.13386936481169204,Maximum_Holding_Period
000833,2024-02-21,4.65,2024-02-22,4.81,1,0.03280860215053743,Maximum_Holding_Period
000835,2020-02-10,4.0,2020-02-11,4.03,1,0.005900000000000062,Maximum_Holding_Period
000836,2022-10-17,2.86,2022-10-18,2.92,1,0.019379020979021045,Maximum_Holding_Period
000848,2021-08-10,9.73,2021-08-11,11.04,1,0.13303514902363817,Maximum_Holding_Period
000851,2020-04-08,6.3,2020-04-09,7.39,1,0.17141587301587308,Maximum_Holding_Period
000856,2022-03-11,10.07,2022-03-14,9.94,1,-0.014509632571996067,Trend_Break_Stop
000858,2021-03-19,263.0,2021-03-22,259.5,1,-0.014907984790874473,Trend_Break_Stop
000859,2022-05-05,5.42,2022-05-06,5.4,1,-0.005290036900368954,Trend_Break_Stop
000859,2022-05-06,5.4,2022-05-09,5.47,1,0.011362962962962842,Maximum_Holding_Period
000861,2024-07-17,0.86,2024-08-01,0.817,1,-0.05160000000000004,Extreme_Risk_Stop
000862,2021-05-10,5.45,2021-05-11,5.75,1,0.05344587155963292,Maximum_Holding_Period
000862,2021-05-12,5.64,2021-05-13,5.62,1,-0.005146099290780091,Trend_Break_Stop
000862,2026-04-22,6.55,2026-04-23,7.03,1,0.07168244274809159,Maximum_Holding_Period
000868,2020-03-31,4.23,2020-04-01,4.02,1,-0.051245390070922166,Trend_Break_Stop
000868,2022-07-11,6.5,2022-07-12,6.58,1,0.010707692307692352,Maximum_Holding_Period
000875,2021-10-20,6.23,2021-10-21,6.42,1,0.028897592295344988,Maximum_Holding_Period
000876,2020-10-13,28.34,2020-10-14,29.03,1,0.022747212420607,Maximum_Holding_Period
000882,2022-05-06,1.73,2022-05-09,1.79,1,0.03308208092485559,Maximum_Holding_Period
000882,2022-05-10,1.78,2022-05-11,1.75,1,-0.018453932584269705,Trend_Break_Stop
000882,2022-05-17,1.85,2022-05-18,1.83,1,-0.012410810810810812,Maximum_Holding_Period
000883,2021-05-12,4.9,2021-05-13,4.69,1,-0.04445714285714281,Trend_Break_Stop
000887,2022-02-18,19.2,2022-02-21,19.12,1,-0.005766666666666541,Trend_Break_Stop
000889,2024-02-26,1.75,2024-02-27,1.8,1,0.02697142857142869,Maximum_Holding_Period
000889,2024-04-25,1.31,2024-04-26,1.25,1,-0.047401526717557325,Trend_Break_Stop
000889,2024-04-26,1.3,2024-04-29,1.31,1,0.006092307692307665,Maximum_Holding_Period
000889,2024-07-02,1.58,2024-07-03,1.71,1,0.08067848101265822,Maximum_Holding_Period
000889,2026-07-17,3.22,2026-07-20,3.45,1,0.06982857142857139,Maximum_Holding_Period
000890,2020-02-11,4.39,2020-02-12,4.75,1,0.08040455580865617,Maximum_Holding_Period
000890,2026-01-08,5.32,2026-01-09,5.29,1,-0.007239097744360999,Maximum_Holding_Period
000890,2026-07-24,6.54,2026-07-27,6.72,1,0.02592293577981657,Maximum_Holding_Period
000890,2026-07-28,6.65,2026-07-29,6.65,1,-0.0015999999999999999,Maximum_Holding_Period
000892,2020-03-23,4.49,2020-03-24,4.41,1,-0.019417371937639216,Trend_Break_Stop
000892,2025-03-10,4.04,2025-03-11,4.07,1,0.0058257425742574325,Trend_Break_Stop
000892,2025-03-11,4.04,2025-03-12,3.99,1,-0.013976237623762388,Trend_Break_Stop
000892,2026-07-31,3.33,2026-08-03,3.79,1,0.13653813813813814,Maximum_Holding_Period
000897,2022-05-06,2.63,2022-05-09,2.67,1,0.013609125475285078,Maximum_Holding_Period
000902,2021-10-20,17.19,2021-10-21,18.1,1,0.05133775450843508,Maximum_Holding_Period
000906,2022-05-06,8.8,2022-05-09,8.73,1,-0.009554545454545437,Maximum_Holding_Period
000908,2022-05-06,3.22,2022-05-09,3.39,1,0.05119503105590067,Maximum_Holding_Period
000909,2022-10-13,7.99,2022-10-14,8.27,1,0.03344380475594493,Maximum_Holding_Period
000909,2024-02-22,4.27,2024-02-23,4.57,1,0.06865761124121787,Maximum_Holding_Period
000919,2022-05-06,6.53,2022-05-09,6.88,1,0.05199877488514542,Maximum_Holding_Period
000922,2021-10-20,8.93,2021-10-21,9.12,1,0.01967659574468077,Maximum_Holding_Period
000922,2021-10-26,9.37,2021-10-27,9.78,1,0.042156670224119445,Maximum_Holding_Period
000922,2021-10-28,9.71,2021-10-29,9.2245,1,-0.05160000000000004,Extreme_Risk_Stop
000925,2026-06-08,8.3,2026-06-09,8.5,1,0.02249638554216853,Maximum_Holding_Period
000926,2024-07-15,2.37,2024-07-16,2.33,1,-0.018477637130801704,Maximum_Holding_Period
000931,2022-05-06,5.79,2022-05-09,6.12,1,0.055394818652849724,Maximum_Holding_Period
000936,2020-03-23,8.4,2020-03-24,8.63,1,0.025780952380952505,Maximum_Holding_Period
000937,2021-10-22,7.3,2021-10-25,6.935,1,-0.05160000000000004,Extreme_Risk_Stop
000938,2020-09-03,32.8,2020-09-04,31.159999999999997,1,-0.05160000000000004,Extreme_Risk_Stop
000949,2024-06-19,3.63,2024-06-20,3.52,1,-0.03190303030303027,Trend_Break_Stop
000950,2022-05-06,4.75,2022-05-09,4.82,1,0.013136842105263159,Maximum_Holding_Period
000953,2022-03-22,7.69,2022-03-23,7.3055,1,-0.05160000000000004,Extreme_Risk_Stop
000953,2022-04-13,7.37,2022-04-14,7.0015,1,-0.05160000000000004,Extreme_Risk_Stop
000953,2024-08-28,3.47,2024-08-29,3.2965,1,-0.05160000000000004,Extreme_Risk_Stop
000957,2022-10-13,13.55,2022-10-14,13.57,1,-0.00012398523985241838,Maximum_Holding_Period
000959,2022-05-24,4.5,2022-05-25,4.38,1,-0.028266666666666728,Trend_Break_Stop
000960,2021-03-15,13.9,2021-03-16,13.6,1,-0.02318273381294973,Trend_Break_Stop
000960,2026-07-24,31.4,2026-07-27,32.58,1,0.03597961783439501,Maximum_Holding_Period
000965,2025-05-12,4.01,2025-05-13,3.92,1,-0.02404389027431415,Trend_Break_Stop
000966,2021-05-13,9.38,2021-05-14,9.26,1,-0.014393176972281551,Trend_Break_Stop
000966,2021-08-12,10.07,2021-08-13,9.82,1,-0.0264262164846077,Trend_Break_Stop
000967,2026-07-28,7.31,2026-07-29,7.51,1,0.02575978112175097,Maximum_Holding_Period
000967,2026-07-30,7.49,2026-07-31,7.85,1,0.04646408544726293,Maximum_Holding_Period
000969,2025-11-26,18.36,2025-11-27,18.01,1,-0.020663180827886606,Maximum_Holding_Period
000972,2024-03-13,3.78,2024-03-14,3.73,1,-0.014827513227513144,Maximum_Holding_Period
000973,2024-12-04,7.35,2024-12-05,7.2,1,-0.022008163265306035,Maximum_Holding_Period
000975,2020-03-23,12.03,2020-03-24,13.37,1,0.10978819617622619,Maximum_Holding_Period
000975,2023-01-03,10.88,2023-01-04,11.58,1,0.06273823529411753,Maximum_Holding_Period
000978,2022-05-12,5.43,2022-05-13,5.65,1,0.038915653775322405,Maximum_Holding_Period
000980,2022-02-14,4.8,2022-02-15,4.71,1,-0.020349999999999934,Trend_Break_Stop
000981,2022-11-29,2.02,2022-11-30,2.03,1,0.003350495049504955,Maximum_Holding_Period
000982,2024-02-20,1.23,2024-02-21,1.35,1,0.09596097560975618,Maximum_Holding_Period
000983,2022-06-28,12.9,2022-06-29,13.64,1,0.055764341085271334,Maximum_Holding_Period
000985,2024-02-27,13.61,2024-02-28,13.15,1,-0.03539867744305653,Trend_Break_Stop
000987,2021-09-02,8.68,2021-09-03,8.82,1,0.014529032258064501,Maximum_Holding_Period
000990,2020-03-26,13.22,2020-03-27,13.2,1,-0.003112859304084846,Maximum_Holding_Period
000990,2022-05-06,9.47,2022-05-09,9.51,1,0.0026238648363250865,Maximum_Holding_Period
000993,2021-01-19,6.35,2021-01-20,6.36,1,-2.5196850393659036e-05,Maximum_Holding_Period
000993,2026-04-14,12.68,2026-04-15,12.38,1,-0.025259305993690816,Trend_Break_Stop
000993,2026-04-24,13.0,2026-04-27,12.35,1,-0.05160000000000004,Extreme_Risk_Stop
000995,2021-02-23,17.91,2021-02-24,20.95,1,0.1681375767727527,Maximum_Holding_Period
000995,2022-05-17,14.1,2022-05-18,14.39,1,0.018967375886524796,Maximum_Holding_Period
000995,2022-05-18,14.4,2022-05-19,15.11,1,0.047705555555555494,Maximum_Holding_Period
000997,2022-05-06,11.77,2022-05-09,12.12,1,0.028136618521665203,Maximum_Holding_Period
000997,2026-06-23,18.45,2026-06-24,18.01,1,-0.02544823848238471,Trend_Break_Stop
001202,2022-05-06,13.98,2022-05-09,14.71,1,0.050617453505007286,Maximum_Holding_Period
001202,2022-05-09,14.15,2022-05-10,14.59,1,0.02949540636042407,Maximum_Holding_Period
001208,2022-05-06,8.88,2022-05-09,9.24,1,0.03894054054054057,Maximum_Holding_Period
001208,2024-02-20,7.13,2024-02-21,7.27,1,0.018035343618513267,Maximum_Holding_Period
001208,2024-02-21,7.14,2024-02-22,7.4,1,0.03481456582633063,Maximum_Holding_Period
001208,2026-02-04,22.68,2026-02-05,23.03,1,0.013832098765432167,Maximum_Holding_Period
001209,2022-10-18,13.56,2022-10-19,13.44,1,-0.01044955752212402,Trend_Break_Stop
001209,2023-01-05,14.13,2023-01-06,15.54,1,0.0981876857749469,Maximum_Holding_Period
001209,2024-12-16,20.03,2024-12-17,19.0285,1,-0.05160000000000004,Extreme_Risk_Stop
001215,2024-02-08,37.52,2024-02-19,44.06,1,0.1727070362473347,Maximum_Holding_Period
001217,2022-05-06,12.71,2022-05-09,13.29,1,0.044033359559401845,Maximum_Holding_Period
001217,2022-05-09,12.94,2022-05-10,13.28,1,0.024675115919629054,Maximum_Holding_Period
001217,2022-05-10,13.04,2022-05-11,13.11,1,0.003768098159509227,Trend_Break_Stop
001217,2022-10-17,12.28,2022-10-18,12.54,1,0.019572638436482093,Maximum_Holding_Period
001217,2024-03-05,10.71,2024-03-06,10.59,1,-0.012804481792717159,Maximum_Holding_Period
001217,2025-04-16,10.98,2025-04-17,11.33,1,0.030276138433515554,Maximum_Holding_Period
001219,2022-05-10,26.4,2022-05-11,26.49,1,0.0018090909090909173,Trend_Break_Stop
001222,2022-09-26,33.3,2022-09-27,34.9,1,0.04644804804804808,Maximum_Holding_Period
001226,2022-07-21,39.1,2022-07-22,38.25,1,-0.023339130434782595,Trend_Break_Stop
001229,2026-06-17,27.84,2026-06-18,27.44,1,-0.015967816091953923,Trend_Break_Stop
001231,2022-09-22,24.81,2022-09-23,25.65,1,0.03225731559854888,Maximum_Holding_Period
001236,2023-02-21,16.96,2023-02-22,17.13,1,0.008423584905660243,Maximum_Holding_Period
001239,2025-04-16,14.26,2025-04-17,14.34,1,0.004010098176718204,Maximum_Holding_Period
001255,2026-02-04,40.95,2026-02-05,39.3,1,-0.04189304029304048,Trend_Break_Stop
001256,2023-02-02,23.4,2023-02-03,23.23,1,-0.00886495726495724,Maximum_Holding_Period
001256,2026-07-27,22.17,2026-07-28,22.37,1,0.0074211998195759426,Maximum_Holding_Period
001258,2022-10-19,12.23,2022-10-20,12.84,1,0.048277350776778465,Maximum_Holding_Period
001258,2026-04-15,8.86,2026-04-16,8.89,1,0.001786004514672747,Maximum_Holding_Period
001259,2022-10-19,32.16,2022-10-20,30.551999999999996,1,-0.05160000000000004,Extreme_Risk_Stop
001259,2022-11-01,30.89,2022-11-02,31.41,1,0.015233926837164225,Maximum_Holding_Period
001259,2022-11-02,31.5,2022-11-03,31.56,1,0.0003047619047618537,Trend_Break_Stop
001266,2022-07-29,35.44,2022-08-01,38.83,1,0.09405462753950337,Maximum_Holding_Period
001269,2024-02-05,43.88,2024-02-06,41.686,1,-0.05160000000000004,Extreme_Risk_Stop
001269,2026-07-02,22.1,2026-07-03,20.995,1,-0.05160000000000004,Extreme_Risk_Stop
001278,2023-12-22,25.61,2023-12-25,28.15,1,0.09758000780944935,Maximum_Holding_Period
001282,2025-07-10,20.25,2025-07-11,20.75,1,0.023091358024691467,Maximum_Holding_Period
001296,2022-04-12,35.2,2022-04-13,34.38,1,-0.024895454545454564,Trend_Break_Stop
001298,2023-11-14,33.01,2023-11-15,34.82,1,0.05323186913056648,Maximum_Holding_Period
001298,2023-11-16,33.73,2023-11-17,33.8,1,0.0004753038837830752,Trend_Break_Stop
001298,2024-06-05,17.9,2024-06-06,17.61,1,-0.017801117318435655,Trend_Break_Stop
001298,2025-06-13,21.73,2025-06-16,21.3,1,-0.02138831109065804,Trend_Break_Stop
001300,2023-12-06,22.8,2023-12-07,22.21,1,-0.027477192982456166,Trend_Break_Stop
001309,2022-09-08,58.2,2022-09-09,56.0,1,-0.03940068728522345,Trend_Break_Stop
001311,2025-06-25,20.44,2025-06-26,20.26,1,-0.010406262230919738,Maximum_Holding_Period
001314,2026-07-28,49.5,2026-07-29,48.02,1,-0.03149898989898987,Trend_Break_Stop
001316,2022-10-18,39.41,2022-10-19,37.9,1,-0.03991514843948236,Trend_Break_Stop
001317,2022-10-17,35.77,2022-10-18,40.09,1,0.11917159630975686,Maximum_Holding_Period
001319,2025-04-17,24.04,2025-04-18,24.45,1,0.01545490848585689,Maximum_Holding_Period
001324,2023-09-01,30.92,2023-09-04,30.91,1,-0.0019234152652005216,Maximum_Holding_Period
001324,2023-09-19,28.74,2023-09-20,30.15,1,0.047460542797494835,Maximum_Holding_Period
001330,2024-02-21,5.46,2024-02-22,5.66,1,0.035030036630036725,Maximum_Holding_Period
001330,2026-06-26,6.81,2026-06-29,6.469499999999999,1,-0.05160000000000004,Extreme_Risk_Stop
001331,2025-06-19,9.99,2025-06-20,10.3,1,0.029431031031031108,Trend_Break_Stop
001331,2025-08-19,12.7,2025-08-20,12.63,1,-0.007111811023621971,Trend_Break_Stop
001332,2026-07-28,29.33,2026-07-29,29.91,1,0.018174974428912406,Maximum_Holding_Period
001332,2026-07-29,29.57,2026-07-30,29.29,1,-0.011069056476158256,Trend_Break_Stop
001336,2022-08-26,32.01,2022-08-29,30.409499999999998,1,-0.05160000000000004,Extreme_Risk_Stop
001336,2025-04-16,18.25,2025-04-17,18.5,1,0.012098630136986355,Maximum_Holding_Period
001338,2022-12-28,21.15,2022-12-29,20.14,1,-0.0493541371158392,Trend_Break_Stop
001338,2024-02-22,9.85,2024-02-23,10.26,1,0.040024365482233475,Maximum_Holding_Period
001339,2024-04-25,26.5,2024-04-26,27.94,1,0.05273962264150938,Maximum_Holding_Period
001356,2025-05-08,14.92,2025-05-09,14.54,1,-0.027069168900804307,Trend_Break_Stop
001365,2026-08-06,37.5,2026-08-07,37.85,1,0.007733333333333416,Maximum_Holding_Period
001366,2024-06-13,12.39,2024-06-14,12.39,1,-0.0015999999999999999,Maximum_Holding_Period
001373,2024-02-21,28.0,2024-02-22,29.27,1,0.043757142857142876,Maximum_Holding_Period
001373,2024-04-30,29.35,2024-05-06,29.44,1,0.0014664395229982323,Maximum_Holding_Period
001376,2023-12-12,23.74,2023-12-13,23.51,1,-0.011288289806234041,Maximum_Holding_Period
001376,2026-04-09,15.65,2026-04-10,15.96,1,0.018208306709265144,Maximum_Holding_Period
001382,2026-07-06,16.26,2026-07-07,15.447000000000001,1,-0.05160000000000004,Extreme_Risk_Stop
001387,2024-02-22,19.57,2024-02-23,21.01,1,0.07198201328564129,Maximum_Holding_Period
001393,2026-07-24,43.48,2026-07-27,44.52,1,0.022319043238270542,Maximum_Holding_Period
001396,2026-01-30,44.1,2026-02-02,42.78,1,-0.03153197278911563,Trend_Break_Stop
001896,2026-07-21,14.48,2026-07-22,15.17,1,0.04605193370165744,Maximum_Holding_Period
001914,2021-02-23,18.91,2021-02-24,18.34,1,-0.031742781597038645,Trend_Break_Stop
002002,2022-05-05,3.4,2022-05-06,3.23,1,-0.05159999999999993,Extreme_Risk_Stop
002002,2023-11-03,1.4,2023-11-06,1.41,1,0.005542857142857118,Maximum_Holding_Period
002002,2024-01-05,0.92,2024-01-08,0.874,1,-0.05160000000000004,Extreme_Risk_Stop
002006,2021-10-15,17.18,2021-10-18,17.28,1,0.0042207217694994375,Maximum_Holding_Period
002009,2025-04-22,13.36,2025-04-23,13.63,1,0.01860958083832336,Maximum_Holding_Period
002013,2021-03-31,9.99,2021-04-01,10.09,1,0.008410010010010006,Maximum_Holding_Period
002015,2022-05-06,13.19,2022-05-09,14.51,1,0.0984758150113723,Maximum_Holding_Period
002015,2026-06-18,18.65,2026-06-22,17.717499999999998,1,-0.05160000000000004,Extreme_Risk_Stop
002016,2021-02-08,5.88,2021-02-09,5.79,1,-0.016906122448979554,Maximum_Holding_Period
002017,2022-05-06,9.2,2022-05-09,9.48,1,0.028834782608695698,Maximum_Holding_Period
002017,2023-07-03,13.05,2023-07-04,12.57,1,-0.038381609195402296,Trend_Break_Stop
002017,2025-09-15,27.48,2025-09-16,26.105999999999998,1,-0.05160000000000004,Extreme_Risk_Stop
002021,2024-02-22,1.66,2024-02-23,1.72,1,0.03454457831325302,Maximum_Holding_Period
002025,2026-02-05,52.67,2026-02-06,51.85,1,-0.01716863489652549,Trend_Break_Stop
002026,2022-05-06,9.08,2022-05-09,9.15,1,0.0061092511013217015,Maximum_Holding_Period
002026,2022-05-11,9.48,2022-05-12,9.91,1,0.043758649789029484,Maximum_Holding_Period
002026,2025-04-16,10.01,2025-04-17,9.84,1,-0.018583016983016964,Trend_Break_Stop
002030,2021-03-02,33.58,2021-03-03,31.900999999999996,1,-0.05160000000000004,Extreme_Risk_Stop
002031,2022-09-07,3.24,2022-09-08,3.16,1,-0.026291358024691357,Trend_Break_Stop
002031,2026-06-08,6.36,2026-06-09,6.68,1,0.04871446540880502,Maximum_Holding_Period
002036,2022-05-06,11.15,2022-05-09,11.19,1,0.0019874439461882625,Trend_Break_Stop
002036,2023-05-22,9.16,2023-05-23,8.92,1,-0.027800873362445477,Trend_Break_Stop
002039,2022-07-06,15.11,2022-07-07,16.49,1,0.08973024487094632,Maximum_Holding_Period
002041,2020-02-12,9.75,2020-02-13,10.95,1,0.12147692307692308,Maximum_Holding_Period
002041,2020-09-11,17.81,2020-09-14,18.88,1,0.05847860752386307,Maximum_Holding_Period
002041,2020-09-15,18.67,2020-09-16,18.26,1,-0.023560364220674933,Trend_Break_Stop
002042,2024-04-25,4.16,2024-04-26,4.56,1,0.09455384615384603,Maximum_Holding_Period
002045,2020-03-23,9.63,2020-03-24,9.48,1,-0.017176323987538943,Trend_Break_Stop
002045,2022-09-21,13.33,2022-09-22,12.663499999999999,1,-0.05160000000000004,Extreme_Risk_Stop
002046,2021-02-03,7.91,2021-02-04,7.5145,1,-0.05160000000000004,Extreme_Risk_Stop
002047,2022-05-10,2.92,2022-05-11,3.01,1,0.02922191780821919,Maximum_Holding_Period
002052,2023-01-31,2.03,2023-02-01,1.93,1,-0.0508610837438423,Trend_Break_Stop
002052,2023-02-14,1.92,2023-02-15,1.94,1,0.00881666666666674,Trend_Break_Stop
002052,2024-02-23,1.92,2024-02-26,2.13,1,0.107775,Maximum_Holding_Period
002052,2024-06-21,0.97,2024-06-24,0.9215,1,-0.05159999999999993,Extreme_Risk_Stop
002052,2025-09-12,15.5,2025-09-15,14.725,1,-0.05160000000000004,Extreme_Risk_Stop
002053,2022-05-06,10.59,2022-05-09,11.47,1,0.08149726156751651,Maximum_Holding_Period
002056,2020-04-03,10.54,2020-04-07,10.72,1,0.015477798861480308,Maximum_Holding_Period
002056,2026-08-07,21.66,2026-08-10,21.9,1,0.009480332409972193,Maximum_Holding_Period
002057,2026-08-06,8.4,2026-08-07,8.73,1,0.03768571428571437,Maximum_Holding_Period
002059,2022-05-17,6.61,2022-05-18,6.79,1,0.025631467473525005,Maximum_Holding_Period
002059,2024-02-21,4.66,2024-02-22,4.93,1,0.05633991416309008,Maximum_Holding_Period
002060,2021-10-20,4.89,2021-10-21,5.12,1,0.04543476482617597,Maximum_Holding_Period
002060,2022-04-19,7.16,2022-04-20,6.802,1,-0.05160000000000004,Extreme_Risk_Stop
002062,2022-05-30,6.9,2022-05-31,6.555,1,-0.05160000000000004,Extreme_Risk_Stop
002063,2020-07-23,10.84,2020-07-24,10.298,1,-0.05159999999999993,Extreme_Risk_Stop
002068,2021-03-31,7.14,2021-04-01,7.04,1,-0.01560560224089631,Trend_Break_Stop
002068,2022-05-06,8.24,2022-05-09,8.37,1,0.01417669902912615,Maximum_Holding_Period
002068,2022-10-17,13.7,2022-10-18,13.014999999999999,1,-0.05160000000000004,Extreme_Risk_Stop
002071,2020-05-07,1.81,2020-05-08,1.84,1,0.014974585635359184,Maximum_Holding_Period
002073,2022-05-05,4.74,2022-05-06,4.79,1,0.008948523206751036,Maximum_Holding_Period
002073,2022-05-06,4.8,2022-05-09,4.88,1,0.015066666666666607,Maximum_Holding_Period
002076,2025-05-23,1.99,2025-05-26,1.93,1,-0.03175075376884424,Trend_Break_Stop
002077,2022-10-13,12.15,2022-10-14,12.44,1,0.02226831275720147,Maximum_Holding_Period
002079,2021-10-19,14.61,2021-10-20,15.15,1,0.03536098562628336,Maximum_Holding_Period
002083,2020-06-02,5.09,2020-06-03,5.07,1,-0.005529273084479323,Maximum_Holding_Period
002086,2025-01-17,2.67,2025-01-20,2.62,1,-0.02032659176029956,Trend_Break_Stop
002086,2025-04-10,2.66,2025-04-11,2.66,1,-0.0015999999999999999,Maximum_Holding_Period
002086,2025-04-11,2.67,2025-04-14,2.75,1,0.028362546816479473,Maximum_Holding_Period
002088,2022-03-22,16.27,2022-03-23,16.32,1,0.001473140749846326,Maximum_Holding_Period
002090,2022-09-22,11.94,2022-09-23,12.36,1,0.03357587939698497,Maximum_Holding_Period
002090,2022-09-23,12.05,2022-09-26,11.95,1,-0.009898755186722074,Trend_Break_Stop
002090,2022-09-26,12.23,2022-09-27,12.12,1,-0.010594276369583055,Trend_Break_Stop
002091,2021-10-19,12.31,2021-10-20,12.7,1,0.030081559707554818,Maximum_Holding_Period
002093,2022-11-09,7.78,2022-11-10,7.8,1,0.0009706940874035135,Maximum_Holding_Period
002093,2025-04-16,10.65,2025-04-17,10.37,1,-0.027891079812206687,Trend_Break_Stop
002094,2022-10-20,3.6,2022-10-21,3.51,1,-0.026600000000000134,Trend_Break_Stop
002095,2022-05-06,11.7,2022-05-09,13.73,1,0.17190427350427356,Maximum_Holding_Period
002095,2023-02-03,21.71,2023-02-06,21.5,1,-0.011272961768770195,Trend_Break_Stop
002097,2020-04-08,5.83,2020-04-09,5.97,1,0.022413722126929648,Maximum_Holding_Period
002097,2025-10-13,12.6,2025-10-14,13.0,1,0.030146031746031855,Maximum_Holding_Period
002098,2022-05-09,5.83,2022-05-10,5.94,1,0.017267924528301882,Maximum_Holding_Period
002099,2023-10-31,7.11,2023-11-01,7.16,1,0.0054323488045007655,Maximum_Holding_Period
002101,2022-09-09,24.7,2022-09-13,24.23,1,-0.02062834008097165,Trend_Break_Stop
002103,2024-02-27,6.35,2024-02-28,6.0325,1,-0.05159999999999993,Extreme_Risk_Stop
002104,2022-03-17,11.68,2022-03-18,13.07,1,0.11740684931506844,Maximum_Holding_Period
002104,2022-03-21,12.8,2022-03-22,12.16,1,-0.05160000000000004,Extreme_Risk_Stop
002105,2020-02-12,6.61,2020-02-13,6.2795,1,-0.05160000000000015,Extreme_Risk_Stop
002105,2020-09-22,8.11,2020-09-23,7.7044999999999995,1,-0.05160000000000004,Extreme_Risk_Stop
002106,2025-04-15,9.31,2025-04-16,9.07,1,-0.027378732545649886,Trend_Break_Stop
002107,2022-05-10,5.61,2022-05-11,5.66,1,0.007312655971479389,Maximum_Holding_Period
002108,2020-09-16,5.03,2020-09-17,4.95,1,-0.017504572564612308,Maximum_Holding_Period
002109,2021-04-08,5.26,2021-04-09,5.05,1,-0.041523954372623524,Trend_Break_Stop
002112,2026-04-09,20.9,2026-04-10,21.1,1,0.007969377990430671,Maximum_Holding_Period
002113,2020-02-12,1.81,2020-02-13,1.73,1,-0.045798895027624305,Trend_Break_Stop
002113,2020-02-19,1.81,2020-02-20,1.79,1,-0.01264972375690605,Maximum_Holding_Period
002115,2022-10-17,4.54,2022-10-18,4.72,1,0.03804757709251088,Maximum_Holding_Period
002115,2025-04-22,7.46,2025-04-23,7.33,1,-0.019026273458445053,Maximum_Holding_Period
002116,2024-02-26,10.23,2024-02-27,10.35,1,0.010130205278592364,Maximum_Holding_Period
002118,2022-06-30,2.51,2022-07-01,2.75,1,0.09401752988047822,Maximum_Holding_Period
002119,2022-09-08,13.5,2022-09-09,13.08,1,-0.03271111111111109,Trend_Break_Stop
002122,2023-07-17,4.18,2023-07-18,3.9709999999999996,1,-0.05160000000000004,Extreme_Risk_Stop
002123,2022-05-10,9.3,2022-05-11,9.42,1,0.011303225806451423,Maximum_Holding_Period
002123,2025-03-07,18.82,2025-03-10,17.878999999999998,1,-0.05160000000000015,Extreme_Risk_Stop
002123,2026-06-17,7.72,2026-06-18,7.75,1,0.0022860103626943145,Maximum_Holding_Period
002124,2024-05-16,2.26,2024-05-17,2.32,1,0.024948672566371722,Maximum_Holding_Period
002125,2020-03-30,6.99,2020-03-31,6.6405,1,-0.05159999999999993,Extreme_Risk_Stop
002125,2021-10-13,11.48,2021-10-14,11.59,1,0.007981881533101021,Maximum_Holding_Period
002125,2022-05-06,11.0,2022-05-09,10.98,1,-0.0034181818181818297,Trend_Break_Stop
002125,2026-07-22,12.17,2026-07-23,12.23,1,0.0033301561216106295,Maximum_Holding_Period
002126,2022-09-21,12.19,2022-09-22,12.31,1,0.008244134536505455,Maximum_Holding_Period
002126,2022-09-22,12.13,2022-09-23,11.94,1,-0.01726364385820296,Trend_Break_Stop
002128,2022-05-06,14.27,2022-05-09,14.09,1,-0.01421387526278901,Trend_Break_Stop
002129,2020-03-13,16.96,2020-03-16,17.82,1,0.0491075471698113,Maximum_Holding_Period
002134,2022-05-06,8.1,2022-05-09,8.28,1,0.020622222222222143,Maximum_Holding_Period
002135,2020-06-05,8.02,2020-06-08,7.83,1,-0.025290773067331584,Trend_Break_Stop
002135,2022-04-28,8.42,2022-04-29,8.71,1,0.03284180522565321,Maximum_Holding_Period
002135,2022-05-06,8.5,2022-05-09,8.79,1,0.03251764705882337,Maximum_Holding_Period
002136,2021-10-20,18.61,2021-10-21,19.77,1,0.060732079527136044,Maximum_Holding_Period
002136,2021-10-25,19.7,2021-10-26,19.85,1,0.006014213197969733,Trend_Break_Stop
002136,2021-11-23,17.06,2021-11-24,16.79,1,-0.017426494724501706,Trend_Break_Stop
002139,2022-05-05,7.9,2022-05-06,7.94,1,0.0034632911392405335,Maximum_Holding_Period
002139,2022-05-06,7.9,2022-05-09,7.9,1,-0.0015999999999999999,Maximum_Holding_Period
002140,2021-09-13,11.95,2021-09-14,13.43,1,0.1222493723849372,Maximum_Holding_Period
002140,2022-05-06,8.52,2022-05-09,8.83,1,0.034784976525821736,Maximum_Holding_Period
002141,2022-05-05,3.72,2022-05-06,3.78,1,0.014529032258064501,Maximum_Holding_Period
002141,2022-05-06,3.76,2022-05-09,3.78,1,0.0037191489361701373,Maximum_Holding_Period
002141,2024-02-29,2.01,2024-03-01,1.97,1,-0.02150049751243772,Trend_Break_Stop
002148,2022-09-26,5.87,2022-09-27,5.5765,1,-0.05159999999999993,Extreme_Risk_Stop
002148,2024-04-19,4.64,2024-04-22,4.57,1,-0.016686206896551602,Maximum_Holding_Period
002148,2024-12-30,6.89,2024-12-31,6.61,1,-0.042238606676342445,Trend_Break_Stop
002150,2024-02-21,14.36,2024-02-22,15.57,1,0.08266183844011148,Maximum_Holding_Period
002150,2024-02-22,14.69,2024-02-23,16.0,1,0.08757631041524853,Maximum_Holding_Period
002151,2026-01-26,49.0,2026-01-27,46.55,1,-0.05160000000000004,Extreme_Risk_Stop
002154,2020-03-31,3.15,2020-04-01,2.9924999999999997,1,-0.05160000000000004,Extreme_Risk_Stop
002155,2022-05-05,9.03,2022-05-06,8.93,1,-0.012674197120708674,Maximum_Holding_Period
002155,2022-05-06,8.94,2022-05-09,8.97,1,0.001755704697986628,Trend_Break_Stop
002155,2026-03-30,29.22,2026-03-31,30.9,1,0.055894866529774094,Maximum_Holding_Period
002156,2026-08-06,56.01,2026-08-07,64.72,1,0.1539079450098198,Maximum_Holding_Period
002159,2022-05-06,8.77,2022-05-09,8.77,1,-0.0015999999999999999,Maximum_Holding_Period
002159,2022-05-16,9.08,2022-05-17,9.05,1,-0.004903964757709221,Maximum_Holding_Period
002161,2025-01-15,5.38,2025-01-16,5.59,1,0.037433457249070705,Maximum_Holding_Period
002162,2021-06-22,5.97,2021-06-23,5.88,1,-0.016675376884422066,Trend_Break_Stop
002162,2022-05-06,4.3,2022-05-09,4.48,1,0.04026046511627928,Maximum_Holding_Period
002162,2022-05-10,4.4,2022-05-11,4.51,1,0.02339999999999991,Maximum_Holding_Period
002165,2021-10-25,6.52,2021-10-26,6.67,1,0.02140613496932513,Trend_Break_Stop
002165,2021-11-01,7.6,2021-11-02,7.22,1,-0.05159999999999993,Extreme_Risk_Stop
002165,2026-06-15,7.51,2026-06-16,7.77,1,0.03302050599201061,Maximum_Holding_Period
002166,2022-04-21,9.5,2022-04-22,9.025,1,-0.05159999999999993,Extreme_Risk_Stop
002167,2021-10-20,8.84,2021-10-21,8.82,1,-0.003862443438914019,Maximum_Holding_Period
002168,2021-01-18,3.81,2021-01-19,3.95,1,0.03514540682414707,Maximum_Holding_Period
002168,2024-06-13,2.41,2024-06-14,2.37,1,-0.018197510373444036,Trend_Break_Stop
002173,2025-04-02,9.66,2025-04-03,9.43,1,-0.025409523809523837,Trend_Break_Stop
002174,2020-12-31,13.08,2021-01-04,13.6,1,0.0381553516819571,Maximum_Holding_Period
002174,2024-02-21,9.61,2024-02-22,9.97,1,0.03586097814776284,Maximum_Holding_Period
002176,2024-02-22,9.53,2024-02-23,9.97,1,0.04456998950682061,Maximum_Holding_Period
002176,2026-07-24,7.88,2026-07-27,8.02,1,0.01616649746192893,Maximum_Holding_Period
002176,2026-07-28,7.92,2026-07-29,8.21,1,0.03501616161616177,Maximum_Holding_Period
002177,2021-02-10,4.86,2021-02-18,5.09,1,0.04572510288065828,Maximum_Holding_Period
002177,2026-02-05,7.82,2026-02-06,8.15,1,0.0405994884910486,Maximum_Holding_Period
002178,2022-04-21,5.32,2022-04-22,5.054,1,-0.05160000000000004,Extreme_Risk_Stop
002179,2023-06-12,42.24,2023-06-13,41.2,1,-0.026221212121212156,Trend_Break_Stop
002180,2020-04-08,28.42,2020-04-09,32.5,1,0.14196087262491203,Maximum_Holding_Period
002181,2026-06-11,15.6,2026-06-12,14.819999999999999,1,-0.05160000000000004,Extreme_Risk_Stop
002181,2026-07-24,7.99,2026-07-27,8.08,1,0.00966408010012514,Maximum_Holding_Period
002182,2021-11-10,17.19,2021-11-11,17.51,1,0.017015474112856355,Maximum_Holding_Period
002184,2022-05-06,8.92,2022-05-09,9.09,1,0.01745829596412545,Maximum_Holding_Period
002184,2022-09-08,11.5,2022-09-09,11.22,1,-0.025947826086956515,Trend_Break_Stop
002184,2025-01-22,15.2,2025-01-23,14.44,1,-0.05159999999999993,Extreme_Risk_Stop
002184,2025-01-23,15.48,2025-01-24,14.706,1,-0.05160000000000004,Extreme_Risk_Stop
002185,2026-07-27,18.3,2026-07-28,17.385,1,-0.05159999999999993,Extreme_Risk_Stop
002187,2024-02-21,4.77,2024-02-22,4.99,1,0.04452159329140475,Maximum_Holding_Period
002189,2024-01-30,16.23,2024-01-31,15.4185,1,-0.05160000000000004,Extreme_Risk_Stop
002192,2020-03-26,16.16,2020-03-27,15.71,1,-0.029446534653465316,Trend_Break_Stop
002192,2021-03-04,39.77,2021-03-05,40.2,1,0.009212169977369778,Maximum_Holding_Period
002192,2021-10-22,126.8,2021-10-25,127.29,1,0.0022643533123028374,Trend_Break_Stop
002192,2025-12-18,49.72,2025-12-19,50.75,1,0.01911600965406284,Maximum_Holding_Period
002193,2023-01-09,10.26,2023-01-10,10.1,1,-0.017194541910331384,Trend_Break_Stop
002193,2023-02-02,9.2,2023-02-03,9.08,1,-0.01464347826086949,Trend_Break_Stop
002194,2022-05-09,8.6,2022-05-10,8.84,1,0.026306976744185962,Maximum_Holding_Period
002195,2025-01-09,3.78,2025-01-10,3.96,1,0.046019047619047675,Maximum_Holding_Period
002197,2020-04-13,8.95,2020-04-14,9.84,1,0.09784134078212307,Maximum_Holding_Period
002197,2022-03-14,12.48,2022-03-15,11.856,1,-0.05160000000000004,Extreme_Risk_Stop
002197,2022-03-15,12.46,2022-03-16,11.837,1,-0.05160000000000004,Extreme_Risk_Stop
002197,2022-05-10,8.44,2022-05-11,8.72,1,0.0315753554502372,Maximum_Holding_Period
002197,2024-04-25,7.96,2024-04-26,8.18,1,0.026038190954773822,Maximum_Holding_Period
002198,2022-05-06,4.91,2022-05-09,5.24,1,0.0656097759674135,Maximum_Holding_Period
002199,2025-04-16,5.09,2025-04-17,4.92,1,-0.03499882121807469,Trend_Break_Stop
002201,2024-02-21,5.21,2024-02-22,5.47,1,0.0483040307101728,Maximum_Holding_Period
002201,2026-06-10,10.75,2026-06-11,11.25,1,0.04491162790697683,Maximum_Holding_Period
002201,2026-06-11,10.79,2026-06-12,10.93,1,0.01137497683039861,Maximum_Holding_Period
002203,2026-07-24,18.45,2026-07-27,18.07,1,-0.022196205962059578,Trend_Break_Stop
002205,2022-05-06,12.66,2022-05-09,12.027,1,-0.05160000000000004,Extreme_Risk_Stop
002207,2022-03-21,8.72,2022-03-22,9.78,1,0.11995963302752281,Maximum_Holding_Period
002207,2024-06-12,4.08,2024-06-13,4.19,1,0.025360784313725616,Trend_Break_Stop
002207,2026-07-03,6.58,2026-07-06,6.2509999999999994,1,-0.05160000000000004,Extreme_Risk_Stop
002207,2026-07-06,6.71,2026-07-07,6.374499999999999,1,-0.05160000000000004,Extreme_Risk_Stop
002207,2026-07-27,5.16,2026-07-28,5.31,1,0.027469767441860294,Maximum_Holding_Period
002208,2020-09-17,11.75,2020-09-18,12.16,1,0.03329361702127658,Maximum_Holding_Period
002208,2022-05-06,7.52,2022-05-09,7.55,1,0.002389361702127603,Maximum_Holding_Period
002208,2026-04-15,12.4,2026-04-16,12.36,1,-0.004825806451612967,Maximum_Holding_Period
002208,2026-06-23,17.61,2026-06-24,16.729499999999998,1,-0.05160000000000004,Extreme_Risk_Stop
002209,2025-01-10,9.05,2025-01-13,8.5975,1,-0.05160000000000004,Extreme_Risk_Stop
002210,2020-08-31,2.01,2020-09-01,1.9094999999999998,1,-0.05160000000000004,Extreme_Risk_Stop
002210,2022-05-06,2.55,2022-05-09,2.6,1,0.018007843137255054,Maximum_Holding_Period
002211,2024-04-02,3.97,2024-04-03,3.83,1,-0.03686448362720402,Trend_Break_Stop
002217,2026-07-07,1.82,2026-07-08,1.7289999999999999,1,-0.05160000000000015,Extreme_Risk_Stop
002218,2022-05-10,4.0,2022-05-11,4.22,1,0.05339999999999994,Maximum_Holding_Period
002232,2022-05-06,11.33,2022-05-09,12.1,1,0.06636116504854365,Maximum_Holding_Period
002232,2022-05-10,11.9,2022-05-11,12.27,1,0.029492436974789805,Maximum_Holding_Period
002234,2020-02-10,24.65,2020-02-11,26.15,1,0.05925192697768771,Maximum_Holding_Period
002235,2022-02-10,6.52,2022-02-11,6.57,1,0.006068711656441785,Maximum_Holding_Period
002235,2022-05-11,4.46,2022-05-12,4.51,1,0.009610762331838486,Maximum_Holding_Period
002237,2020-03-23,11.88,2020-03-24,13.08,1,0.09941010101010099,Maximum_Holding_Period
002239,2020-07-30,5.61,2020-07-31,5.41,1,-0.037250623885917995,Trend_Break_Stop
002240,2021-03-04,22.4,2021-03-05,21.279999999999998,1,-0.05160000000000004,Extreme_Risk_Stop
002241,2020-04-02,17.29,2020-04-03,18.52,1,0.06953938692886057,Maximum_Holding_Period
002241,2021-02-19,33.16,2021-02-22,35.03,1,0.05479324487334152,Maximum_Holding_Period
002241,2022-11-17,18.9,2022-11-18,18.48,1,-0.023822222222222144,Trend_Break_Stop
002245,2026-06-17,20.74,2026-06-18,19.702999999999996,1,-0.05160000000000015,Extreme_Risk_Stop
002245,2026-08-05,16.21,2026-08-06,16.99,1,0.04651844540407151,Maximum_Holding_Period
002246,2022-05-06,8.1,2022-05-09,8.67,1,0.06877037037037041,Maximum_Holding_Period
002246,2022-05-10,8.5,2022-05-11,8.49,1,-0.002776470588235223,Trend_Break_Stop
002248,2021-10-18,9.85,2021-10-19,10.86,1,0.10093807106598977,Maximum_Holding_Period
002248,2021-10-19,10.11,2021-10-20,10.85,1,0.0715948565776459,Maximum_Holding_Period
002248,2022-05-06,6.1,2022-05-09,6.54,1,0.0705311475409836,Maximum_Holding_Period
002248,2025-04-16,7.57,2025-04-17,7.37,1,-0.028020079260237817,Trend_Break_Stop
002251,2022-05-30,8.01,2022-05-31,7.6095,1,-0.05160000000000004,Extreme_Risk_Stop
002251,2023-09-04,4.72,2023-09-05,4.74,1,0.002637288135593209,Maximum_Holding_Period
002251,2025-05-16,5.62,2025-05-19,6.06,1,0.07669181494661918,Maximum_Holding_Period
002251,2025-05-19,5.72,2025-05-20,6.04,1,0.05434405594405605,Maximum_Holding_Period
002255,2020-03-20,4.32,2020-03-23,4.104,1,-0.05160000000000004,Extreme_Risk_Stop
002255,2020-05-13,2.8,2020-05-14,2.86,1,0.01982857142857135,Maximum_Holding_Period
002255,2020-05-14,2.82,2020-05-15,2.85,1,0.009038297872340496,Maximum_Holding_Period
002255,2022-05-06,4.23,2022-05-09,4.34,1,0.024404728132387633,Maximum_Holding_Period
002256,2022-01-25,3.91,2022-01-26,3.7145,1,-0.05160000000000004,Extreme_Risk_Stop
002256,2022-02-14,3.65,2022-02-15,3.63,1,-0.007079452054794498,Trend_Break_Stop
002261,2020-03-23,9.7,2020-03-24,10.93,1,0.1252041237113402,Maximum_Holding_Period
002263,2026-07-24,2.79,2026-07-27,2.84,1,0.016321146953404853,Maximum_Holding_Period
002265,2022-01-13,23.0,2022-01-14,21.849999999999998,1,-0.05160000000000004,Extreme_Risk_Stop
002265,2022-06-29,16.5,2022-06-30,15.674999999999999,1,-0.05160000000000004,Extreme_Risk_Stop
002265,2022-10-18,13.0,2022-10-19,12.83,1,-0.014676923076923098,Trend_Break_Stop
002265,2024-12-26,20.7,2024-12-27,23.5,1,0.13366570048309173,Maximum_Holding_Period
002268,2022-05-06,31.5,2022-05-09,30.95,1,-0.01906031746031751,Trend_Break_Stop
002269,2021-01-18,1.31,2021-01-19,1.43,1,0.09000305343511443,Maximum_Holding_Period
002269,2021-02-19,1.2,2021-02-22,1.33,1,0.10673333333333339,Maximum_Holding_Period
002269,2021-05-12,2.89,2021-05-13,2.92,1,0.008780622837370178,Maximum_Holding_Period
002269,2021-07-14,3.39,2021-07-15,3.4,1,0.001349852507374562,Trend_Break_Stop
002272,2021-01-15,4.9,2021-01-18,5.0,1,0.018808163265306144,Maximum_Holding_Period
002272,2021-01-18,4.93,2021-01-19,5.05,1,0.022740770791074994,Maximum_Holding_Period
002272,2022-09-09,7.99,2022-09-13,7.5905,1,-0.05160000000000004,Extreme_Risk_Stop
002272,2022-10-17,6.65,2022-10-18,6.9,1,0.03599398496240607,Maximum_Holding_Period
002272,2025-01-10,8.4,2025-01-13,7.9799999999999995,1,-0.05160000000000004,Extreme_Risk_Stop
002277,2025-01-10,5.29,2025-01-13,5.0255,1,-0.05160000000000004,Extreme_Risk_Stop
002278,2022-05-16,4.79,2022-05-17,4.88,1,0.017189144050104455,Maximum_Holding_Period
002278,2022-10-14,5.05,2022-10-17,5.19,1,0.026122772277227747,Maximum_Holding_Period
002278,2026-03-27,11.55,2026-03-30,11.96,1,0.033897835497835475,Maximum_Holding_Period
002280,2020-02-25,3.35,2020-02-26,3.41,1,0.016310447761193992,Maximum_Holding_Period
002280,2020-07-10,1.4,2020-07-13,1.42,1,0.012685714285714234,Maximum_Holding_Period
002280,2022-05-06,3.39,2022-05-09,3.53,1,0.03969793510324476,Maximum_Holding_Period
002282,2022-10-17,6.97,2022-10-18,7.17,1,0.027094404591104838,Maximum_Holding_Period
002286,2020-04-08,8.43,2020-04-09,8.4,1,-0.005158718861209842,Maximum_Holding_Period
002288,2022-05-06,4.5,2022-05-09,4.64,1,0.02951111111111109,Maximum_Holding_Period
002289,2022-05-05,4.8,2022-05-06,4.81,1,0.00048333333333321505,Maximum_Holding_Period
002289,2022-10-17,7.0,2022-10-18,8.05,1,0.14840000000000014,Maximum_Holding_Period
002289,2024-04-29,3.61,2024-04-30,3.55,1,-0.018220498614958513,Trend_Break_Stop
002290,2026-08-11,59.4,2026-08-12,62.36,1,0.048231649831649785,Maximum_Holding_Period
002292,2020-12-31,6.12,2021-01-04,6.21,1,0.013105882352941123,Maximum_Holding_Period
002292,2022-06-17,4.53,2022-06-20,4.54,1,0.0006075055187638083,Maximum_Holding_Period
002292,2023-05-30,8.46,2023-05-31,8.63,1,0.01849456264775422,Maximum_Holding_Period
002295,2024-05-08,6.53,2024-05-09,6.56,1,0.0029941807044409534,Maximum_Holding_Period
002296,2022-11-10,8.75,2022-11-11,8.88,1,0.013257142857142901,Trend_Break_Stop
002298,2025-09-16,10.06,2025-09-17,10.32,1,0.024244930417495026,Maximum_Holding_Period
002300,2026-01-09,9.61,2026-01-12,10.03,1,0.042104474505723126,Maximum_Holding_Period
002301,2022-05-06,5.58,2022-05-09,5.76,1,0.030658064516129003,Maximum_Holding_Period
002306,2022-05-06,2.84,2022-05-09,2.84,1,-0.0015999999999999999,Maximum_Holding_Period
002306,2024-05-07,3.17,2024-05-08,3.23,1,0.017327444794952785,Maximum_Holding_Period
002307,2022-05-06,5.45,2022-05-09,5.54,1,0.014913761467889853,Trend_Break_Stop
002307,2022-10-17,5.0,2022-10-18,5.17,1,0.03240000000000003,Maximum_Holding_Period
002308,2020-04-21,5.84,2020-04-22,5.99,1,0.024084931506849473,Maximum_Holding_Period
002308,2022-05-06,3.33,2022-05-09,3.5,1,0.049451051051051124,Maximum_Holding_Period
002308,2022-05-10,3.47,2022-05-11,3.5,1,0.007045533141210304,Maximum_Holding_Period
002308,2024-04-30,1.97,2024-07-09,1.8715,1,-0.05160000000000004,Extreme_Risk_Stop
002310,2026-04-27,2.93,2026-04-28,3.02,1,0.029116723549488067,Maximum_Holding_Period
002312,2021-10-20,14.2,2021-10-21,16.05,1,0.12868169014084524,Maximum_Holding_Period
002313,2022-06-06,5.98,2022-06-07,5.76,1,-0.03838929765886296,Trend_Break_Stop
002313,2023-05-23,7.51,2023-05-24,7.57,1,0.006389347536617952,Maximum_Holding_Period
002313,2024-04-25,8.18,2024-04-26,8.85,1,0.08030709046454758,Maximum_Holding_Period
002316,2022-03-14,5.46,2022-03-15,5.186999999999999,1,-0.05160000000000015,Extreme_Risk_Stop
002316,2022-09-29,3.1,2022-09-30,3.02,1,-0.027406451612903292,Maximum_Holding_Period
002317,2022-12-12,30.35,2022-12-13,29.7,1,-0.023016803953871578,Trend_Break_Stop
002319,2024-02-22,9.9,2024-02-23,10.3,1,0.038804040404040445,Maximum_Holding_Period
002323,2024-06-04,1.14,2024-06-05,1.24,1,0.08611929824561408,Maximum_Holding_Period
002323,2025-01-15,1.68,2025-01-16,1.73,1,0.028161904761904877,Maximum_Holding_Period
002323,2025-01-16,1.67,2025-01-17,1.68,1,0.004388023952095745,Maximum_Holding_Period
002324,2021-06-10,13.4,2021-06-11,13.33,1,-0.006823880597014951,Maximum_Holding_Period
002324,2026-07-30,8.89,2026-07-31,9.1,1,0.022022047244094446,Maximum_Holding_Period
002326,2020-03-23,12.7,2020-03-24,12.065,1,-0.05159999999999993,Extreme_Risk_Stop
002326,2025-12-18,23.2,2025-12-19,22.04,1,-0.05160000000000004,Extreme_Risk_Stop
002328,2020-03-26,5.62,2020-03-27,5.54,1,-0.015834875444839924,Maximum_Holding_Period
002328,2025-04-15,5.21,2025-04-16,5.13,1,-0.016955086372360827,Trend_Break_Stop
002329,2022-09-09,7.91,2022-09-13,7.5145,1,-0.05160000000000004,Extreme_Risk_Stop
002329,2022-09-28,7.58,2022-09-29,7.201,1,-0.05160000000000004,Extreme_Risk_Stop
002329,2024-06-13,3.06,2024-06-14,3.01,1,-0.017939869281045805,Trend_Break_Stop
002330,2022-03-02,7.91,2022-03-03,7.93,1,0.0009284450063209897,Maximum_Holding_Period
002330,2022-05-10,7.4,2022-05-11,7.41,1,-0.00024864864864877333,Trend_Break_Stop
002330,2024-02-21,3.96,2024-02-22,4.16,1,0.04890505050505061,Maximum_Holding_Period
002331,2022-05-06,6.0,2022-05-09,6.14,1,0.021733333333333205,Maximum_Holding_Period
002334,2022-09-21,8.55,2022-09-22,8.74,1,0.020622222222222143,Maximum_Holding_Period
002336,2023-02-03,14.04,2023-02-06,13.338,1,-0.05160000000000004,Extreme_Risk_Stop
002338,2026-08-06,41.16,2026-08-07,42.45,1,0.029741107871720285,Maximum_Holding_Period
002341,2020-04-08,6.43,2020-04-09,6.46,1,0.003065629860031162,Maximum_Holding_Period
002341,2024-05-06,2.73,2024-05-07,2.5934999999999997,1,-0.05160000000000015,Extreme_Risk_Stop
002342,2021-02-23,4.02,2021-02-24,4.16,1,0.033225870646766346,Maximum_Holding_Period
002342,2026-03-30,12.32,2026-03-31,14.4,1,0.16723116883116879,Maximum_Holding_Period
002347,2022-07-22,4.79,2022-07-25,5.05,1,0.052679749478079345,Maximum_Holding_Period
002347,2022-07-28,5.22,2022-07-29,5.25,1,0.004147126436781658,Maximum_Holding_Period
002348,2020-10-14,2.82,2020-10-15,2.72,1,-0.037060992907801245,Trend_Break_Stop
002348,2021-04-30,2.37,2021-05-06,2.2515,1,-0.05160000000000004,Extreme_Risk_Stop
002348,2021-06-21,2.63,2021-06-22,2.61,1,-0.00920456273764254,Trend_Break_Stop
002348,2022-07-26,2.41,2022-07-27,2.47,1,0.023296265560165886,Maximum_Holding_Period
002348,2025-04-11,3.06,2025-04-14,3.16,1,0.03107973856209161,Maximum_Holding_Period
002349,2022-02-24,14.75,2022-02-25,14.0125,1,-0.05160000000000004,Extreme_Risk_Stop
002354,2025-01-17,6.26,2025-01-20,5.99,1,-0.04473099041533541,Trend_Break_Stop
002355,2025-04-16,5.82,2025-04-17,5.66,1,-0.029091408934707918,Trend_Break_Stop
002356,2020-05-22,1.13,2020-05-25,1.0735,1,-0.05160000000000004,Extreme_Risk_Stop
002359,2020-02-12,1.91,2020-02-13,1.85,1,-0.033013612565444946,Trend_Break_Stop
002361,2026-01-26,12.27,2026-01-27,11.6565,1,-0.05160000000000004,Extreme_Risk_Stop
002361,2026-01-30,12.15,2026-02-02,11.65,1,-0.04275226337448563,Trend_Break_Stop
002361,2026-06-30,14.38,2026-07-01,14.93,1,0.036647566063977614,Maximum_Holding_Period
002361,2026-07-02,14.7,2026-07-03,14.21,1,-0.03493333333333321,Trend_Break_Stop
002362,2023-01-12,17.39,2023-01-13,16.8,1,-0.03552754456584246,Trend_Break_Stop
002363,2021-01-19,5.96,2021-01-20,5.97,1,7.785234899331406e-05,Maximum_Holding_Period
002363,2025-04-16,6.44,2025-04-17,6.35,1,-0.015575155279503216,Trend_Break_Stop
002364,2020-09-17,10.66,2020-09-18,10.68,1,0.000276172607879978,Maximum_Holding_Period
002364,2025-04-03,15.15,2025-04-07,14.3925,1,-0.05160000000000004,Extreme_Risk_Stop
002364,2025-04-07,13.98,2025-04-08,13.281,1,-0.05159999999999993,Extreme_Risk_Stop
002366,2021-11-03,4.35,2021-11-04,4.48,1,0.028285057471264575,Maximum_Holding_Period
002366,2022-04-18,4.91,2022-04-19,5.53,1,0.12467291242362526,Maximum_Holding_Period
002368,2020-07-23,34.0,2020-07-24,32.3,1,-0.05160000000000004,Extreme_Risk_Stop
002369,2022-08-15,5.5,2022-08-16,6.0,1,0.08930909090909082,Maximum_Holding_Period
002369,2022-08-18,5.8,2022-08-19,5.93,1,0.020813793103448264,Maximum_Holding_Period
002370,2020-02-26,7.43,2020-02-27,7.0584999999999996,1,-0.05160000000000004,Extreme_Risk_Stop
002370,2022-04-22,5.71,2022-04-25,5.4245,1,-0.05159999999999993,Extreme_Risk_Stop
002370,2022-05-05,4.76,2022-05-06,5.1,1,0.06982857142857139,Maximum_Holding_Period
002370,2022-05-06,4.99,2022-05-09,5.3,1,0.06052424849699394,Maximum_Holding_Period
002371,2022-10-20,238.0,2022-10-21,262.62,1,0.10184537815126053,Maximum_Holding_Period
002374,2022-01-19,8.5,2022-01-20,8.075,1,-0.05160000000000004,Extreme_Risk_Stop
002374,2022-05-12,3.98,2022-05-13,4.14,1,0.03860100502512558,Maximum_Holding_Period
002377,2022-05-10,2.55,2022-05-11,2.9,1,0.13565490196078428,Maximum_Holding_Period
002377,2022-05-11,2.63,2022-05-12,2.76,1,0.047829657794676676,Maximum_Holding_Period
002377,2023-08-30,3.09,2023-08-31,2.9354999999999998,1,-0.05160000000000004,Extreme_Risk_Stop
002378,2020-10-13,5.28,2020-10-14,5.12,1,-0.03190303030303027,Trend_Break_Stop
002378,2020-10-14,5.31,2020-10-15,5.11,1,-0.03926478342749513,Trend_Break_Stop
002383,2022-05-06,5.8,2022-05-09,5.94,1,0.022537931034482917,Maximum_Holding_Period
002384,2024-11-28,26.27,2024-11-29,25.64,1,-0.025581728207080334,Maximum_Holding_Period
002384,2025-04-28,25.01,2025-04-29,24.89,1,-0.006398080767692947,Maximum_Holding_Period
002386,2021-10-20,12.8,2021-10-21,13.79,1,0.07574374999999982,Maximum_Holding_Period
002386,2022-08-02,8.48,2022-08-03,8.82,1,0.03849433962264142,Maximum_Holding_Period
002387,2022-10-13,5.67,2022-10-14,5.92,1,0.04249171075837737,Maximum_Holding_Period
002390,2022-05-05,4.65,2022-05-06,4.78,1,0.026356989247311714,Maximum_Holding_Period
002390,2022-05-06,4.7,2022-05-09,4.86,1,0.032442553191489414,Maximum_Holding_Period
002392,2021-10-22,4.61,2021-10-25,4.77,1,0.03310715835140981,Maximum_Holding_Period
002392,2021-10-27,4.78,2021-10-28,4.541,1,-0.05159999999999993,Extreme_Risk_Stop
002395,2026-06-08,15.14,2026-06-09,14.383,1,-0.05160000000000004,Extreme_Risk_Stop
002400,2020-07-23,9.51,2020-07-24,9.0345,1,-0.05160000000000004,Extreme_Risk_Stop
002402,2022-05-06,13.3,2022-05-09,13.24,1,-0.006111278195488799,Trend_Break_Stop
002409,2022-10-21,56.0,2022-10-24,56.91,1,0.014649999999999875,Maximum_Holding_Period
002409,2026-07-29,160.0,2026-07-30,152.0,1,-0.05160000000000004,Extreme_Risk_Stop
002410,2021-03-19,61.3,2021-03-22,62.01,1,0.009982381729200674,Maximum_Holding_Period
002411,2022-02-09,8.88,2022-02-10,8.99,1,0.010787387387387427,Trend_Break_Stop
002411,2022-07-01,6.22,2022-07-04,5.91,1,-0.05143922829581988,Trend_Break_Stop
002411,2022-10-19,8.4,2022-10-20,7.9799999999999995,1,-0.05160000000000004,Extreme_Risk_Stop
002412,2022-05-06,5.71,2022-05-09,6.05,1,0.057944658493870364,Maximum_Holding_Period
002413,2020-04-03,6.9,2020-04-07,7.42,1,0.07376231884057964,Maximum_Holding_Period
002413,2026-02-05,13.89,2026-02-06,15.37,1,0.10495147588192925,Maximum_Holding_Period
002413,2026-02-06,14.26,2026-02-09,15.4,1,0.07834389901823284,Maximum_Holding_Period
002413,2026-02-10,14.99,2026-02-11,14.240499999999999,1,-0.05160000000000004,Extreme_Risk_Stop
002413,2026-07-28,7.85,2026-07-29,7.93,1,0.008591082802547768,Maximum_Holding_Period
002416,2024-11-21,16.0,2024-11-22,15.2,1,-0.05160000000000004,Extreme_Risk_Stop
002417,2020-04-08,6.57,2020-04-09,7.0,1,0.06384901065449004,Maximum_Holding_Period
002418,2026-06-17,4.35,2026-06-18,4.24,1,-0.026887356321838984,Trend_Break_Stop
002418,2026-07-24,3.3,2026-07-27,3.4,1,0.028703030303030275,Maximum_Holding_Period
002419,2025-01-17,4.9,2025-01-20,4.99,1,0.016767346938775508,Maximum_Holding_Period
002420,2022-05-06,4.83,2022-05-09,5.12,1,0.0584414078674949,Maximum_Holding_Period
002424,2024-06-11,3.62,2024-06-12,3.8,1,0.048123756906077335,Maximum_Holding_Period
002425,2022-02-10,7.47,2022-02-11,7.28,1,-0.027035073627844696,Trend_Break_Stop
002425,2022-02-11,7.54,2022-02-14,7.162999999999999,1,-0.05160000000000004,Extreme_Risk_Stop
002425,2024-10-09,2.11,2024-10-10,2.0044999999999997,1,-0.05160000000000004,Extreme_Risk_Stop
002426,2020-02-11,1.8,2020-02-12,1.84,1,0.020622222222222143,Maximum_Holding_Period
002426,2026-04-09,3.56,2026-04-10,3.56,1,-0.0015999999999999999,Maximum_Holding_Period
002428,2022-05-06,9.85,2022-05-09,10.1,1,0.02378071065989844,Maximum_Holding_Period
002429,2020-03-23,4.59,2020-03-24,4.3605,1,-0.05159999999999993,Extreme_Risk_Stop
002431,2025-01-17,2.08,2025-01-20,2.03,1,-0.025638461538461676,Trend_Break_Stop
002432,2020-03-31,9.58,2020-04-01,9.100999999999999,1,-0.05160000000000015,Extreme_Risk_Stop
002432,2022-02-09,58.87,2022-02-10,65.1,1,0.1042263971462543,Maximum_Holding_Period
002432,2022-02-10,60.0,2022-02-11,59.07,1,-0.01709999999999996,Trend_Break_Stop
002432,2022-02-11,59.0,2022-02-14,56.05,1,-0.05160000000000004,Extreme_Risk_Stop
002433,2021-11-01,5.55,2021-11-02,5.3,1,-0.046645045045045026,Trend_Break_Stop
002435,2022-05-06,4.82,2022-05-09,5.14,1,0.0647900414937757,Maximum_Holding_Period
002437,2022-05-05,2.44,2022-05-06,2.48,1,0.014793442622950837,Maximum_Holding_Period
002438,2021-10-21,14.13,2021-10-22,13.56,1,-0.041939702760084914,Trend_Break_Stop
002438,2022-05-12,12.16,2022-05-13,12.91,1,0.06007763157894735,Maximum_Holding_Period
002438,2022-10-17,11.08,2022-10-18,11.19,1,0.008327797833934936,Maximum_Holding_Period
002442,2022-05-05,4.46,2022-05-06,4.52,1,0.011852914798206094,Maximum_Holding_Period
002442,2022-05-06,4.45,2022-05-09,4.59,1,0.029860674157303358,Maximum_Holding_Period
002444,2022-04-27,14.33,2022-04-28,14.31,1,-0.0029956734124214164,Maximum_Holding_Period
002447,2020-04-10,1.98,2020-04-13,1.881,1,-0.05159999999999993,Extreme_Risk_Stop
002449,2025-02-11,10.9,2025-02-12,11.08,1,0.014913761467889853,Maximum_Holding_Period
002451,2025-12-04,11.01,2025-12-05,10.459499999999998,1,-0.05160000000000015,Extreme_Risk_Stop
002452,2022-05-06,5.61,2022-05-09,5.63,1,0.0019650623885916667,Maximum_Holding_Period
002454,2022-09-21,8.0,2022-09-22,7.99,1,-0.002849999999999973,Maximum_Holding_Period
002454,2022-09-22,8.02,2022-09-23,7.76,1,-0.03401895261845384,Trend_Break_Stop
002455,2021-10-15,15.62,2021-10-18,15.73,1,0.005442253521126751,Maximum_Holding_Period
002455,2021-10-21,16.31,2021-10-22,16.69,1,0.021698589822195125,Maximum_Holding_Period
002455,2024-06-12,10.32,2024-06-13,10.49,1,0.014872868217054292,Maximum_Holding_Period
002456,2020-04-03,14.43,2020-04-07,14.66,1,0.014339015939016032,Maximum_Holding_Period
002456,2021-02-23,11.01,2021-02-24,11.06,1,0.002941326067211582,Maximum_Holding_Period
002456,2024-12-09,14.16,2024-12-10,13.77,1,-0.02914237288135597,Trend_Break_Stop
002458,2020-02-10,23.5,2020-02-11,25.41,1,0.07967659574468082,Maximum_Holding_Period
002459,2024-07-15,10.37,2024-07-16,10.45,1,0.006114561234329898,Maximum_Holding_Period
002460,2020-04-02,41.22,2020-04-03,41.51,1,0.005435419699175094,Maximum_Holding_Period
002460,2021-03-04,104.22,2021-03-05,99.009,1,-0.05159999999999993,Extreme_Risk_Stop
002460,2021-03-18,102.09,2021-03-19,96.9855,1,-0.05160000000000004,Extreme_Risk_Stop
002464,2020-05-11,6.62,2020-05-12,6.45,1,-0.027279758308157053,Trend_Break_Stop
002464,2021-04-19,2.71,2021-04-20,2.63,1,-0.031120295202952074,Trend_Break_Stop
002466,2026-07-17,48.45,2026-07-20,46.0275,1,-0.05159999999999993,Extreme_Risk_Stop
002466,2026-07-24,45.01,2026-07-27,45.21,1,0.0028434570095535088,Maximum_Holding_Period
002467,2022-05-06,3.53,2022-05-09,3.71,1,0.04939150141643061,Maximum_Holding_Period
002467,2022-05-10,3.66,2022-05-11,3.72,1,0.014793442622950837,Maximum_Holding_Period
002467,2022-12-01,5.46,2022-12-02,5.51,1,0.007557509157509125,Maximum_Holding_Period
002469,2022-09-08,8.19,2022-09-09,7.780499999999999,1,-0.05160000000000004,Extreme_Risk_Stop
002473,2020-02-10,7.06,2020-02-11,7.19,1,0.016813597733711206,Maximum_Holding_Period
002474,2022-05-10,5.41,2022-05-11,5.47,1,0.00949057301293892,Maximum_Holding_Period
002481,2022-05-06,7.39,2022-05-09,7.83,1,0.05793991880920162,Maximum_Holding_Period
002482,2022-05-06,2.25,2022-05-09,2.39,1,0.06062222222222218,Maximum_Holding_Period
002483,2020-04-08,5.0,2020-04-09,5.09,1,0.016400000000000015,Maximum_Holding_Period
002483,2022-05-06,5.21,2022-05-09,5.28,1,0.011835700575815889,Maximum_Holding_Period
002484,2022-04-20,17.96,2022-04-21,17.062,1,-0.05159999999999993,Extreme_Risk_Stop
002485,2024-04-30,2.5,2024-05-06,2.51,1,0.0024000000000000037,Maximum_Holding_Period
002488,2024-11-20,9.98,2024-11-21,10.71,1,0.07154629258517047,Maximum_Holding_Period
002490,2025-06-05,4.08,2025-06-06,4.08,1,-0.0015999999999999999,Maximum_Holding_Period
002491,2025-01-17,4.49,2025-01-20,4.54,1,0.009535857461024522,Maximum_Holding_Period
002493,2026-03-30,11.97,2026-03-31,12.0,1,0.0009062656641603455,Maximum_Holding_Period
002496,2024-02-21,1.38,2024-02-22,1.54,1,0.11434202898550731,Maximum_Holding_Period
002497,2020-04-02,7.44,2020-04-03,7.45,1,-0.00025591397849473573,Maximum_Holding_Period
002497,2021-02-19,21.5,2021-02-22,21.95,1,0.019330232558139527,Maximum_Holding_Period
002497,2026-07-24,17.5,2026-07-27,17.73,1,0.011542857142857122,Maximum_Holding_Period
002499,2022-09-14,4.22,2022-09-15,4.71,1,0.11451374407582952,Maximum_Holding_Period
002501,2024-06-17,1.1,2024-06-18,1.09,1,-0.01069090909090915,Maximum_Holding_Period
002501,2024-11-29,1.69,2024-12-02,1.88,1,0.11082603550295848,Maximum_Holding_Period
002501,2024-12-02,1.7,2024-12-03,1.95,1,0.1454588235294117,Maximum_Holding_Period
002501,2026-07-02,1.29,2026-07-03,1.39,1,0.07591937984496115,Maximum_Holding_Period
002502,2020-02-10,2.71,2020-02-11,2.68,1,-0.012670110701106973,Maximum_Holding_Period
002502,2020-05-08,2.87,2020-05-11,2.99,1,0.040211846689895574,Maximum_Holding_Period
002502,2024-04-26,1.58,2024-04-29,1.501,1,-0.05160000000000015,Extreme_Risk_Stop
002503,2020-03-19,4.06,2020-03-20,3.8569999999999993,1,-0.05160000000000004,Extreme_Risk_Stop
002503,2020-05-14,3.26,2020-05-15,3.11,1,-0.04761226993865026,Trend_Break_Stop
002506,2022-05-09,2.75,2022-05-10,2.88,1,0.045672727272727136,Maximum_Holding_Period
002510,2025-06-12,6.91,2025-06-13,6.83,1,-0.01317742402315487,Trend_Break_Stop
002512,2026-03-27,3.94,2026-03-30,3.94,1,-0.0015999999999999999,Trend_Break_Stop
002513,2022-05-06,4.16,2022-05-09,4.47,1,0.07291923076923061,Maximum_Holding_Period
002513,2025-11-06,8.2,2025-11-07,8.83,1,0.07522926829268299,Maximum_Holding_Period
002514,2022-08-30,12.74,2022-08-31,12.103,1,-0.05160000000000004,Extreme_Risk_Stop
002515,2026-07-28,8.19,2026-07-29,7.780499999999999,1,-0.05160000000000004,Extreme_Risk_Stop
002515,2026-08-05,6.68,2026-08-06,7.11,1,0.06277125748503014,Maximum_Holding_Period
002518,2021-09-16,29.0,2021-09-17,27.549999999999997,1,-0.05160000000000004,Extreme_Risk_Stop
002518,2022-05-06,14.16,2022-05-09,14.42,1,0.01676158192090398,Maximum_Holding_Period
002519,2022-06-23,4.31,2022-06-24,4.57,1,0.058724825986079136,Maximum_Holding_Period
002519,2026-02-05,8.11,2026-02-06,9.52,1,0.1722594327990135,Maximum_Holding_Period
002519,2026-02-06,8.42,2026-02-09,9.43,1,0.11835249406175778,Maximum_Holding_Period
002520,2025-01-09,5.63,2025-01-10,5.91,1,0.04813357015985802,Maximum_Holding_Period
002523,2024-02-21,2.71,2024-02-22,2.77,1,0.020540221402213944,Maximum_Holding_Period
002523,2025-01-13,3.21,2025-01-14,3.4,1,0.05759003115264787,Maximum_Holding_Period
002524,2020-12-07,14.17,2020-12-08,13.4615,1,-0.05160000000000004,Extreme_Risk_Stop
002527,2026-07-28,10.22,2026-07-29,10.65,1,0.04047436399217213,Maximum_Holding_Period
002528,2022-08-02,3.85,2022-08-03,3.68,1,-0.04575584415584417,Trend_Break_Stop
002528,2022-11-03,4.75,2022-11-04,4.5125,1,-0.05159999999999993,Extreme_Risk_Stop
002529,2020-02-11,5.2,2020-02-12,5.24,1,0.006092307692307665,Maximum_Holding_Period
002529,2020-04-01,7.5,2020-04-02,7.125,1,-0.05160000000000004,Extreme_Risk_Stop
002529,2022-05-06,11.38,2022-05-09,11.94,1,0.04760913884007017,Maximum_Holding_Period
002529,2022-05-10,11.82,2022-05-11,12.79,1,0.0804642978003383,Maximum_Holding_Period
002529,2025-04-17,6.41,2025-04-18,6.0895,1,-0.05160000000000004,Extreme_Risk_Stop
002529,2025-05-08,5.36,2025-05-09,5.84,1,0.08795223880596996,Maximum_Holding_Period
002530,2022-05-11,6.48,2022-05-12,6.99,1,0.07710370370370372,Maximum_Holding_Period
002530,2025-01-03,9.63,2025-01-06,9.1485,1,-0.05160000000000004,Extreme_Risk_Stop
002530,2025-01-06,9.68,2025-01-07,10.7,1,0.1037719008264462,Maximum_Holding_Period
002530,2025-01-07,9.92,2025-01-08,10.55,1,0.061908064516129006,Maximum_Holding_Period
002531,2022-05-05,9.51,2022-05-06,9.43,1,-0.010012197686645696,Trend_Break_Stop
002531,2026-07-24,6.28,2026-07-27,6.32,1,0.004769426751592355,Maximum_Holding_Period
002534,2021-10-21,18.8,2021-10-22,18.08,1,-0.039897872340425695,Trend_Break_Stop
002534,2021-10-28,19.95,2021-10-29,20.44,1,0.022961403508772005,Maximum_Holding_Period
002537,2020-05-12,6.34,2020-05-13,6.25,1,-0.015795583596214535,Trend_Break_Stop
002537,2022-05-11,7.87,2022-05-12,7.92,1,0.004753240152477735,Maximum_Holding_Period
002537,2022-05-12,7.97,2022-05-13,7.89,1,-0.011637641154328703,Maximum_Holding_Period
002537,2022-10-12,7.71,2022-10-13,8.05,1,0.04249857328145273,Maximum_Holding_Period
002537,2025-05-15,7.31,2025-05-16,7.06,1,-0.03579972640218882,Trend_Break_Stop
002539,2021-10-20,15.2,2021-10-21,16.83,1,0.10563684210526318,Maximum_Holding_Period
002542,2024-02-27,2.14,2024-02-28,2.09,1,-0.02496448598130858,Trend_Break_Stop
002542,2025-01-10,3.66,2025-01-13,3.477,1,-0.05160000000000004,Extreme_Risk_Stop
002545,2022-05-05,11.05,2022-05-06,11.98,1,0.08256289592760173,Maximum_Holding_Period
002547,2021-07-13,4.47,2021-07-14,4.26,1,-0.04857986577181212,Trend_Break_Stop
002547,2025-01-17,4.58,2025-01-20,4.52,1,-0.01470043668122285,Trend_Break_Stop
002547,2026-07-10,2.44,2026-07-13,2.36,1,-0.03438688524590167,Trend_Break_Stop
002547,2026-07-27,2.02,2026-07-28,2.14,1,0.05780594059405946,Maximum_Holding_Period
002549,2021-05-11,8.39,2021-05-12,7.9705,1,-0.05160000000000004,Extreme_Risk_Stop
002549,2026-08-05,13.37,2026-08-06,14.47,1,0.0806737471952133,Maximum_Holding_Period
002550,2022-02-09,5.62,2022-02-10,5.73,1,0.017972953736654907,Maximum_Holding_Period
002550,2022-02-10,5.78,2022-02-11,5.491,1,-0.05160000000000004,Extreme_Risk_Stop
002553,2023-07-20,15.22,2023-07-21,14.92,1,-0.021310906701708276,Trend_Break_Stop
002555,2021-04-07,22.87,2021-04-08,22.59,1,-0.013843113248797567,Maximum_Holding_Period
002558,2024-01-04,11.51,2024-01-05,11.27,1,-0.022451433536055675,Trend_Break_Stop
002559,2020-04-08,6.08,2020-04-09,6.11,1,0.00333421052631593,Maximum_Holding_Period
002559,2022-09-08,7.18,2022-09-09,6.98,1,-0.02945515320334253,Trend_Break_Stop
002561,2022-07-01,11.22,2022-07-04,10.659,1,-0.05160000000000004,Extreme_Risk_Stop
002561,2022-11-03,7.74,2022-11-04,8.31,1,0.0720434108527133,Maximum_Holding_Period
002561,2024-02-22,8.17,2024-02-23,8.55,1,0.04491162790697683,Maximum_Holding_Period
002564,2021-01-22,3.36,2021-01-25,3.1919999999999997,1,-0.05160000000000004,Extreme_Risk_Stop
002564,2022-05-06,3.56,2022-05-09,3.75,1,0.05177078651685401,Maximum_Holding_Period
002565,2022-02-22,4.71,2022-02-23,4.67,1,-0.010092569002123141,Maximum_Holding_Period
002565,2022-05-09,3.62,2022-05-10,4.07,1,0.12270939226519344,Maximum_Holding_Period
002565,2026-01-29,17.31,2026-01-30,16.444499999999998,1,-0.05160000000000004,Extreme_Risk_Stop
002565,2026-02-05,17.1,2026-02-06,17.58,1,0.026470175438596356,Maximum_Holding_Period
002565,2026-06-08,14.8,2026-06-09,15.6,1,0.05245405405405395,Maximum_Holding_Period
002566,2022-05-06,7.4,2022-05-09,7.92,1,0.06867027027027021,Maximum_Holding_Period
002566,2022-05-10,7.71,2022-05-11,7.88,1,0.02044928664072625,Maximum_Holding_Period
002567,2022-05-10,7.77,2022-05-11,7.69,1,-0.01189601029601024,Maximum_Holding_Period
002568,2021-07-01,91.01,2021-07-02,86.4595,1,-0.05160000000000004,Extreme_Risk_Stop
002569,2020-10-30,14.0,2020-11-02,14.1,1,0.005542857142857118,Maximum_Holding_Period
002570,2021-05-26,5.18,2021-05-27,5.43,1,0.04666254826254828,Maximum_Holding_Period
002571,2020-05-13,4.81,2020-05-14,4.73,1,-0.01823201663201641,Trend_Break_Stop
002571,2022-05-06,4.9,2022-05-09,5.03,1,0.024930612244897832,Maximum_Holding_Period
002574,2025-04-07,5.93,2025-04-08,5.6335,1,-0.05160000000000004,Extreme_Risk_Stop
002576,2022-05-06,9.15,2022-05-09,9.25,1,0.009328961748633891,Maximum_Holding_Period
002576,2022-09-08,14.42,2022-09-09,13.699,1,-0.05160000000000004,Extreme_Risk_Stop
002579,2022-05-06,5.89,2022-05-09,6.04,1,0.023866893039049365,Maximum_Holding_Period
002580,2026-06-03,25.01,2026-06-04,23.7595,1,-0.05160000000000004,Extreme_Risk_Stop
002580,2026-07-29,16.37,2026-07-30,19.36,1,0.18105119120342078,Maximum_Holding_Period
002581,2020-03-04,8.86,2020-03-05,9.67,1,0.08982212189616261,Maximum_Holding_Period
002581,2020-07-31,22.69,2020-08-03,26.03,1,0.14560141031291313,Maximum_Holding_Period
002581,2024-02-08,10.35,2024-02-19,10.93,1,0.05443864734299524,Maximum_Holding_Period
002583,2024-02-21,4.48,2024-02-22,4.73,1,0.0542035714285714,Maximum_Holding_Period
002583,2024-11-13,21.71,2024-11-14,21.35,1,-0.018182220175034524,Trend_Break_Stop
002583,2024-12-20,17.7,2024-12-23,16.814999999999998,1,-0.05160000000000004,Extreme_Risk_Stop
002584,2021-02-19,5.38,2021-02-22,5.62,1,0.04300966542750944,Maximum_Holding_Period
002584,2021-02-23,5.6,2021-02-24,5.55,1,-0.010528571428571398,Maximum_Holding_Period
002585,2022-05-06,13.08,2022-05-09,13.23,1,0.009867889908256978,Maximum_Holding_Period
002585,2022-09-07,19.95,2022-09-08,19.3,1,-0.03418145363408515,Trend_Break_Stop
002585,2026-08-04,8.66,2026-08-05,9.41,1,0.08500508083140872,Maximum_Holding_Period
002586,2023-05-24,2.87,2023-05-25,2.7265,1,-0.05159999999999993,Extreme_Risk_Stop
002589,2022-07-26,4.65,2022-07-27,4.55,1,-0.023105376344086114,Trend_Break_Stop
002589,2022-08-09,4.33,2022-08-10,4.29,1,-0.010837875288683584,Trend_Break_Stop
002591,2022-05-05,4.5,2022-05-06,5.0,1,0.10951111111111116,Maximum_Holding_Period
002591,2025-01-10,4.8,2025-01-13,4.56,1,-0.05160000000000004,Extreme_Risk_Stop
002593,2022-08-18,4.21,2022-08-19,4.1,1,-0.027728266033254245,Trend_Break_Stop
002593,2024-02-20,2.9,2024-02-21,3.02,1,0.03977931034482767,Maximum_Holding_Period
002596,2024-03-06,2.19,2024-03-07,2.15,1,-0.0198648401826484,Trend_Break_Stop
002598,2021-10-11,10.9,2021-10-12,10.355,1,-0.05160000000000004,Extreme_Risk_Stop
002599,2020-03-23,4.51,2020-03-24,4.49,1,-0.006034589800443311,Maximum_Holding_Period
002599,2022-05-05,4.25,2022-05-06,4.15,1,-0.0251294117647058,Trend_Break_Stop
002600,2020-04-08,8.89,2020-04-09,8.95,1,0.005149156355455366,Maximum_Holding_Period
002601,2021-03-15,34.15,2021-03-16,32.442499999999995,1,-0.05160000000000004,Extreme_Risk_Stop
002601,2022-05-06,18.1,2022-05-09,18.14,1,0.0006099447513812544,Trend_Break_Stop
002601,2022-05-12,18.85,2022-05-13,19.69,1,0.04296233421750655,Maximum_Holding_Period
002602,2020-07-29,12.25,2020-07-30,12.06,1,-0.017110204081632618,Trend_Break_Stop
002605,2024-01-04,22.56,2024-01-05,21.69,1,-0.040163829787233936,Trend_Break_Stop
002606,2022-05-06,7.18,2022-05-09,7.36,1,0.02346963788300842,Maximum_Holding_Period
002607,2024-02-21,3.17,2024-02-22,3.31,1,0.04256403785488954,Maximum_Holding_Period
002607,2024-02-22,3.29,2024-02-23,3.34,1,0.013597568389057724,Maximum_Holding_Period
002607,2024-09-03,1.88,2024-09-04,2.0,1,0.06222978723404254,Maximum_Holding_Period
002607,2024-09-05,1.97,2024-09-06,1.92,1,-0.026980710659898554,Trend_Break_Stop
002607,2025-01-17,3.24,2025-01-20,3.39,1,0.04469629629629628,Maximum_Holding_Period
002609,2024-04-25,8.32,2024-04-26,8.58,1,0.02965,Maximum_Holding_Period
002611,2024-12-04,12.04,2024-12-05,13.68,1,0.13461262458471773,Maximum_Holding_Period
002612,2021-08-11,38.46,2021-08-12,36.537,1,-0.05160000000000004,Extreme_Risk_Stop
002613,2020-03-09,5.17,2020-03-10,4.911499999999999,1,-0.05160000000000015,Extreme_Risk_Stop
002615,2024-02-21,5.65,2024-02-22,5.99,1,0.058576991150442397,Maximum_Holding_Period
002617,2020-03-13,5.75,2020-03-16,6.06,1,0.05231304347826087,Trend_Break_Stop
002617,2022-09-08,12.18,2022-09-09,11.78,1,-0.03444072249589498,Trend_Break_Stop
002620,2022-05-06,4.63,2022-05-09,5.14,1,0.10855118790496747,Maximum_Holding_Period
002620,2026-07-28,4.36,2026-07-29,4.44,1,0.01674862385321112,Maximum_Holding_Period
002621,2022-05-11,4.0,2022-05-12,4.08,1,0.018400000000000017,Maximum_Holding_Period
002621,2022-05-16,4.17,2022-05-17,3.9614999999999996,1,-0.05160000000000004,Extreme_Risk_Stop
002621,2024-02-29,2.01,2024-03-01,2.17,1,0.07800199004975132,Trend_Break_Stop
002622,2022-05-06,2.85,2022-05-09,2.9,1,0.01594385964912264,Maximum_Holding_Period
002622,2024-04-25,1.88,2024-04-26,1.93,1,0.02499574468085113,Maximum_Holding_Period
002625,2022-05-06,13.19,2022-05-09,14.91,1,0.12880181956027298,Maximum_Holding_Period
002629,2022-01-18,4.3,2022-01-19,4.085,1,-0.05159999999999993,Extreme_Risk_Stop
002629,2022-03-21,3.81,2022-03-22,4.31,1,0.12963359580052486,Maximum_Holding_Period
002629,2022-04-07,3.85,2022-04-08,3.6574999999999998,1,-0.05160000000000004,Extreme_Risk_Stop
002629,2024-04-22,2.35,2024-04-23,2.2325,1,-0.05160000000000004,Extreme_Risk_Stop
002631,2025-01-17,4.12,2025-01-20,4.17,1,0.01053592233009697,Maximum_Holding_Period
002632,2025-01-15,8.05,2025-01-16,8.09,1,0.0033689440993787583,Maximum_Holding_Period
002633,2022-10-17,8.82,2022-10-18,9.28,1,0.05055419501133778,Maximum_Holding_Period
002633,2024-04-25,6.37,2024-04-26,6.0515,1,-0.05160000000000004,Extreme_Risk_Stop
002634,2020-09-24,7.69,2020-09-25,7.87,1,0.021807022106632035,Maximum_Holding_Period
002634,2022-05-06,4.36,2022-05-09,4.51,1,0.032803669724770494,Maximum_Holding_Period
002635,2025-04-15,13.05,2025-04-16,12.79,1,-0.02152337164750968,Trend_Break_Stop
002636,2025-02-18,9.08,2025-02-19,9.13,1,0.003906607929515406,Maximum_Holding_Period
002636,2025-07-29,12.21,2025-07-30,12.07,1,-0.013066011466011562,Maximum_Holding_Period
002639,2021-05-11,7.0,2021-05-12,7.2,1,0.02697142857142869,Maximum_Holding_Period
002639,2021-05-13,7.15,2021-05-14,7.19,1,0.003994405594405494,Maximum_Holding_Period
002639,2022-05-06,9.99,2022-05-09,10.44,1,0.04344504504504503,Maximum_Holding_Period
002639,2022-05-10,10.24,2022-05-11,10.6,1,0.03355625,Maximum_Holding_Period
002639,2026-02-05,20.46,2026-02-06,20.81,1,0.015506549364613865,Maximum_Holding_Period
002640,2020-02-19,6.6,2020-02-20,6.57,1,-0.006145454545454408,Maximum_Holding_Period
002640,2020-07-31,7.9,2020-08-03,8.13,1,0.027513924050633066,Maximum_Holding_Period
002640,2024-12-17,5.65,2024-12-18,5.3675,1,-0.05160000000000015,Extreme_Risk_Stop
002641,2022-10-19,5.31,2022-10-20,5.044499999999999,1,-0.05160000000000004,Extreme_Risk_Stop
002642,2023-10-26,9.5,2023-10-27,9.025,1,-0.05159999999999993,Extreme_Risk_Stop
002643,2020-04-03,13.3,2020-04-07,13.53,1,0.015693233082706693,Maximum_Holding_Period
002645,2022-03-14,18.65,2022-03-15,17.717499999999998,1,-0.05160000000000004,Extreme_Risk_Stop
002646,2021-02-24,13.31,2021-02-25,12.6445,1,-0.05159999999999993,Extreme_Risk_Stop
002647,2022-05-06,6.05,2022-05-09,6.27,1,0.03476363636363638,Maximum_Holding_Period
002647,2022-05-10,6.14,2022-05-11,6.68,1,0.08634788273615639,Maximum_Holding_Period
002649,2022-05-10,9.67,2022-05-11,9.9,1,0.02218490175801451,Maximum_Holding_Period
002650,2021-02-04,5.37,2021-02-05,5.19,1,-0.03511955307262566,Trend_Break_Stop
002652,2022-05-06,2.5,2022-05-09,2.53,1,0.01040000000000001,Maximum_Holding_Period
002652,2026-04-13,4.53,2026-04-14,4.75,1,0.04696512141280356,Maximum_Holding_Period
002652,2026-07-28,3.51,2026-07-29,3.59,1,0.02119202279202286,Maximum_Holding_Period
002654,2020-02-10,4.56,2020-02-11,4.63,1,0.013750877192982448,Maximum_Holding_Period
002656,2022-05-05,2.52,2022-05-06,2.85,1,0.12935238095238094,Maximum_Holding_Period
002656,2024-04-22,1.31,2024-04-23,1.2445,1,-0.05160000000000004,Extreme_Risk_Stop
002659,2022-11-03,4.09,2022-11-04,4.23,1,0.032629828850855795,Maximum_Holding_Period
002659,2022-11-04,4.11,2022-11-07,4.28,1,0.03976253041362537,Maximum_Holding_Period
002660,2022-10-13,7.45,2022-10-14,7.73,1,0.03598389261744966,Maximum_Holding_Period
002660,2022-10-17,7.65,2022-10-18,7.93,1,0.035001307189542356,Maximum_Holding_Period
002660,2024-04-25,7.47,2024-04-26,7.7,1,0.029189825970549022,Maximum_Holding_Period
002661,2024-02-21,7.28,2024-02-22,8.0,1,0.09730109890109877,Maximum_Holding_Period
002662,2020-06-04,3.56,2020-06-05,3.7,1,0.0377258426966292,Maximum_Holding_Period
002663,2024-02-21,1.52,2024-02-22,1.59,1,0.04445263157894735,Maximum_Holding_Period
002664,2025-04-16,15.5,2025-04-17,14.98,1,-0.03514838709677421,Trend_Break_Stop
002665,2022-02-10,3.73,2022-02-11,3.56,1,-0.04717640750670244,Trend_Break_Stop
002665,2022-05-12,2.83,2022-05-13,2.94,1,0.03726925795053009,Maximum_Holding_Period
002667,2024-06-27,5.02,2024-06-28,4.768999999999999,1,-0.05160000000000004,Extreme_Risk_Stop
002667,2026-04-09,24.31,2026-04-10,26.25,1,0.07820255039078576,Maximum_Holding_Period
002669,2020-03-23,13.9,2020-03-24,13.81,1,-0.008074820143884897,Trend_Break_Stop
002669,2024-04-25,9.55,2024-04-26,9.89,1,0.034002094240837714,Maximum_Holding_Period
002671,2022-04-28,4.51,2022-04-29,4.2844999999999995,1,-0.05160000000000004,Extreme_Risk_Stop
002671,2022-05-12,4.66,2022-05-13,4.75,1,0.0177133047210301,Maximum_Holding_Period
002678,2020-05-25,7.07,2020-05-26,6.98,1,-0.014329844413012726,Trend_Break_Stop
002679,2021-08-12,15.85,2021-08-13,15.62,1,-0.016111041009463766,Trend_Break_Stop
002681,2020-02-12,4.46,2020-02-13,4.37,1,-0.021779372197309365,Trend_Break_Stop
002682,2025-12-26,8.87,2025-12-29,9.57,1,0.07731770011273968,Maximum_Holding_Period
002682,2025-12-29,8.76,2025-12-30,9.52,1,0.08515799086757996,Maximum_Holding_Period
002682,2026-01-26,7.44,2026-01-27,7.068,1,-0.05160000000000015,Extreme_Risk_Stop
002683,2020-03-26,26.52,2020-03-27,25.194,1,-0.05160000000000004,Extreme_Risk_Stop
002683,2020-04-03,23.98,2020-04-07,24.23,1,0.008825354462051616,Maximum_Holding_Period
002684,2022-04-25,2.76,2022-04-26,2.64,1,-0.045078260869565075,Trend_Break_Stop
002685,2024-11-22,6.98,2024-11-25,7.05,1,0.008428653295128808,Maximum_Holding_Period
002686,2025-04-16,5.5,2025-04-17,5.47,1,-0.0070545454545454895,Maximum_Holding_Period
002688,2022-05-06,4.14,2022-05-09,4.6,1,0.10951111111111116,Maximum_Holding_Period
002688,2022-05-18,4.48,2022-05-19,4.44,1,-0.010528571428571398,Trend_Break_Stop
002688,2025-04-23,6.5,2025-04-24,6.175,1,-0.05160000000000004,Extreme_Risk_Stop
002689,2022-09-08,4.95,2022-09-09,4.7025,1,-0.05160000000000004,Extreme_Risk_Stop
002690,2022-06-06,19.17,2022-06-07,19.5,1,0.01561439749608744,Maximum_Holding_Period
002691,2021-02-19,3.86,2021-02-22,4.04,1,0.04503212435233155,Maximum_Holding_Period
002691,2021-02-23,3.98,2021-02-24,3.98,1,-0.0015999999999999999,Trend_Break_Stop
002691,2025-03-07,10.13,2025-03-10,9.8,1,-0.03417650542941759,Trend_Break_Stop
002692,2025-02-25,4.84,2025-02-26,4.97,1,0.02525950413223148,Maximum_Holding_Period
002693,2022-12-09,8.55,2022-12-12,9.17,1,0.07091461988304086,Maximum_Holding_Period
002693,2024-04-26,4.9,2024-04-29,5.23,1,0.06574693877551012,Maximum_Holding_Period
002693,2024-11-11,27.7,2024-11-12,26.314999999999998,1,-0.05160000000000004,Extreme_Risk_Stop
002699,2022-05-11,5.01,2022-05-12,5.2,1,0.0363241516966069,Maximum_Holding_Period
002699,2023-06-09,1.63,2023-06-12,1.5484999999999998,1,-0.05160000000000004,Extreme_Risk_Stop
002700,2026-07-27,5.48,2026-07-28,5.69,1,0.03672116788321161,Maximum_Holding_Period
002703,2022-08-03,10.18,2022-08-04,9.671,1,-0.05160000000000004,Extreme_Risk_Stop
002703,2022-10-13,9.09,2022-10-14,8.88,1,-0.02470231023102305,Trend_Break_Stop
002708,2023-10-27,7.95,2023-10-30,7.73,1,-0.029272955974842762,Trend_Break_Stop
002709,2022-05-06,72.64,2022-05-09,73.63,1,0.012028854625550523,Trend_Break_Stop
002709,2026-07-28,37.68,2026-07-29,35.796,1,-0.05160000000000004,Extreme_Risk_Stop
002712,2023-06-02,7.71,2023-06-05,8.31,1,0.07622101167315191,Maximum_Holding_Period
002713,2024-07-25,2.22,2024-07-26,2.27,1,0.020922522522522514,Maximum_Holding_Period
002713,2026-07-28,9.48,2026-07-29,9.006,1,-0.05160000000000004,Extreme_Risk_Stop
002717,2024-06-27,0.93,2024-06-28,0.8835,1,-0.05160000000000015,Extreme_Risk_Stop
002719,2020-05-28,6.62,2020-05-29,6.58,1,-0.0076422960725076134,Maximum_Holding_Period
002719,2025-01-16,7.51,2025-01-17,7.61,1,0.011715579227696438,Maximum_Holding_Period
002721,2022-05-06,2.8,2022-05-09,2.92,1,0.04125714285714293,Maximum_Holding_Period
002721,2022-05-11,2.97,2022-05-12,3.23,1,0.08594208754208736,Maximum_Holding_Period
002724,2022-05-05,11.51,2022-05-06,11.16,1,-0.03200834057341435,Trend_Break_Stop
002724,2024-02-19,5.3,2024-02-20,5.28,1,-0.005373584905660265,Maximum_Holding_Period
002724,2025-04-24,6.08,2025-04-25,5.776,1,-0.05160000000000004,Extreme_Risk_Stop
002725,2022-01-13,10.38,2022-01-14,10.12,1,-0.026648169556840195,Trend_Break_Stop
002725,2025-01-09,10.74,2025-01-10,10.26,1,-0.04629273743016766,Trend_Break_Stop
002728,2022-05-06,12.7,2022-05-09,13.5,1,0.06139212598425208,Maximum_Holding_Period
002730,2022-05-10,7.67,2022-05-11,7.81,1,0.01665293350717083,Maximum_Holding_Period
002733,2022-05-06,10.85,2022-05-09,11.31,1,0.040796313364055474,Maximum_Holding_Period
002733,2022-05-10,11.14,2022-05-11,11.83,1,0.06033895870736088,Maximum_Holding_Period
002735,2021-08-04,17.03,2021-08-05,17.25,1,0.011318379330592921,Trend_Break_Stop
002735,2024-04-25,11.48,2024-04-26,12.17,1,0.058504529616724636,Maximum_Holding_Period
002739,2020-02-10,16.17,2020-02-11,16.67,1,0.02932145949288816,Maximum_Holding_Period
002740,2023-05-05,3.32,2023-05-08,3.154,1,-0.05159999999999993,Extreme_Risk_Stop
002742,2022-10-20,4.38,2022-10-21,4.26,1,-0.028997260273972602,Trend_Break_Stop
002742,2024-05-06,2.3,2024-05-07,2.23,1,-0.032034782608695585,Trend_Break_Stop
002743,2025-07-03,6.1,2025-07-04,5.96,1,-0.024550819672131085,Trend_Break_Stop
002745,2025-04-15,7.94,2025-04-16,7.71,1,-0.030567254408060473,Trend_Break_Stop
002748,2021-10-15,10.1,2021-10-18,9.594999999999999,1,-0.05160000000000004,Extreme_Risk_Stop
002750,2022-04-18,14.4,2022-04-19,13.68,1,-0.05160000000000004,Extreme_Risk_Stop
002750,2025-01-17,1.82,2025-01-20,1.76,1,-0.03456703296703296,Trend_Break_Stop
002755,2022-05-05,9.05,2022-05-06,8.85,1,-0.02369944751381232,Trend_Break_Stop
002756,2021-02-23,47.0,2021-02-24,44.65,1,-0.05160000000000004,Extreme_Risk_Stop
002756,2021-02-24,47.53,2021-02-25,45.1535,1,-0.05160000000000004,Extreme_Risk_Stop
002756,2021-03-04,41.95,2021-03-05,39.8525,1,-0.05160000000000004,Extreme_Risk_Stop
002756,2021-10-12,92.98,2021-10-13,88.331,1,-0.05160000000000004,Extreme_Risk_Stop
002756,2022-12-08,102.41,2022-12-09,104.25,1,0.016366995410604535,Maximum_Holding_Period
002756,2026-07-28,45.4,2026-07-29,46.94,1,0.032320704845815,Maximum_Holding_Period
002757,2026-01-29,21.0,2026-01-30,21.43,1,0.018876190476190536,Maximum_Holding_Period
002757,2026-06-11,22.02,2026-06-12,20.918999999999997,1,-0.05160000000000015,Extreme_Risk_Stop
002759,2021-08-05,39.78,2021-08-06,41.73,1,0.047419607843137083,Maximum_Holding_Period
002759,2021-10-19,39.22,2021-10-20,40.54,1,0.03205629780724122,Maximum_Holding_Period
002759,2021-10-21,40.47,2021-10-22,40.3,1,-0.005800642451198444,Maximum_Holding_Period
002760,2022-05-06,18.24,2022-05-09,18.69,1,0.023071052631579204,Maximum_Holding_Period
002760,2022-05-10,18.3,2022-05-11,17.385,1,-0.05159999999999993,Extreme_Risk_Stop
002761,2024-12-09,10.42,2024-12-10,10.63,1,0.018553550863723612,Maximum_Holding_Period
002762,2021-06-24,15.36,2021-06-25,14.591999999999999,1,-0.05160000000000004,Extreme_Risk_Stop
002762,2021-06-30,15.47,2021-07-01,15.12,1,-0.024224434389140414,Trend_Break_Stop
002762,2022-03-31,9.31,2022-04-01,9.15,1,-0.018785821697099924,Trend_Break_Stop
002762,2025-04-15,5.67,2025-04-16,5.53,1,-0.026291358024691357,Trend_Break_Stop
002766,2026-07-06,3.72,2026-07-07,3.534,1,-0.05160000000000015,Extreme_Risk_Stop
002769,2022-10-17,7.26,2022-10-18,8.37,1,0.1512925619834709,Maximum_Holding_Period
002769,2024-05-10,6.44,2024-05-13,6.118,1,-0.05160000000000004,Extreme_Risk_Stop
002769,2025-01-09,7.03,2025-01-10,6.6785,1,-0.05160000000000004,Extreme_Risk_Stop
002770,2020-04-23,3.02,2020-04-24,3.13,1,0.034823841059602505,Maximum_Holding_Period
002771,2023-11-10,26.33,2023-11-13,25.013499999999997,1,-0.05160000000000004,Extreme_Risk_Stop
002771,2023-11-21,27.8,2023-11-22,26.41,1,-0.05160000000000004,Extreme_Risk_Stop
002771,2024-04-25,17.3,2024-04-26,19.0,1,0.09666589595375723,Maximum_Holding_Period
002772,2021-08-11,11.4,2021-08-12,11.39,1,-0.002477192982456143,Maximum_Holding_Period
002776,2023-07-28,2.01,2023-07-31,2.16,1,0.073026865671642,Maximum_Holding_Period
002776,2023-11-08,1.22,2023-11-09,1.159,1,-0.05159999999999993,Extreme_Risk_Stop
002777,2020-07-02,30.25,2020-07-03,29.9,1,-0.013170247933884393,Maximum_Holding_Period
002777,2023-05-30,27.61,2023-05-31,31.19,1,0.12806316551973934,Maximum_Holding_Period
002778,2021-06-24,17.68,2021-06-25,18.52,1,0.045911312217194626,Maximum_Holding_Period
002778,2024-04-26,11.07,2024-04-29,11.99,1,0.08150749774164416,Maximum_Holding_Period
002779,2020-09-14,16.09,2020-09-15,18.66,1,0.1581265382224984,Maximum_Holding_Period
002782,2026-04-09,21.0,2026-04-10,22.27,1,0.05887619047619035,Maximum_Holding_Period
002785,2026-07-28,33.6,2026-07-29,33.0,1,-0.019457142857142905,Trend_Break_Stop
002786,2021-05-17,6.89,2021-05-18,6.83,1,-0.01030827285921616,Trend_Break_Stop
002786,2023-08-31,6.07,2023-09-01,6.1,1,0.0033423393739702616,Maximum_Holding_Period
002789,2025-04-16,7.48,2025-04-17,7.22,1,-0.03635935828877019,Trend_Break_Stop
002789,2026-07-28,8.77,2026-07-29,8.97,1,0.021205017103763036,Maximum_Holding_Period
002791,2021-03-15,147.9,2021-03-16,145.58,1,-0.017286274509803867,Trend_Break_Stop
002791,2022-05-10,82.0,2022-05-11,85.25,1,0.03803414634146334,Maximum_Holding_Period
002792,2022-05-10,11.22,2022-05-11,11.32,1,0.007312655971479389,Maximum_Holding_Period
002792,2022-10-13,10.69,2022-10-14,11.09,1,0.03581814780168396,Maximum_Holding_Period
002792,2023-05-19,14.09,2023-05-22,13.76,1,-0.025020865862313734,Trend_Break_Stop
002792,2026-02-05,51.01,2026-02-06,51.19,1,0.0019287198588511705,Trend_Break_Stop
002793,2024-02-20,3.96,2024-02-21,4.1,1,0.03375353535353525,Maximum_Holding_Period
002793,2024-02-21,4.02,2024-02-22,4.16,1,0.033225870646766346,Maximum_Holding_Period
002796,2022-05-11,7.24,2022-05-12,7.21,1,-0.005743646408839796,Maximum_Holding_Period
002796,2025-01-10,11.02,2025-01-13,10.469,1,-0.05160000000000004,Extreme_Risk_Stop
002796,2025-01-17,11.15,2025-01-20,11.58,1,0.0369650224215246,Maximum_Holding_Period
002796,2026-04-09,50.07,2026-04-10,51.18,1,0.020568963451168366,Maximum_Holding_Period
002796,2026-06-17,41.5,2026-06-18,41.76,1,0.004665060240963738,Maximum_Holding_Period
002800,2022-05-06,14.37,2022-05-09,15.63,1,0.08608267223382064,Maximum_Holding_Period
002800,2023-01-31,24.2,2023-02-01,25.42,1,0.0488132231404959,Maximum_Holding_Period
002800,2026-04-21,17.59,2026-04-22,17.79,1,0.009770096645821447,Maximum_Holding_Period
002802,2022-05-06,17.18,2022-05-09,17.66,1,0.0263394644935973,Maximum_Holding_Period
002803,2020-04-03,28.51,2020-04-07,30.95,1,0.0839840056120658,Maximum_Holding_Period
002805,2022-05-06,24.63,2022-05-09,25.82,1,0.046715062931384436,Maximum_Holding_Period
002805,2024-05-07,13.01,2024-05-08,12.65,1,-0.029271022290545744,Trend_Break_Stop
002806,2022-05-24,10.9,2022-05-25,11.05,1,0.012161467889908285,Maximum_Holding_Period
002808,2023-02-24,13.26,2023-02-27,12.597,1,-0.05160000000000004,Extreme_Risk_Stop
002808,2024-06-14,1.65,2024-06-17,1.74,1,0.05294545454545468,Maximum_Holding_Period
002810,2026-07-24,19.3,2026-07-27,19.82,1,0.025343005181347068,Maximum_Holding_Period
002811,2022-05-10,7.6,2022-05-11,7.94,1,0.04313684210526319,Maximum_Holding_Period
002812,2021-03-02,111.59,2021-03-03,115.18,1,0.030571341518057116,Maximum_Holding_Period
002812,2022-12-07,133.89,2022-12-08,139.3,1,0.03880630368212739,Maximum_Holding_Period
002813,2020-03-27,23.2,2020-03-30,22.04,1,-0.05160000000000004,Extreme_Risk_Stop
002813,2025-05-30,23.91,2025-06-03,22.714499999999997,1,-0.05160000000000015,Extreme_Risk_Stop
002815,2020-04-08,17.6,2020-04-09,17.49,1,-0.0078500000000002,Trend_Break_Stop
002820,2023-02-03,10.78,2023-02-06,10.5,1,-0.027574025974025872,Trend_Break_Stop
002820,2024-12-17,15.33,2024-12-18,14.5635,1,-0.05160000000000004,Extreme_Risk_Stop
002820,2025-09-10,13.15,2025-09-11,13.15,1,-0.0015999999999999999,Maximum_Holding_Period
002821,2021-03-15,253.28,2021-03-16,240.61599999999999,1,-0.05160000000000004,Extreme_Risk_Stop
002822,2024-05-09,1.75,2024-05-10,1.6624999999999999,1,-0.05160000000000004,Extreme_Risk_Stop
002822,2024-06-19,1.17,2024-06-20,1.17,1,-0.0015999999999999999,Maximum_Holding_Period
002823,2024-07-31,13.87,2024-08-01,13.95,1,0.004167844268204758,Maximum_Holding_Period
002823,2024-08-01,13.99,2024-08-02,13.2905,1,-0.05160000000000004,Extreme_Risk_Stop
002824,2022-05-06,24.49,2022-05-09,24.09,1,-0.017933197223356467,Trend_Break_Stop
002824,2026-08-11,23.03,2026-08-12,23.6,1,0.023150325662179717,Maximum_Holding_Period
002825,2022-05-10,13.36,2022-05-11,13.65,1,0.020106586826347295,Maximum_Holding_Period
002825,2022-06-21,11.08,2022-06-22,10.73,1,-0.033188447653429605,Trend_Break_Stop
002826,2025-07-22,18.64,2025-07-23,19.0,1,0.0177133047210301,Maximum_Holding_Period
002827,2022-05-06,8.61,2022-05-09,8.73,1,0.012337282229965264,Maximum_Holding_Period
002828,2020-02-11,9.55,2020-02-12,9.96,1,0.04133193717277477,Maximum_Holding_Period
002828,2022-05-06,6.57,2022-05-09,6.78,1,0.030363470319634756,Maximum_Holding_Period
002828,2026-03-31,13.02,2026-04-01,12.54,1,-0.03846635944700467,Trend_Break_Stop
002831,2026-07-24,27.0,2026-07-27,27.5,1,0.0169185185185186,Maximum_Holding_Period
002835,2022-05-06,8.93,2022-05-09,8.89,1,-0.006079283314669513,Trend_Break_Stop
002836,2021-02-05,7.85,2021-02-08,7.68,1,-0.02325605095541401,Trend_Break_Stop
002836,2021-02-24,8.42,2021-02-25,8.83,1,0.047093586698337346,Maximum_Holding_Period
002837,2022-09-23,27.99,2022-09-26,30.46,1,0.0866458020721688,Maximum_Holding_Period
002837,2025-04-22,32.5,2025-04-23,30.875,1,-0.05160000000000004,Extreme_Risk_Stop
002838,2026-08-06,25.91,2026-08-07,26.39,1,0.016925665766113474,Maximum_Holding_Period
002845,2026-08-06,12.5,2026-08-07,13.0,1,0.03840000000000004,Maximum_Holding_Period
002846,2024-04-22,7.64,2024-04-23,7.49,1,-0.02123350785340312,Trend_Break_Stop
002846,2025-04-16,9.01,2025-04-17,8.9,1,-0.01380865704772467,Trend_Break_Stop
002853,2024-04-25,8.26,2024-04-26,8.38,1,0.012927845036319763,Maximum_Holding_Period
002853,2024-04-26,8.36,2024-04-29,8.63,1,0.0306966507177036,Maximum_Holding_Period
002855,2023-11-21,34.01,2023-11-22,39.41,1,0.15717683034401647,Maximum_Holding_Period
002855,2023-11-24,34.15,2023-11-27,32.442499999999995,1,-0.05160000000000004,Extreme_Risk_Stop
002855,2026-03-30,12.06,2026-03-31,12.16,1,0.006691873963515828,Maximum_Holding_Period
002856,2020-03-30,15.38,2020-03-31,15.8,1,0.02570819245773741,Maximum_Holding_Period
002859,2020-07-02,30.52,2020-07-03,28.994,1,-0.05160000000000004,Extreme_Risk_Stop
002860,2022-10-17,13.2,2022-10-18,13.53,1,0.02339999999999991,Maximum_Holding_Period
002861,2022-05-12,11.25,2022-05-13,12.05,1,0.06951111111111112,Maximum_Holding_Period
002861,2025-04-16,12.65,2025-04-17,12.5,1,-0.013457707509881466,Trend_Break_Stop
002862,2024-01-02,20.51,2024-01-03,19.4845,1,-0.05160000000000004,Extreme_Risk_Stop
002862,2024-04-19,12.24,2024-04-22,11.628,1,-0.05160000000000004,Extreme_Risk_Stop
002862,2025-05-23,19.45,2025-05-26,18.4775,1,-0.05160000000000004,Extreme_Risk_Stop
002865,2023-05-04,98.0,2023-05-05,93.1,1,-0.05160000000000004,Extreme_Risk_Stop
002865,2024-07-12,36.97,2024-07-15,36.88,1,-0.004034406275358292,Maximum_Holding_Period
002865,2024-07-15,37.04,2024-07-16,37.0,1,-0.002679913606911398,Maximum_Holding_Period
002866,2025-04-16,14.12,2025-04-17,14.47,1,0.02318753541076495,Maximum_Holding_Period
002869,2021-04-21,21.15,2021-04-22,20.73,1,-0.021458156028368713,Trend_Break_Stop
002869,2024-07-11,29.0,2024-07-12,28.4,1,-0.022289655172413835,Trend_Break_Stop
002870,2022-02-16,33.0,2022-02-17,33.9,1,0.025672727272727337,Maximum_Holding_Period
002870,2022-02-18,33.56,2022-02-21,32.86,1,-0.022458164481525666,Trend_Break_Stop
002873,2020-04-08,20.12,2020-04-09,20.9,1,0.03716739562624243,Maximum_Holding_Period
002873,2021-11-17,13.72,2021-11-18,13.37,1,-0.027110204081632738,Trend_Break_Stop
002873,2021-12-01,14.74,2021-12-02,14.12,1,-0.04366241519674358,Trend_Break_Stop
002873,2022-11-09,15.2,2022-11-10,15.86,1,0.04182105263157903,Maximum_Holding_Period
002875,2024-11-27,14.27,2024-11-28,14.51,1,0.015218500350385345,Maximum_Holding_Period
002876,2021-05-13,53.2,2021-05-14,53.81,1,0.009866165413533735,Maximum_Holding_Period
002876,2023-05-08,37.92,2023-05-09,39.95,1,0.05193375527426163,Maximum_Holding_Period
002876,2026-07-30,26.99,2026-07-31,26.64,1,-0.014567765839199675,Maximum_Holding_Period
002878,2020-02-12,36.68,2020-02-13,34.846,1,-0.05160000000000004,Extreme_Risk_Stop
002878,2020-04-08,30.99,2020-04-09,31.41,1,0.011952758954501475,Maximum_Holding_Period
002878,2021-05-14,19.04,2021-05-17,18.7,1,-0.019457142857142905,Trend_Break_Stop
002878,2024-04-22,12.25,2024-04-23,13.25,1,0.08003265306122458,Maximum_Holding_Period
002878,2025-01-09,15.8,2025-01-10,15.77,1,-0.003498734177215311,Maximum_Holding_Period
002881,2026-04-09,37.9,2026-04-10,38.54,1,0.015286543535620024,Maximum_Holding_Period
002885,2020-03-23,16.49,2020-03-24,17.59,1,0.06510709520921769,Maximum_Holding_Period
002885,2021-05-13,12.47,2021-05-14,13.52,1,0.08260208500400949,Maximum_Holding_Period
002885,2022-05-10,14.0,2022-05-11,15.17,1,0.08197142857142863,Maximum_Holding_Period
002885,2022-09-07,32.9,2022-09-08,32.1,1,-0.025916109422492294,Trend_Break_Stop
002885,2026-04-09,24.15,2026-04-10,24.81,1,0.025729192546583946,Maximum_Holding_Period
002885,2026-04-13,24.45,2026-04-14,27.05,1,0.10473946830265861,Maximum_Holding_Period
002886,2022-05-06,14.88,2022-05-09,14.69,1,-0.01436881720430112,Maximum_Holding_Period
002886,2024-04-22,14.07,2024-04-23,13.82,1,-0.01936830135039087,Trend_Break_Stop
002888,2024-04-25,13.29,2024-04-26,13.74,1,0.03226004514672703,Maximum_Holding_Period
002889,2023-06-15,21.54,2023-06-16,21.06,1,-0.023884122562674092,Trend_Break_Stop
002889,2023-11-24,29.5,2023-11-27,28.025,1,-0.05160000000000004,Extreme_Risk_Stop
002889,2024-06-05,17.0,2024-06-06,16.15,1,-0.05160000000000004,Extreme_Risk_Stop
002889,2024-06-17,17.96,2024-06-18,18.28,1,0.016217371937639103,Trend_Break_Stop
002891,2021-06-02,42.15,2021-06-03,41.35,1,-0.020579833926453083,Trend_Break_Stop
002892,2023-06-20,11.56,2023-06-21,14.08,1,0.2163930795847751,Maximum_Holding_Period
002892,2024-06-24,9.25,2024-06-25,10.34,1,0.11623783783783774,Maximum_Holding_Period
002892,2024-06-27,9.93,2024-06-28,9.433499999999999,1,-0.05160000000000015,Extreme_Risk_Stop
002893,2021-04-30,9.29,2021-05-06,10.21,1,0.09743121636167933,Maximum_Holding_Period
002893,2023-08-02,12.97,2023-08-03,12.89,1,-0.007768080185042446,Maximum_Holding_Period
002895,2021-11-25,30.05,2021-11-26,33.36,1,0.10854975041597341,Maximum_Holding_Period
002896,2022-09-07,31.59,2022-09-08,30.46,1,-0.03737081354859124,Trend_Break_Stop
002896,2022-10-27,26.11,2022-10-28,24.804499999999997,1,-0.05160000000000004,Extreme_Risk_Stop
002896,2025-04-11,78.0,2025-04-14,85.75,1,0.09775897435897445,Maximum_Holding_Period
002896,2025-04-16,84.43,2025-04-17,87.69,1,0.03701186781949533,Maximum_Holding_Period
002896,2025-07-10,56.23,2025-07-11,61.44,1,0.0910551662813444,Maximum_Holding_Period
002898,2022-11-03,10.75,2022-11-04,11.23,1,0.04305116279069781,Maximum_Holding_Period
002898,2022-11-07,11.17,2022-11-08,11.86,1,0.06017260519247985,Maximum_Holding_Period
002898,2023-08-30,11.31,2023-08-31,11.83,1,0.04437701149425282,Maximum_Holding_Period
002900,2022-05-10,11.64,2022-05-11,12.06,1,0.03448247422680422,Maximum_Holding_Period
002901,2022-05-06,33.49,2022-05-09,33.24,1,-0.009064914899970144,Trend_Break_Stop
002902,2026-07-13,26.63,2026-07-14,25.298499999999997,1,-0.05160000000000004,Extreme_Risk_Stop
002903,2022-05-09,12.8,2022-05-10,13.52,1,0.054649999999999914,Maximum_Holding_Period
002905,2020-02-10,13.04,2020-02-11,13.48,1,0.03214233128834359,Maximum_Holding_Period
002905,2020-08-05,12.16,2020-08-06,11.99,1,-0.01558026315789469,Trend_Break_Stop
002905,2022-10-20,6.68,2022-10-21,6.74,1,0.007382035928143839,Maximum_Holding_Period
002905,2022-10-21,6.87,2022-10-24,6.5264999999999995,1,-0.05160000000000004,Extreme_Risk_Stop
002905,2025-10-24,10.69,2025-10-27,10.7,1,-0.0006645463049578899,Maximum_Holding_Period
002909,2022-10-17,8.7,2022-10-18,9.01,1,0.034032183908046014,Maximum_Holding_Period
002910,2026-01-23,12.25,2026-01-26,12.17,1,-0.008130612244897927,Maximum_Holding_Period
002913,2026-07-28,45.0,2026-07-29,42.75,1,-0.05160000000000004,Extreme_Risk_Stop
002915,2020-06-30,19.08,2020-07-01,18.91,1,-0.010509853249475797,Maximum_Holding_Period
002915,2020-07-03,19.48,2020-07-06,19.88,1,0.01893388090349073,Maximum_Holding_Period
002915,2021-10-20,22.87,2021-10-21,24.06,1,0.05043323130738946,Maximum_Holding_Period
002915,2022-05-10,20.88,2022-05-11,22.58,1,0.0798176245210727,Maximum_Holding_Period
002915,2022-07-05,18.85,2022-07-06,18.7,1,-0.009557559681697757,Maximum_Holding_Period
002915,2025-01-10,13.15,2025-01-13,12.86,1,-0.023653231939163532,Trend_Break_Stop
002915,2026-07-20,16.7,2026-07-21,15.864999999999998,1,-0.05160000000000004,Extreme_Risk_Stop
002916,2026-07-28,340.1,2026-07-29,323.095,1,-0.05159999999999993,Extreme_Risk_Stop
002917,2020-06-03,10.2,2020-06-04,10.18,1,-0.003560784313725483,Maximum_Holding_Period
002917,2022-09-29,10.24,2022-09-30,9.728,1,-0.05160000000000004,Extreme_Risk_Stop
002917,2025-02-20,15.6,2025-02-21,15.69,1,0.004169230769230749,Maximum_Holding_Period
002919,2022-06-29,18.26,2022-06-30,19.81,1,0.08328499452354858,Maximum_Holding_Period
002921,2026-08-03,20.7,2026-08-04,22.37,1,0.07907632850241546,Maximum_Holding_Period
002922,2021-06-11,10.75,2021-06-15,11.46,1,0.06444651162790697,Maximum_Holding_Period
002922,2022-09-07,17.58,2022-09-08,17.33,1,-0.015820705346985164,Trend_Break_Stop
002922,2024-02-21,12.03,2024-02-22,12.61,1,0.04661280133000827,Maximum_Holding_Period
002922,2024-11-06,17.37,2024-11-07,17.38,1,-0.001024294761082521,Maximum_Holding_Period
002922,2026-03-27,36.9,2026-03-30,37.59,1,0.01709918699187001,Maximum_Holding_Period
002922,2026-07-28,24.93,2026-07-29,23.6835,1,-0.05160000000000004,Extreme_Risk_Stop
002923,2021-12-29,25.06,2021-12-30,24.54,1,-0.022350199521149205,Trend_Break_Stop
002923,2026-04-30,13.14,2026-05-06,13.45,1,0.021992085235920823,Maximum_Holding_Period
002927,2024-07-01,11.81,2024-07-02,12.1,1,0.022955461473327655,Maximum_Holding_Period
002927,2026-07-28,14.25,2026-07-29,14.71,1,0.03068070175438602,Maximum_Holding_Period
002931,2020-11-06,19.8,2020-11-09,19.66,1,-0.008670707070707117,Maximum_Holding_Period
002931,2022-05-06,8.66,2022-05-09,9.13,1,0.05267251732101635,Maximum_Holding_Period
002931,2023-11-22,15.39,2023-11-23,14.6205,1,-0.05160000000000004,Extreme_Risk_Stop
002931,2026-03-11,82.5,2026-03-12,78.375,1,-0.05160000000000004,Extreme_Risk_Stop
002932,2022-05-25,106.0,2022-05-26,100.69999999999999,1,-0.05160000000000015,Extreme_Risk_Stop
002932,2022-06-29,70.3,2022-06-30,68.56,1,-0.026351066856329996,Trend_Break_Stop
002933,2022-03-24,26.2,2022-03-25,25.79,1,-0.017248854961832105,Maximum_Holding_Period
002935,2022-05-05,22.73,2022-05-06,23.5,1,0.03227593488781349,Maximum_Holding_Period
002935,2024-02-21,14.64,2024-02-22,15.44,1,0.05304480874316924,Maximum_Holding_Period
002935,2026-08-06,15.83,2026-08-07,16.92,1,0.06725660138976645,Maximum_Holding_Period
002938,2023-05-19,23.74,2023-05-22,23.79,1,0.0005061499578769462,Maximum_Holding_Period
002938,2025-11-26,44.7,2025-11-27,44.87,1,0.002203131991051423,Maximum_Holding_Period
002940,2022-11-22,33.18,2022-11-23,31.520999999999997,1,-0.05160000000000004,Extreme_Risk_Stop
002942,2024-02-27,13.16,2024-02-28,12.501999999999999,1,-0.05160000000000004,Extreme_Risk_Stop
002942,2025-11-05,20.8,2025-11-06,20.55,1,-0.013619230769230727,Trend_Break_Stop
002943,2022-10-17,58.18,2022-10-18,58.51,1,0.00407205225163292,Trend_Break_Stop
002945,2022-01-19,13.05,2022-01-20,14.34,1,0.09725057471264358,Maximum_Holding_Period
002945,2024-02-21,11.83,2024-02-22,12.25,1,0.03390295857988162,Maximum_Holding_Period
002945,2025-01-15,14.01,2025-01-16,13.96,1,-0.005168879371877109,Maximum_Holding_Period
002945,2025-01-22,14.46,2025-01-23,16.36,1,0.1297969571230982,Maximum_Holding_Period
002947,2022-03-23,20.24,2022-03-24,20.0,1,-0.013457707509881355,Trend_Break_Stop
002947,2022-05-06,14.6,2022-05-09,15.23,1,0.04155068493150687,Maximum_Holding_Period
002947,2022-05-10,15.1,2022-05-11,15.77,1,0.04277086092715226,Maximum_Holding_Period
002947,2022-05-12,15.54,2022-05-13,15.95,1,0.024783526383526367,Maximum_Holding_Period
002950,2020-04-08,37.0,2020-04-09,36.74,1,-0.008627027027026956,Maximum_Holding_Period
002951,2022-05-06,7.44,2022-05-09,7.85,1,0.05350752688172027,Maximum_Holding_Period
002951,2024-04-25,5.9,2024-04-26,6.1,1,0.032298305084745675,Maximum_Holding_Period
002951,2024-04-26,5.98,2024-04-29,6.23,1,0.04020602006688972,Maximum_Holding_Period
002951,2024-07-24,4.22,2024-07-25,4.0089999999999995,1,-0.05160000000000004,Extreme_Risk_Stop
002951,2026-06-17,16.71,2026-06-18,16.1,1,-0.03810508677438657,Trend_Break_Stop
002952,2024-01-30,31.8,2024-01-31,30.21,1,-0.05160000000000004,Extreme_Risk_Stop
002952,2024-09-04,20.88,2024-09-05,20.15,1,-0.036561685823754804,Trend_Break_Stop
002952,2026-06-18,24.31,2026-06-22,23.094499999999996,1,-0.05160000000000004,Extreme_Risk_Stop
002955,2025-04-15,20.48,2025-04-16,19.98,1,-0.0260140625,Trend_Break_Stop
002956,2022-05-06,13.33,2022-05-09,13.5,1,0.011153188297074169,Maximum_Holding_Period
002957,2024-04-26,14.5,2024-04-29,15.3,1,0.05357241379310356,Maximum_Holding_Period
002957,2026-08-05,34.05,2026-08-06,38.64,1,0.13320176211453766,Maximum_Holding_Period
002958,2020-08-05,5.79,2020-08-06,5.78,1,-0.0033271157167529914,Trend_Break_Stop
002959,2021-08-03,52.8,2021-08-04,53.08,1,0.003703030303030365,Maximum_Holding_Period
002963,2024-05-08,11.43,2024-05-09,11.32,1,-0.01122379702537175,Maximum_Holding_Period
002965,2021-06-07,24.83,2021-06-08,24.36,1,-0.020528715263793806,Trend_Break_Stop
002965,2022-09-21,52.0,2022-09-22,53.49,1,0.02705384615384614,Maximum_Holding_Period
002965,2022-09-23,53.07,2022-09-26,50.4165,1,-0.05160000000000004,Extreme_Risk_Stop
002965,2025-04-16,45.82,2025-04-17,43.72,1,-0.04743151462243562,Trend_Break_Stop
002968,2020-06-02,60.93,2020-06-03,60.43,1,-0.009806138191367175,Trend_Break_Stop
002969,2022-05-06,3.78,2022-05-09,3.88,1,0.02485502645502651,Maximum_Holding_Period
002970,2025-04-22,46.49,2025-04-23,50.08,1,0.07562090772209067,Maximum_Holding_Period
002970,2026-03-30,64.11,2026-03-31,62.72,1,-0.023281484947746022,Trend_Break_Stop
002971,2020-03-06,26.75,2020-03-09,25.412499999999998,1,-0.05160000000000004,Extreme_Risk_Stop
002971,2020-03-23,22.0,2020-03-24,22.6,1,0.025672727272727337,Maximum_Holding_Period
002972,2020-02-10,21.43,2020-02-11,21.61,1,0.006799440037330841,Maximum_Holding_Period
002972,2026-08-11,13.7,2026-08-12,13.8,1,0.005699270072992803,Maximum_Holding_Period
002975,2022-05-06,32.12,2022-05-09,32.56,1,0.012098630136986355,Maximum_Holding_Period
002976,2024-05-07,24.77,2024-05-08,24.87,1,0.0024371417036737524,Maximum_Holding_Period
002976,2026-07-06,26.43,2026-07-07,25.63,1,-0.03186863412788505,Trend_Break_Stop
002976,2026-07-13,26.2,2026-07-14,24.889999999999997,1,-0.05160000000000004,Extreme_Risk_Stop
002977,2020-09-02,128.5,2020-09-03,127.15,1,-0.01210583657587545,Trend_Break_Stop
002977,2022-05-05,46.5,2022-05-06,49.0,1,0.05216344086021501,Maximum_Holding_Period
002977,2022-06-28,40.5,2022-06-29,45.55,1,0.12309135802469133,Maximum_Holding_Period
002979,2025-04-16,42.2,2025-04-17,40.96,1,-0.030983886255924253,Trend_Break_Stop
002982,2024-06-13,16.8,2024-06-14,15.959999999999999,1,-0.05160000000000004,Extreme_Risk_Stop
002984,2024-05-07,26.51,2024-05-08,26.26,1,-0.011030403621275008,Maximum_Holding_Period
002992,2020-09-04,36.7,2020-09-07,35.6,1,-0.031572752043596726,Trend_Break_Stop
002993,2020-10-29,80.1,2020-10-30,76.5,1,-0.046543820224718986,Trend_Break_Stop
002993,2021-01-15,63.9,2021-01-18,65.14,1,0.017805320813771442,Maximum_Holding_Period
002995,2020-09-17,59.54,2020-09-18,60.95,1,0.022081558616056585,Maximum_Holding_Period
002995,2022-05-10,19.36,2022-05-11,19.26,1,-0.006765289256198191,Maximum_Holding_Period
002995,2022-12-16,24.0,2022-12-19,25.64,1,0.06673333333333335,Maximum_Holding_Period
002995,2023-07-17,32.55,2023-07-18,30.922499999999996,1,-0.05160000000000004,Extreme_Risk_Stop
002996,2020-10-13,13.2,2020-10-14,13.29,1,0.0052181818181818345,Maximum_Holding_Period
002997,2020-10-14,20.52,2020-10-15,21.37,1,0.03982300194931781,Maximum_Holding_Period
002997,2020-10-16,21.0,2020-10-19,19.95,1,-0.05160000000000004,Extreme_Risk_Stop
002997,2021-05-20,18.7,2021-05-21,18.79,1,0.0032128342245989943,Maximum_Holding_Period
002998,2021-03-23,12.05,2021-03-24,11.4475,1,-0.05160000000000004,Extreme_Risk_Stop
002999,2022-05-06,6.66,2022-05-09,6.73,1,0.00891051051051055,Maximum_Holding_Period
002999,2024-02-21,5.42,2024-02-22,5.75,1,0.059285608856088516,Maximum_Holding_Period
003002,2022-05-05,10.45,2022-05-06,10.68,1,0.020409569377990478,Maximum_Holding_Period
003002,2022-05-06,10.46,2022-05-09,11.11,1,0.060541491395793394,Maximum_Holding_Period
003002,2022-05-10,10.95,2022-05-11,11.41,1,0.0404091324200913,Maximum_Holding_Period
003003,2022-10-28,9.36,2022-10-31,9.62,1,0.02617777777777768,Maximum_Holding_Period
003003,2025-05-15,12.17,2025-05-16,11.96,1,-0.01885554642563676,Maximum_Holding_Period
003004,2024-04-22,21.35,2024-04-23,21.13,1,-0.011904449648712023,Maximum_Holding_Period
003005,2022-12-07,48.89,2022-12-08,47.19,1,-0.03637193700143188,Trend_Break_Stop
003006,2022-05-06,9.89,2022-05-09,10.44,1,0.0540117290192113,Maximum_Holding_Period
003007,2022-03-15,27.6,2022-03-16,29.41,1,0.06397971014492758,Maximum_Holding_Period
003007,2022-03-16,27.65,2022-03-17,30.33,1,0.09532585895117544,Maximum_Holding_Period
003007,2023-09-26,24.67,2023-09-27,25.84,1,0.045826023510336315,Maximum_Holding_Period
003007,2023-12-13,32.62,2023-12-14,31.58,1,-0.03348228080931943,Trend_Break_Stop
003007,2024-02-21,29.93,2024-02-22,31.44,1,0.04885105245573001,Maximum_Holding_Period
003007,2025-04-15,28.06,2025-04-16,27.41,1,-0.024764647184604315,Trend_Break_Stop
003007,2026-06-17,40.6,2026-06-18,40.9,1,0.00578916256157629,Maximum_Holding_Period
003009,2020-11-11,66.62,2020-11-12,66.7,1,-0.00039915941158814427,Trend_Break_Stop
003009,2020-11-12,69.72,2020-11-13,66.234,1,-0.05160000000000004,Extreme_Risk_Stop
003009,2026-08-06,48.51,2026-08-07,50.67,1,0.042926901669758925,Maximum_Holding_Period
003011,2021-06-23,32.19,2021-06-24,32.84,1,0.018592606399503043,Maximum_Holding_Period
003015,2024-01-24,11.84,2024-01-25,12.15,1,0.024582432432432456,Maximum_Holding_Period
003017,2022-05-06,29.5,2022-05-09,30.44,1,0.030264406779660958,Maximum_Holding_Period
003019,2025-04-16,27.99,2025-04-17,26.5905,1,-0.05160000000000004,Extreme_Risk_Stop
003019,2025-04-24,27.31,2025-04-25,28.04,1,0.025130135481508598,Maximum_Holding_Period
003021,2022-05-10,28.85,2022-05-11,31.19,1,0.07950918544194101,Maximum_Holding_Period
003021,2022-10-20,54.98,2022-10-21,52.58,1,-0.04525223717715527,Trend_Break_Stop
003021,2024-02-20,56.1,2024-02-21,57.98,1,0.03191158645276287,Maximum_Holding_Period
003021,2024-06-14,52.0,2024-06-17,52.77,1,0.013207692307692299,Trend_Break_Stop
003022,2021-03-19,26.71,2021-03-22,27.17,1,0.015622014226881299,Maximum_Holding_Period
003022,2022-05-06,18.98,2022-05-09,19.63,1,0.03264657534246567,Maximum_Holding_Period
003022,2022-10-28,34.38,2022-10-31,32.661,1,-0.05160000000000004,Extreme_Risk_Stop
003025,2023-07-03,16.0,2023-07-04,15.75,1,-0.017225,Maximum_Holding_Period
003026,2021-03-03,67.37,2021-03-04,67.4,1,-0.0011546979367671002,Maximum_Holding_Period
003026,2026-06-18,35.87,2026-06-22,38.56,1,0.07339303038751059,Maximum_Holding_Period
003026,2026-08-11,29.28,2026-08-12,29.73,1,0.013768852459016313,Maximum_Holding_Period
003027,2022-11-03,20.86,2022-11-04,21.91,1,0.048735570469798754,Maximum_Holding_Period
003028,2024-02-05,34.32,2024-02-06,32.604,1,-0.05160000000000004,Extreme_Risk_Stop
003029,2022-05-06,18.63,2022-05-09,18.93,1,0.014503059581320522,Maximum_Holding_Period
003032,2021-05-13,19.8,2021-05-14,20.18,1,0.017591919191919204,Maximum_Holding_Period
003032,2021-05-14,20.23,2021-05-17,20.08,1,-0.0090147305981217,Maximum_Holding_Period
003032,2021-08-03,24.01,2021-08-04,24.69,1,0.026721532694710604,Maximum_Holding_Period
003032,2022-05-06,12.86,2022-05-09,13.44,1,0.04350108864696738,Maximum_Holding_Period
003035,2021-03-01,6.33,2021-03-02,7.54,1,0.1895532385466035,Maximum_Holding_Period
003037,2021-05-11,16.1,2021-05-12,15.295,1,-0.05160000000000004,Extreme_Risk_Stop
003038,2021-05-11,31.71,2021-05-12,31.94,1,0.005653232418795275,Maximum_Holding_Period
003039,2022-05-06,16.5,2022-05-09,17.0,1,0.028703030303030275,Maximum_Holding_Period
003040,2021-06-21,30.94,2021-06-22,30.93,1,-0.0019232062055591454,Maximum_Holding_Period
003040,2022-05-10,19.27,2022-05-11,19.67,1,0.019157654385054502,Trend_Break_Stop
003040,2022-05-11,19.88,2022-05-12,20.38,1,0.02355090543259557,Maximum_Holding_Period
003041,2026-07-29,35.7,2026-07-30,35.98,1,0.006243137254901711,Maximum_Holding_Period
003042,2022-02-16,31.24,2022-02-17,31.31,1,0.0006407170294493907,Maximum_Holding_Period
003042,2022-02-17,31.89,2022-02-18,30.2955,1,-0.05160000000000004,Extreme_Risk_Stop
003042,2022-07-15,18.12,2022-07-18,18.15,1,5.5629139072800766e-05,Maximum_Holding_Period
003042,2024-02-22,15.68,2024-02-23,16.48,1,0.049420408163265254,Maximum_Holding_Period
003043,2022-09-07,83.81,2022-09-08,90.57,1,0.07905863262140538,Maximum_Holding_Period
003043,2022-10-17,68.22,2022-10-18,71.2,1,0.042082204632072844,Maximum_Holding_Period
003043,2025-06-25,42.59,2025-06-26,42.42,1,-0.005591547311575472,Maximum_Holding_Period
003043,2025-07-02,43.51,2025-07-03,43.23,1,-0.008035302229372609,Trend_Break_Stop
300003,2024-09-02,9.91,2024-09-03,9.67,1,-0.025817961654894094,Trend_Break_Stop
300004,2022-05-06,5.34,2022-05-09,5.44,1,0.01712659176029967,Maximum_Holding_Period
300004,2026-07-28,7.63,2026-07-29,7.86,1,0.028544167758846762,Maximum_Holding_Period
300005,2020-10-13,5.43,2020-10-14,5.5,1,0.011291344383057168,Maximum_Holding_Period
300006,2021-11-11,5.52,2021-11-12,5.49,1,-0.007034782608695565,Maximum_Holding_Period
300006,2022-05-05,4.03,2022-05-06,3.99,1,-0.01152555831265507,Maximum_Holding_Period
300007,2020-02-12,13.3,2020-02-13,13.52,1,0.014941353383458634,Trend_Break_Stop
300007,2020-03-30,14.0,2020-03-31,13.299999999999999,1,-0.05160000000000004,Extreme_Risk_Stop
300007,2022-05-06,14.52,2022-05-09,14.82,1,0.01906115702479343,Maximum_Holding_Period
300007,2025-04-16,34.03,2025-04-17,33.17,1,-0.02687181898325004,Trend_Break_Stop
300008,2025-04-15,5.84,2025-04-16,5.548,1,-0.05159999999999993,Extreme_Risk_Stop
300010,2021-04-08,7.89,2021-04-09,7.86,1,-0.005402281368821214,Maximum_Holding_Period
300010,2021-08-04,3.88,2021-08-05,4.37,1,0.12468865979381442,Maximum_Holding_Period
300010,2022-05-06,2.58,2022-05-09,2.66,1,0.02940775193798455,Maximum_Holding_Period
300010,2023-06-02,2.0,2023-06-05,2.14,1,0.06840000000000006,Maximum_Holding_Period
300010,2026-07-03,2.14,2026-07-06,2.22,1,0.035783177570093465,Maximum_Holding_Period
300011,2021-10-22,7.7,2021-10-25,7.3149999999999995,1,-0.05160000000000004,Extreme_Risk_Stop
300013,2020-08-26,7.64,2020-08-27,7.66,1,0.001017801047120505,Maximum_Holding_Period
300013,2024-04-26,2.13,2024-04-30,2.0235,1,-0.05160000000000004,Extreme_Risk_Stop
300016,2022-05-06,6.65,2022-05-09,7.03,1,0.055542857142857165,Maximum_Holding_Period
300017,2026-03-19,17.94,2026-03-20,17.53,1,-0.024453957636566392,Trend_Break_Stop
300018,2026-06-17,12.12,2026-06-18,12.54,1,0.03305346534653469,Maximum_Holding_Period
300019,2021-09-14,23.88,2021-09-15,23.51,1,-0.017094137353433746,Trend_Break_Stop
300019,2021-09-15,23.6,2021-09-16,22.42,1,-0.05159999999999993,Extreme_Risk_Stop
300019,2021-10-19,19.32,2021-10-20,20.28,1,0.048089440993788916,Maximum_Holding_Period
300019,2026-08-05,14.9,2026-08-06,14.99,1,0.0044402684563758415,Maximum_Holding_Period
300020,2022-05-06,6.49,2022-05-09,6.84,1,0.052329121725731835,Maximum_Holding_Period
300020,2022-05-10,6.63,2022-05-11,6.97,1,0.049682051282051325,Maximum_Holding_Period
300022,2022-05-05,4.65,2022-05-06,4.52,1,-0.029556989247312048,Trend_Break_Stop
300023,2021-05-27,7.89,2021-05-28,8.34,1,0.05543422053231933,Maximum_Holding_Period
300026,2020-05-07,5.95,2020-05-08,5.83,1,-0.021768067226890796,Trend_Break_Stop
300026,2022-02-22,6.22,2022-02-23,6.75,1,0.08360900321543423,Maximum_Holding_Period
300026,2022-05-05,5.67,2022-05-06,5.97,1,0.0513100529100528,Maximum_Holding_Period
300026,2022-05-06,5.75,2022-05-09,6.24,1,0.08361739130434791,Maximum_Holding_Period
300027,2023-06-02,2.98,2023-06-05,3.1,1,0.03866845637583887,Maximum_Holding_Period
300027,2023-06-05,2.99,2023-06-06,3.07,1,0.025155852842809346,Maximum_Holding_Period
300027,2026-03-09,1.74,2026-03-10,1.75,1,0.004147126436781658,Maximum_Holding_Period
300029,2022-09-08,10.22,2022-09-09,10.52,1,0.02775420743639905,Maximum_Holding_Period
300030,2022-05-10,6.7,2022-05-11,6.82,1,0.016310447761193992,Maximum_Holding_Period
300032,2024-11-21,5.52,2024-11-22,5.244,1,-0.05159999999999993,Extreme_Risk_Stop
300032,2025-01-10,4.33,2025-01-13,4.1135,1,-0.05159999999999993,Extreme_Risk_Stop
300033,2023-07-17,167.05,2023-07-18,166.36,1,-0.0057304998503441935,Maximum_Holding_Period
300035,2021-08-03,23.31,2021-08-04,25.52,1,0.09320909480909494,Maximum_Holding_Period
300035,2026-07-22,12.69,2026-07-23,13.15,1,0.03464901497241928,Maximum_Holding_Period
300036,2022-05-05,16.7,2022-05-06,17.14,1,0.024747305389221586,Maximum_Holding_Period
300037,2022-05-06,64.74,2022-05-09,70.0,1,0.07964806919987648,Maximum_Holding_Period
300038,2021-02-26,2.61,2021-03-01,2.79,1,0.06736551724137944,Maximum_Holding_Period
300038,2021-05-14,2.15,2021-05-17,2.0425,1,-0.05159999999999993,Extreme_Risk_Stop
300040,2021-10-21,9.8,2021-10-22,9.62,1,-0.01996734693877562,Trend_Break_Stop
300040,2026-04-22,7.02,2026-04-23,7.36,1,0.046833048433048634,Maximum_Holding_Period
300042,2025-04-07,24.4,2025-04-08,23.179999999999996,1,-0.05160000000000015,Extreme_Risk_Stop
300042,2026-08-10,42.0,2026-08-11,41.99,1,-0.0018380952380951483,Trend_Break_Stop
300043,2020-10-14,4.28,2020-10-15,4.11,1,-0.04131962616822433,Trend_Break_Stop
300043,2022-05-06,2.58,2022-05-09,2.72,1,0.05266356589147297,Maximum_Holding_Period
300043,2023-05-31,3.78,2023-06-01,3.97,1,0.04866455026455046,Maximum_Holding_Period
300043,2023-06-05,3.98,2023-06-06,4.1,1,0.02855075376884413,Maximum_Holding_Period
300044,2022-09-08,4.36,2022-09-09,4.142,1,-0.05160000000000004,Extreme_Risk_Stop
300044,2024-04-22,4.82,2024-04-23,4.81,1,-0.0036746887966806014,Trend_Break_Stop
300044,2024-06-21,4.15,2024-06-24,3.9425000000000003,1,-0.05160000000000004,Extreme_Risk_Stop
300045,2020-04-03,10.84,2020-04-07,11.66,1,0.07404575645756455,Maximum_Holding_Period
300046,2022-05-06,13.58,2022-05-09,13.87,1,0.01975493372606767,Maximum_Holding_Period
300047,2022-03-23,8.9,2022-03-24,8.455,1,-0.05160000000000004,Extreme_Risk_Stop
300047,2022-05-10,6.16,2022-05-11,6.36,1,0.030867532467532533,Maximum_Holding_Period
300048,2022-05-05,4.9,2022-05-06,4.95,1,0.00860408163265296,Maximum_Holding_Period
300049,2026-06-16,42.93,2026-06-17,41.07,1,-0.044926345213137604,Trend_Break_Stop
300051,2020-02-26,11.41,2020-02-27,10.8395,1,-0.05160000000000004,Extreme_Risk_Stop
300051,2020-02-28,11.01,2020-03-02,10.459499999999998,1,-0.05160000000000015,Extreme_Risk_Stop
300051,2021-05-10,3.2,2021-05-11,3.36,1,0.048399999999999825,Maximum_Holding_Period
300051,2021-05-26,3.02,2021-05-27,3.12,1,0.0315125827814569,Maximum_Holding_Period
300052,2022-02-22,26.01,2022-02-23,25.22,1,-0.03197293348712044,Trend_Break_Stop
300053,2022-05-06,7.39,2022-05-09,7.58,1,0.024110419485791557,Maximum_Holding_Period
300053,2024-04-22,9.81,2024-04-23,9.83,1,0.0004387359836899767,Maximum_Holding_Period
300054,2020-04-08,11.44,2020-04-09,11.79,1,0.028994405594405626,Maximum_Holding_Period
300056,2020-10-13,8.36,2020-10-14,8.62,1,0.029500478468899517,Maximum_Holding_Period
300056,2021-01-18,5.18,2021-01-19,5.61,1,0.08141158301158317,Maximum_Holding_Period
300056,2021-01-19,5.2,2021-01-20,5.41,1,0.038784615384615466,Maximum_Holding_Period
300056,2024-11-12,15.82,2024-11-13,15.029,1,-0.05160000000000004,Extreme_Risk_Stop
300057,2024-04-29,4.51,2024-04-30,4.65,1,0.0294421286031044,Maximum_Holding_Period
300057,2026-08-06,6.31,2026-08-07,6.53,1,0.03326529318542009,Maximum_Holding_Period
300058,2023-06-01,10.83,2023-06-02,11.56,1,0.06580535549399817,Maximum_Holding_Period
300058,2023-07-17,9.42,2023-07-18,9.05,1,-0.04087813163481941,Trend_Break_Stop
300058,2025-06-13,6.7,2025-06-16,6.7,1,-0.0015999999999999999,Maximum_Holding_Period
300061,2020-12-02,6.05,2020-12-03,5.92,1,-0.023087603305785142,Trend_Break_Stop
300061,2022-02-14,8.9,2022-02-15,8.88,1,-0.003847191011235938,Trend_Break_Stop
300061,2024-07-16,3.94,2024-07-17,4.0,1,0.01362842639593902,Maximum_Holding_Period
300061,2024-07-17,3.94,2024-07-18,4.09,1,0.03647106598984778,Maximum_Holding_Period
300061,2025-01-17,12.32,2025-01-20,11.97,1,-0.03000909090909083,Trend_Break_Stop
300062,2020-03-26,6.74,2020-03-27,6.403,1,-0.05160000000000004,Extreme_Risk_Stop
300062,2025-12-02,8.62,2025-12-03,8.48,1,-0.017841299303944135,Trend_Break_Stop
300062,2026-06-17,6.33,2026-06-18,6.0135,1,-0.05160000000000004,Extreme_Risk_Stop
300063,2020-02-18,3.84,2020-02-19,4.09,1,0.06350416666666674,Maximum_Holding_Period
300063,2022-05-06,3.44,2022-05-09,4.25,1,0.23386511627906975,Maximum_Holding_Period
300063,2023-12-04,6.88,2023-12-05,7.07,1,0.0260162790697676,Maximum_Holding_Period
300063,2024-04-25,4.3,2024-04-26,4.4,1,0.021655813953488413,Maximum_Holding_Period
300063,2024-11-22,10.07,2024-11-25,9.5665,1,-0.05160000000000004,Extreme_Risk_Stop
300064,2020-03-23,3.07,2020-03-24,3.13,1,0.017943973941368086,Maximum_Holding_Period
300064,2021-05-10,1.97,2021-05-11,2.56,1,0.29789238578680216,Maximum_Holding_Period
300065,2022-05-06,10.3,2022-05-09,10.64,1,0.03140970873786402,Maximum_Holding_Period
300065,2022-12-27,14.15,2022-12-28,13.442499999999999,1,-0.05160000000000004,Extreme_Risk_Stop
300067,2020-10-15,5.51,2020-10-16,6.15,1,0.11455245009074426,Maximum_Holding_Period
300067,2025-04-24,5.41,2025-04-25,5.17,1,-0.04596229205175601,Trend_Break_Stop
300067,2026-06-17,5.47,2026-06-18,5.59,1,0.020337842778793514,Maximum_Holding_Period
300067,2026-06-18,5.52,2026-06-22,5.62,1,0.016515942028985587,Maximum_Holding_Period
300067,2026-07-24,4.6,2026-07-27,4.68,1,0.015791304347826208,Maximum_Holding_Period
300069,2020-10-14,16.7,2020-10-15,16.83,1,0.006184431137724424,Maximum_Holding_Period
300069,2024-06-17,10.92,2024-06-18,10.83,1,-0.009841758241758213,Trend_Break_Stop
300069,2025-06-26,18.88,2025-06-27,18.87,1,-0.0021296610169490677,Maximum_Holding_Period
300071,2020-09-24,3.65,2020-09-25,3.4675,1,-0.05160000000000004,Extreme_Risk_Stop
300071,2021-01-18,2.04,2021-01-19,2.26,1,0.1062431372549018,Maximum_Holding_Period
300072,2024-10-28,3.69,2024-10-29,3.61,1,-0.02328021680216803,Trend_Break_Stop
300073,2026-07-22,40.75,2026-07-23,40.85,1,0.0008539877300613357,Maximum_Holding_Period
300074,2022-05-06,3.26,2022-05-09,3.38,1,0.03520981595092026,Maximum_Holding_Period
300074,2022-05-10,3.33,2022-05-11,3.4,1,0.01942102102102088,Maximum_Holding_Period
300074,2024-04-19,3.72,2024-04-22,3.81,1,0.022593548387096752,Maximum_Holding_Period
300075,2022-02-14,22.5,2022-02-15,23.09,1,0.024622222222222146,Trend_Break_Stop
300075,2023-08-02,19.4,2023-08-03,19.62,1,0.009740206185567191,Maximum_Holding_Period
300076,2020-12-31,5.09,2021-01-04,5.13,1,0.006258546168958647,Maximum_Holding_Period
300076,2024-01-26,5.06,2024-01-29,4.8069999999999995,1,-0.05160000000000004,Extreme_Risk_Stop
300076,2024-04-25,3.66,2024-04-26,3.76,1,0.025722404371584507,Maximum_Holding_Period
300076,2026-04-29,4.94,2026-05-06,4.6930000000000005,1,-0.05159999999999993,Extreme_Risk_Stop
300077,2021-08-17,30.0,2021-08-18,32.53,1,0.08273333333333337,Maximum_Holding_Period
300077,2022-05-06,14.2,2022-05-09,15.06,1,0.058963380281690285,Maximum_Holding_Period
300077,2022-05-10,14.84,2022-05-11,15.6,1,0.04961293800539073,Maximum_Holding_Period
300077,2022-05-11,15.35,2022-05-12,15.75,1,0.024458631921824115,Maximum_Holding_Period
300077,2023-05-10,14.78,2023-05-11,14.87,1,0.004489309878213767,Maximum_Holding_Period
300077,2024-02-08,7.49,2024-02-19,9.72,1,0.2961303070761015,Maximum_Holding_Period
300078,2020-03-23,13.25,2020-03-24,13.91,1,0.04821132075471706,Maximum_Holding_Period
300078,2022-05-06,4.43,2022-05-09,4.67,1,0.052576072234763065,Maximum_Holding_Period
300079,2022-05-06,4.57,2022-05-09,4.62,1,0.00934091903719918,Maximum_Holding_Period
300080,2020-06-03,4.9,2020-06-04,4.76,1,-0.030171428571428693,Trend_Break_Stop
300081,2021-12-10,14.16,2021-12-13,18.0,1,0.26958644067796605,Maximum_Holding_Period
300081,2022-10-19,6.56,2022-10-20,6.4,1,-0.025990243902438936,Trend_Break_Stop
300081,2024-02-27,7.71,2024-02-28,7.3245,1,-0.05160000000000004,Extreme_Risk_Stop
300082,2021-01-19,13.0,2021-01-20,13.2,1,0.01378461538461533,Maximum_Holding_Period
300082,2021-11-19,17.31,2021-11-22,18.41,1,0.06194708261120745,Maximum_Holding_Period
300082,2025-04-16,5.8,2025-04-17,5.94,1,0.022537931034482917,Maximum_Holding_Period
300082,2025-04-18,5.92,2025-04-21,6.25,1,0.054143243243243204,Maximum_Holding_Period
300082,2026-07-30,7.5,2026-07-31,7.57,1,0.007733333333333416,Maximum_Holding_Period
300083,2021-03-19,12.13,2021-03-22,13.38,1,0.101450288540808,Maximum_Holding_Period
300085,2022-02-11,13.88,2022-02-14,13.95,1,0.003443227665705974,Maximum_Holding_Period
300085,2022-02-14,13.88,2022-02-15,13.69,1,-0.0152887608069165,Trend_Break_Stop
300085,2022-03-01,13.7,2022-03-02,13.69,1,-0.0023299270072992357,Maximum_Holding_Period
300085,2022-05-06,8.79,2022-05-09,8.99,1,0.021153128555176526,Maximum_Holding_Period
300085,2023-06-01,12.02,2023-06-02,12.54,1,0.04166123128119797,Maximum_Holding_Period
300085,2024-11-29,48.35,2024-12-02,51.18,1,0.0569315408479834,Maximum_Holding_Period
300085,2026-07-31,28.53,2026-08-03,29.84,1,0.044316579039607444,Maximum_Holding_Period
300086,2020-08-28,6.98,2020-08-31,6.87,1,-0.017359312320916986,Trend_Break_Stop
300086,2020-11-24,6.49,2020-11-25,6.32,1,-0.027794144838212586,Trend_Break_Stop
300086,2024-02-26,4.83,2024-02-27,5.09,1,0.05223022774327118,Maximum_Holding_Period
300086,2026-01-27,10.75,2026-01-28,10.29,1,-0.044390697674418673,Trend_Break_Stop
300087,2020-02-20,13.91,2020-02-21,14.68,1,0.05375585909417673,Maximum_Holding_Period
300087,2021-10-12,29.81,2021-10-13,29.08,1,-0.026088426702448885,Trend_Break_Stop
300087,2023-06-02,10.49,2023-06-05,10.35,1,-0.014946043851287016,Trend_Break_Stop
300087,2024-11-21,11.2,2024-11-22,10.84,1,-0.03374285714285714,Maximum_Holding_Period
300087,2024-11-29,11.2,2024-12-02,12.07,1,0.07607857142857148,Maximum_Holding_Period
300087,2025-05-08,9.56,2025-05-09,9.54,1,-0.0036920502092051095,Maximum_Holding_Period
300087,2026-07-16,5.02,2026-07-17,4.97,1,-0.011560159362549793,Trend_Break_Stop
300087,2026-07-17,5.09,2026-07-20,4.94,1,-0.031069548133595148,Trend_Break_Stop
300089,2022-10-17,3.13,2022-10-18,3.58,1,0.1421699680511182,Maximum_Holding_Period
300089,2022-12-20,2.21,2022-12-21,2.0995,1,-0.05160000000000004,Extreme_Risk_Stop
300093,2022-08-09,50.0,2022-08-10,53.29,1,0.06420000000000008,Maximum_Holding_Period
300093,2024-02-26,20.63,2024-02-27,21.76,1,0.05317460009694624,Maximum_Holding_Period
300093,2024-11-22,18.4,2024-11-25,18.35,1,-0.0043173913043476715,Trend_Break_Stop
300093,2026-07-22,19.62,2026-07-23,20.67,1,0.051916819571865384,Maximum_Holding_Period
300093,2026-07-27,20.13,2026-07-28,21.36,1,0.059502831594634924,Maximum_Holding_Period
300094,2021-02-04,3.93,2021-02-05,3.7335,1,-0.05160000000000004,Extreme_Risk_Stop
300094,2022-03-01,5.7,2022-03-02,5.73,1,0.0036631578947368586,Maximum_Holding_Period
300094,2022-05-06,5.15,2022-05-09,5.3,1,0.027526213592232996,Maximum_Holding_Period
300095,2022-01-27,15.28,2022-01-28,14.515999999999998,1,-0.05160000000000004,Extreme_Risk_Stop
300096,2023-05-05,6.29,2023-05-08,6.75,1,0.07153195548489659,Maximum_Holding_Period
300096,2024-04-26,3.51,2024-04-29,3.56,1,0.012645014245014342,Maximum_Holding_Period
300096,2024-06-14,2.2,2024-06-17,2.23,1,0.012036363636363446,Trend_Break_Stop
300097,2022-05-06,4.91,2022-05-09,5.0,1,0.016729938900203623,Maximum_Holding_Period
300098,2021-01-05,4.1,2021-01-06,3.92,1,-0.04550243902439017,Trend_Break_Stop
300099,2020-04-08,5.7,2020-04-09,5.95,1,0.042259649122806935,Maximum_Holding_Period
300099,2020-08-26,8.69,2020-08-27,8.2555,1,-0.05160000000000004,Extreme_Risk_Stop
300099,2020-08-31,8.72,2020-09-01,9.4,1,0.07638165137614665,Maximum_Holding_Period
300099,2020-09-01,8.82,2020-09-02,11.17,1,0.2648399092970522,Maximum_Holding_Period
300099,2026-07-13,6.18,2026-07-14,5.8709999999999996,1,-0.05160000000000004,Extreme_Risk_Stop
300100,2020-10-16,11.62,2020-10-19,11.75,1,0.009587607573149848,Trend_Break_Stop
300102,2020-03-06,6.6,2020-03-09,6.27,1,-0.05160000000000004,Extreme_Risk_Stop
300102,2020-04-08,5.26,2020-04-09,5.39,1,0.023114828897338447,Maximum_Holding_Period
300102,2020-09-21,9.99,2020-09-22,9.490499999999999,1,-0.05160000000000015,Extreme_Risk_Stop
300103,2022-05-06,7.14,2022-05-09,7.57,1,0.05862408963585435,Maximum_Holding_Period
300103,2024-07-15,4.24,2024-07-16,4.14,1,-0.02518490566037752,Trend_Break_Stop
300105,2022-10-13,6.03,2022-10-14,6.28,1,0.0398593698175787,Maximum_Holding_Period
300105,2022-10-17,6.22,2022-10-18,6.6,1,0.059493247588424496,Maximum_Holding_Period
300105,2026-08-06,7.93,2026-08-07,7.88,1,-0.007905170239596426,Trend_Break_Stop
300106,2020-09-24,15.0,2020-09-25,14.25,1,-0.05160000000000004,Extreme_Risk_Stop
300106,2020-10-15,13.93,2020-10-16,13.84,1,-0.008060875807609457,Trend_Break_Stop
300106,2025-01-15,8.56,2025-01-16,8.81,1,0.027605607476635586,Maximum_Holding_Period
300106,2025-05-09,11.07,2025-05-12,10.88,1,-0.018763504968382926,Trend_Break_Stop
300108,2025-01-17,1.4,2025-01-20,1.3299999999999998,1,-0.05160000000000004,Extreme_Risk_Stop
300109,2022-05-06,12.81,2022-05-09,13.49,1,0.05148352849336462,Maximum_Holding_Period
300110,2022-05-06,3.51,2022-05-09,3.65,1,0.038286039886039895,Maximum_Holding_Period
300113,2020-03-23,22.83,2020-03-24,21.688499999999998,1,-0.05160000000000004,Extreme_Risk_Stop
300113,2022-05-06,9.95,2022-05-09,10.17,1,0.020510552763819235,Maximum_Holding_Period
300115,2020-03-23,20.35,2020-03-24,19.3325,1,-0.05160000000000004,Extreme_Risk_Stop
300115,2021-06-22,17.86,2021-06-23,21.11,1,0.1803708846584547,Maximum_Holding_Period
300116,2020-09-24,3.76,2020-09-25,3.5719999999999996,1,-0.05160000000000004,Extreme_Risk_Stop
300116,2020-10-15,3.76,2020-10-16,3.84,1,0.01967659574468077,Maximum_Holding_Period
300117,2024-01-29,2.07,2024-01-30,1.9664999999999997,1,-0.05160000000000004,Extreme_Risk_Stop
300118,2026-07-24,9.42,2026-07-27,9.31,1,-0.013277282377919208,Maximum_Holding_Period
300120,2020-04-10,6.92,2020-04-13,6.574,1,-0.05160000000000004,Extreme_Risk_Stop
300120,2022-01-14,9.14,2022-01-17,9.58,1,0.04654004376367609,Maximum_Holding_Period
300120,2026-08-05,6.51,2026-08-06,6.82,1,0.046019047619047675,Maximum_Holding_Period
300122,2020-12-03,127.3,2020-12-04,139.31,1,0.09274406912804393,Maximum_Holding_Period
300122,2022-05-12,100.1,2022-05-13,98.75,1,-0.01508651348651342,Trend_Break_Stop
300123,2020-04-08,11.32,2020-04-09,11.46,1,0.010767491166077826,Maximum_Holding_Period
300124,2021-03-19,86.0,2021-03-22,88.7,1,0.029795348837209402,Maximum_Holding_Period
300125,2024-08-21,3.52,2024-08-22,4.14,1,0.17453636363636355,Maximum_Holding_Period
300125,2024-08-26,3.88,2024-08-27,4.67,1,0.20200824742268036,Maximum_Holding_Period
300125,2025-04-15,7.19,2025-04-16,6.8305,1,-0.05160000000000004,Extreme_Risk_Stop
300126,2021-01-18,6.49,2021-01-19,7.27,1,0.11858489984591673,Maximum_Holding_Period
300130,2022-05-06,12.1,2022-05-09,12.67,1,0.04550743801652906,Maximum_Holding_Period
300130,2024-11-07,26.55,2024-11-08,27.09,1,0.01873898305084736,Maximum_Holding_Period
300131,2022-05-05,4.24,2022-05-06,4.23,1,-0.003958490566037652,Trend_Break_Stop
300131,2022-05-06,4.23,2022-05-09,4.31,1,0.017312529550827228,Maximum_Holding_Period
300131,2025-11-26,11.4,2025-11-27,12.84,1,0.12471578947368415,Maximum_Holding_Period
300132,2021-08-11,16.01,2021-08-12,16.05,1,0.000898438475952547,Maximum_Holding_Period
300132,2021-11-09,10.14,2021-11-10,10.15,1,-0.0006138067061145043,Maximum_Holding_Period
300133,2024-04-25,7.0,2024-04-26,8.0,1,0.1412571428571428,Maximum_Holding_Period
300134,2022-05-05,6.82,2022-05-06,6.84,1,0.0013325513196480914,Maximum_Holding_Period
300134,2024-09-26,9.02,2024-09-27,10.22,1,0.1314376940133038,Maximum_Holding_Period
300135,2020-09-24,3.55,2020-09-25,3.3724999999999996,1,-0.05160000000000004,Extreme_Risk_Stop
300135,2022-05-06,2.35,2022-05-09,2.41,1,0.023931914893617057,Maximum_Holding_Period
300135,2024-04-19,2.65,2024-04-22,2.59,1,-0.02424150943396226,Trend_Break_Stop
300136,2026-07-13,96.0,2026-07-14,91.19999999999999,1,-0.05160000000000015,Extreme_Risk_Stop
300136,2026-08-11,65.98,2026-08-12,68.58,1,0.0378058805698696,Maximum_Holding_Period
300139,2020-12-04,12.19,2020-12-07,12.36,1,0.012345857260049265,Maximum_Holding_Period
300139,2024-06-11,11.51,2024-06-12,12.25,1,0.0626919200695049,Trend_Break_Stop
300140,2020-05-07,9.22,2020-05-08,9.38,1,0.015753579175704902,Maximum_Holding_Period
300140,2021-04-08,6.75,2021-04-09,6.4125,1,-0.05160000000000004,Extreme_Risk_Stop
300141,2020-04-08,8.56,2020-04-09,8.65,1,0.008914018691588855,Maximum_Holding_Period
300141,2020-04-21,9.4,2020-04-22,9.39,1,-0.0026638297872340717,Trend_Break_Stop
300141,2021-01-21,8.91,2021-01-22,9.7,1,0.08706442199775526,Maximum_Holding_Period
300141,2026-02-03,15.55,2026-02-04,15.83,1,0.01640643086816711,Maximum_Holding_Period
300141,2026-02-04,15.8,2026-02-05,15.09,1,-0.04653670886075951,Trend_Break_Stop
300142,2021-03-19,41.4,2021-03-22,43.95,1,0.05999420289855078,Maximum_Holding_Period
300143,2021-07-20,20.54,2021-07-21,22.13,1,0.07580993184031164,Maximum_Holding_Period
300143,2026-06-25,7.08,2026-06-26,6.726,1,-0.05160000000000004,Extreme_Risk_Stop
300145,2026-08-06,4.38,2026-08-07,4.5,1,0.02579726027397271,Maximum_Holding_Period
300146,2024-10-25,13.34,2024-10-28,12.673,1,-0.05159999999999993,Extreme_Risk_Stop
300147,2025-01-08,10.53,2025-01-09,10.68,1,0.012645014245014342,Maximum_Holding_Period
300147,2025-01-09,10.6,2025-01-10,10.069999999999999,1,-0.05160000000000015,Extreme_Risk_Stop
300148,2023-06-05,5.21,2023-06-06,5.77,1,0.10588560460652578,Maximum_Holding_Period
300149,2022-05-10,9.88,2022-05-11,10.03,1,0.013582186234817595,Maximum_Holding_Period
300150,2022-05-06,3.6,2022-05-09,3.75,1,0.04006666666666674,Maximum_Holding_Period
300152,2021-09-01,4.73,2021-09-02,4.4935,1,-0.05160000000000004,Extreme_Risk_Stop
300152,2021-09-10,4.59,2021-09-13,4.6,1,0.0005786492374726853,Maximum_Holding_Period
300153,2023-05-17,8.55,2023-05-18,8.68,1,0.013604678362572998,Maximum_Holding_Period
300153,2025-04-11,34.0,2025-04-14,36.29,1,0.06575294117647061,Maximum_Holding_Period
300153,2025-09-15,38.25,2025-09-16,38.97,1,0.017223529411764683,Maximum_Holding_Period
300153,2026-04-13,26.52,2026-04-14,27.21,1,0.02441809954751144,Maximum_Holding_Period
300155,2020-03-04,8.56,2020-03-05,9.54,1,0.11288598130841114,Maximum_Holding_Period
300155,2020-04-03,6.69,2020-04-07,6.84,1,0.020821524663676972,Maximum_Holding_Period
300157,2020-02-11,3.36,2020-02-12,3.42,1,0.016257142857142793,Maximum_Holding_Period
300157,2026-03-20,7.12,2026-03-23,6.763999999999999,1,-0.05160000000000015,Extreme_Risk_Stop
300158,2020-05-07,5.56,2020-05-08,5.47,1,-0.01778705035971224,Trend_Break_Stop
300158,2022-05-09,8.52,2022-05-10,8.094,1,-0.05160000000000004,Extreme_Risk_Stop
300160,2020-04-10,7.25,2020-04-13,6.887499999999999,1,-0.05160000000000004,Extreme_Risk_Stop
300161,2024-09-04,20.2,2024-09-05,20.53,1,0.01473663366336635,Maximum_Holding_Period
300162,2022-05-06,5.98,2022-05-09,6.13,1,0.02348361204013365,Maximum_Holding_Period
300162,2024-06-12,7.66,2024-06-13,8.89,1,0.15897441253263717,Maximum_Holding_Period
300163,2022-05-06,3.1,2022-05-09,3.24,1,0.04356129032258065,Maximum_Holding_Period
300163,2024-05-06,1.72,2024-05-07,1.634,1,-0.05160000000000004,Extreme_Risk_Stop
300164,2021-11-16,4.65,2021-11-17,4.7,1,0.009152688172043,Maximum_Holding_Period
300164,2021-11-17,4.66,2021-11-18,4.57,1,-0.02091330472102999,Trend_Break_Stop
300164,2022-03-23,6.15,2022-03-24,6.12,1,-0.006478048780487809,Trend_Break_Stop
300164,2026-06-04,10.4,2026-06-05,9.879999999999999,1,-0.05160000000000015,Extreme_Risk_Stop
300165,2024-04-26,3.25,2024-04-29,3.67,1,0.12763076923076927,Maximum_Holding_Period
300165,2024-07-03,2.18,2024-07-04,2.14,1,-0.01994862385321101,Trend_Break_Stop
300166,2023-05-09,11.51,2023-05-10,11.6,1,0.006219287576020795,Trend_Break_Stop
300166,2026-08-03,13.1,2026-08-04,14.33,1,0.0922931297709924,Maximum_Holding_Period
300167,2022-04-07,6.26,2022-04-08,5.946999999999999,1,-0.05160000000000004,Extreme_Risk_Stop
300168,2022-05-06,8.0,2022-05-09,8.13,1,0.014650000000000097,Maximum_Holding_Period
300169,2020-03-06,6.2,2020-03-09,6.04,1,-0.027406451612903292,Trend_Break_Stop
300169,2020-03-23,6.12,2020-03-24,5.814,1,-0.05160000000000004,Extreme_Risk_Stop
300169,2024-02-29,5.71,2024-03-01,6.33,1,0.10698143607705783,Maximum_Holding_Period
300169,2024-03-04,6.2,2024-03-05,5.89,1,-0.05160000000000004,Extreme_Risk_Stop
300169,2024-10-17,9.21,2024-10-18,9.78,1,0.060289250814332056,Maximum_Holding_Period
300169,2024-11-05,9.41,2024-11-06,10.04,1,0.06535005313496271,Maximum_Holding_Period
300169,2025-07-09,8.81,2025-07-10,8.69,1,-0.015220885357548352,Trend_Break_Stop
300170,2026-04-13,20.01,2026-04-14,20.84,1,0.03987926036981509,Maximum_Holding_Period
300171,2021-09-23,44.3,2021-09-24,45.36,1,0.022327765237020448,Maximum_Holding_Period
300172,2021-06-25,4.85,2021-06-28,4.82,1,-0.007785567010309145,Maximum_Holding_Period
300172,2024-02-19,4.4,2024-02-20,4.55,1,0.03249090909090895,Maximum_Holding_Period
300172,2024-02-21,4.49,2024-02-22,4.71,1,0.047397772828507816,Maximum_Holding_Period
300173,2025-01-10,5.4,2025-01-13,5.13,1,-0.05160000000000004,Extreme_Risk_Stop
300173,2025-04-16,5.4,2025-04-17,5.26,1,-0.02752592592592602,Trend_Break_Stop
300177,2024-06-04,6.23,2024-06-05,7.15,1,0.1460725521669342,Maximum_Holding_Period
300178,2020-02-13,3.99,2020-02-14,3.92,1,-0.019143859649122862,Trend_Break_Stop
300178,2020-08-03,3.72,2020-08-04,3.82,1,0.025281720430107502,Trend_Break_Stop
300178,2020-11-11,4.88,2020-11-12,4.95,1,0.01274426229508201,Maximum_Holding_Period
300178,2022-01-07,1.94,2022-01-10,1.95,1,0.003554639175257714,Maximum_Holding_Period
300178,2022-02-09,1.46,2022-02-10,1.54,1,0.053194520547945205,Maximum_Holding_Period
300179,2026-04-07,21.23,2026-04-08,23.81,1,0.1199261422515308,Maximum_Holding_Period
300182,2020-04-03,3.74,2020-04-07,3.84,1,0.025137967914438387,Maximum_Holding_Period
300182,2026-07-13,4.81,2026-07-14,4.69,1,-0.02654802494802484,Trend_Break_Stop
300183,2024-02-08,10.12,2024-02-19,11.31,1,0.1159889328063242,Maximum_Holding_Period
300183,2025-01-17,15.67,2025-01-20,16.03,1,0.02137383535417996,Maximum_Holding_Period
300187,2021-01-19,6.0,2021-01-20,6.04,1,0.005066666666666599,Maximum_Holding_Period
300188,2023-07-18,19.21,2023-07-19,18.55,1,-0.03595710567412808,Trend_Break_Stop
300189,2021-01-26,4.5,2021-01-27,4.2749999999999995,1,-0.05160000000000015,Extreme_Risk_Stop
300189,2022-05-06,4.55,2022-05-09,4.62,1,0.013784615384615551,Maximum_Holding_Period
300189,2024-07-31,1.89,2024-08-01,1.94,1,0.02485502645502651,Maximum_Holding_Period
300189,2025-01-02,3.87,2025-01-03,3.6765,1,-0.05160000000000004,Extreme_Risk_Stop
300189,2025-01-15,3.78,2025-01-16,3.92,1,0.03543703703703698,Maximum_Holding_Period
300189,2025-04-23,4.41,2025-04-24,4.1895,1,-0.05160000000000004,Extreme_Risk_Stop
300189,2026-03-31,7.3,2026-04-01,6.935,1,-0.05160000000000004,Extreme_Risk_Stop
300191,2026-03-31,38.91,2026-04-01,37.28,1,-0.043491544590079596,Trend_Break_Stop
300191,2026-04-08,34.35,2026-04-09,38.78,1,0.12736652110625918,Maximum_Holding_Period
300192,2022-05-06,5.16,2022-05-09,5.33,1,0.03134573643410859,Maximum_Holding_Period
300192,2023-05-31,14.01,2023-06-01,14.17,1,0.00982041399000715,Trend_Break_Stop
300192,2025-01-10,15.21,2025-01-13,14.4495,1,-0.05160000000000004,Extreme_Risk_Stop
300194,2022-05-06,3.41,2022-05-09,3.62,1,0.05998357771260992,Maximum_Holding_Period
300196,2026-03-26,17.55,2026-03-27,17.64,1,0.00352820512820511,Maximum_Holding_Period
300196,2026-08-05,16.25,2026-08-06,17.74,1,0.09009230769230751,Maximum_Holding_Period
300197,2024-07-12,1.41,2024-07-15,1.39,1,-0.01578439716312059,Maximum_Holding_Period
300197,2024-07-31,1.35,2024-08-01,1.4,1,0.03543703703703698,Maximum_Holding_Period
300202,2020-12-30,8.89,2020-12-31,8.93,1,0.0028994375703035773,Maximum_Holding_Period
300202,2021-05-13,5.71,2021-05-14,5.79,1,0.012410507880910738,Trend_Break_Stop
300203,2022-05-06,16.85,2022-05-09,17.58,1,0.041723442136498305,Trend_Break_Stop
300203,2022-05-09,17.89,2022-05-10,18.73,1,0.045353605366126364,Maximum_Holding_Period
300203,2024-02-21,11.63,2024-02-22,12.25,1,0.05171040412725696,Maximum_Holding_Period
300204,2021-12-15,17.48,2021-12-16,16.605999999999998,1,-0.05160000000000015,Extreme_Risk_Stop
300204,2021-12-27,17.81,2021-12-28,18.57,1,0.041072655811341945,Maximum_Holding_Period
300205,2024-04-22,6.08,2024-04-23,6.57,1,0.07899210526315796,Maximum_Holding_Period
300205,2025-05-08,2.93,2025-05-09,3.18,1,0.0837242320819112,Maximum_Holding_Period
300208,2021-01-20,11.41,2021-01-21,11.12,1,-0.027016301489921245,Trend_Break_Stop
300208,2021-04-09,9.3,2021-04-12,8.835,1,-0.05159999999999993,Extreme_Risk_Stop
300208,2021-10-20,12.15,2021-10-21,12.51,1,0.02802962962962967,Maximum_Holding_Period
300208,2022-03-28,12.78,2022-03-29,12.28,1,-0.040723630672926454,Trend_Break_Stop
300208,2022-05-06,9.4,2022-05-09,9.84,1,0.04520851063829783,Maximum_Holding_Period
300208,2024-02-29,4.15,2024-03-01,4.48,1,0.07791807228915663,Maximum_Holding_Period
300208,2024-06-20,1.62,2024-06-21,1.539,1,-0.05160000000000015,Extreme_Risk_Stop
300208,2024-08-30,1.71,2024-09-02,1.77,1,0.033487719298245726,Maximum_Holding_Period
300209,2024-04-22,2.05,2024-04-23,2.04,1,-0.006478048780487698,Trend_Break_Stop
300210,2020-11-23,5.43,2020-11-24,5.34,1,-0.018174585635359074,Trend_Break_Stop
300210,2023-12-28,10.29,2023-12-29,9.7755,1,-0.05160000000000004,Extreme_Risk_Stop
300210,2024-04-25,9.5,2024-04-26,11.04,1,0.16050526315789476,Maximum_Holding_Period
300211,2024-09-02,5.98,2024-09-03,5.84,1,-0.02501137123745829,Trend_Break_Stop
300211,2025-01-22,7.85,2025-01-23,7.4575,1,-0.05160000000000004,Extreme_Risk_Stop
300211,2025-05-21,6.52,2025-05-22,6.65,1,0.018338650306748683,Maximum_Holding_Period
300212,2022-05-05,14.55,2022-05-06,14.8,1,0.015582130584192378,Maximum_Holding_Period
300212,2022-05-06,14.4,2022-05-09,15.05,1,0.04353888888888884,Maximum_Holding_Period
300212,2022-05-10,14.88,2022-05-11,15.16,1,0.01721720430107525,Maximum_Holding_Period
300212,2023-05-11,35.2,2023-05-12,33.44,1,-0.05160000000000015,Extreme_Risk_Stop
300212,2026-07-02,9.07,2026-07-03,9.07,1,-0.0015999999999999999,Trend_Break_Stop
300213,2022-05-06,4.99,2022-05-09,5.14,1,0.02846012024048088,Maximum_Holding_Period
300213,2025-01-15,7.57,2025-01-16,7.55,1,-0.00424200792602387,Maximum_Holding_Period
300214,2024-02-21,4.81,2024-02-22,5.03,1,0.044138045738045854,Maximum_Holding_Period
300215,2026-04-09,8.08,2026-04-10,8.06,1,-0.004075247524752477,Maximum_Holding_Period
300215,2026-06-17,7.2,2026-06-18,6.84,1,-0.05160000000000004,Extreme_Risk_Stop
300219,2022-05-06,6.95,2022-05-09,6.99,1,0.004155395683453291,Maximum_Holding_Period
300219,2026-08-03,6.56,2026-08-04,6.72,1,0.022790243902439045,Maximum_Holding_Period
300220,2021-09-10,13.8,2021-09-13,14.25,1,0.031008695652173835,Maximum_Holding_Period
300220,2025-01-13,12.24,2025-01-14,13.58,1,0.10787712418300659,Maximum_Holding_Period
300220,2025-04-11,13.77,2025-04-14,14.4,1,0.04415163398692817,Maximum_Holding_Period
300221,2020-04-08,4.99,2020-04-09,5.1,1,0.020444088176352616,Maximum_Holding_Period
300221,2022-05-06,4.73,2022-05-09,4.91,1,0.03645496828752642,Maximum_Holding_Period
300222,2020-09-16,12.11,2020-09-17,12.9,1,0.06363534269199027,Maximum_Holding_Period
300222,2025-01-10,9.53,2025-01-13,9.0535,1,-0.05159999999999993,Extreme_Risk_Stop
300224,2026-03-30,14.36,2026-03-31,14.09,1,-0.020402228412256206,Trend_Break_Stop
300225,2023-12-21,9.38,2023-12-22,9.46,1,0.006928784648187626,Maximum_Holding_Period
300226,2024-11-07,25.16,2024-11-08,25.77,1,0.022644833068362447,Maximum_Holding_Period
300228,2020-02-10,3.93,2020-02-11,4.12,1,0.04674605597964381,Maximum_Holding_Period
300228,2020-02-12,4.09,2020-02-13,4.18,1,0.020404889975550056,Maximum_Holding_Period
300228,2025-04-22,6.9,2025-04-23,6.99,1,0.01144347826086949,Maximum_Holding_Period
300229,2023-07-18,24.58,2023-07-19,23.85,1,-0.03129894222945468,Trend_Break_Stop
300229,2024-04-25,14.28,2024-04-26,15.15,1,0.05932436974789917,Maximum_Holding_Period
300232,2020-03-23,9.23,2020-03-24,8.7685,1,-0.05160000000000004,Extreme_Risk_Stop
300232,2024-01-26,6.62,2024-01-29,6.289,1,-0.05160000000000004,Extreme_Risk_Stop
300233,2021-01-06,19.09,2021-01-07,18.64,1,-0.025172551073860582,Trend_Break_Stop
300233,2022-05-06,26.77,2022-05-09,27.62,1,0.030151961150541685,Trend_Break_Stop
300234,2021-05-11,7.66,2021-05-12,7.277,1,-0.05160000000000004,Extreme_Risk_Stop
300234,2021-05-12,7.42,2021-05-13,7.13,1,-0.04068355795148244,Trend_Break_Stop
300235,2021-08-03,11.17,2021-08-04,11.59,1,0.03600071620411809,Maximum_Holding_Period
300235,2022-05-06,8.92,2022-05-09,9.35,1,0.046606278026905694,Maximum_Holding_Period
300235,2022-05-10,9.23,2022-05-11,9.41,1,0.017901625135427857,Maximum_Holding_Period
300237,2024-04-23,1.26,2024-04-24,1.33,1,0.05395555555555558,Maximum_Holding_Period
300237,2025-11-03,2.42,2025-11-04,2.69,1,0.10997024793388425,Maximum_Holding_Period
300238,2020-04-10,17.4,2020-04-13,17.07,1,-0.020565517241379182,Trend_Break_Stop
300238,2020-08-28,28.02,2020-08-31,28.89,1,0.029449250535331917,Maximum_Holding_Period
300238,2022-05-06,13.18,2022-05-09,14.45,1,0.09475811836115326,Maximum_Holding_Period
300238,2023-06-20,16.95,2023-06-21,16.1025,1,-0.05160000000000004,Extreme_Risk_Stop
300239,2020-09-24,6.8,2020-09-25,6.46,1,-0.05159999999999993,Extreme_Risk_Stop
300240,2025-05-08,7.98,2025-05-09,7.9,1,-0.011625062656641604,Maximum_Holding_Period
300241,2026-07-28,5.15,2026-07-29,5.29,1,0.025584466019417374,Maximum_Holding_Period
300242,2020-07-08,6.78,2020-07-09,7.4,1,0.08984542772861363,Maximum_Holding_Period
300242,2022-05-10,2.95,2022-05-11,2.9,1,-0.018549152542372948,Trend_Break_Stop
300242,2023-12-04,4.69,2023-12-05,4.59,1,-0.022921961620469177,Trend_Break_Stop
300242,2025-02-07,4.83,2025-02-10,5.1,1,0.05430062111801242,Maximum_Holding_Period
300246,2023-06-01,12.16,2023-06-02,11.91,1,-0.02215921052631582,Trend_Break_Stop
300247,2020-09-24,3.83,2020-09-25,3.6385,1,-0.05160000000000004,Extreme_Risk_Stop
300248,2022-03-14,12.99,2022-03-15,12.97,1,-0.0031396458814472823,Maximum_Holding_Period
300249,2020-04-10,7.7,2020-04-13,7.3149999999999995,1,-0.05160000000000004,Extreme_Risk_Stop
300249,2022-04-01,15.45,2022-04-06,14.677499999999998,1,-0.05160000000000004,Extreme_Risk_Stop
300249,2022-10-13,8.06,2022-10-14,8.55,1,0.05919404466501237,Maximum_Holding_Period
300249,2026-06-04,15.61,2026-06-05,15.88,1,0.015696604740550946,Maximum_Holding_Period
300249,2026-06-05,15.61,2026-06-08,14.8295,1,-0.05160000000000004,Extreme_Risk_Stop
300249,2026-06-08,15.31,2026-06-09,15.3,1,-0.0022531678641410464,Trend_Break_Stop
300250,2022-05-05,11.25,2022-05-06,11.56,1,0.025955555555555555,Maximum_Holding_Period
300250,2022-05-06,11.1,2022-05-09,11.69,1,0.05155315315315306,Maximum_Holding_Period
300252,2022-10-13,7.29,2022-10-14,7.54,1,0.03269355281207136,Maximum_Holding_Period
300252,2024-04-25,7.23,2024-04-26,7.25,1,0.0011662517289073209,Maximum_Holding_Period
300252,2025-01-17,9.08,2025-01-20,9.59,1,0.05456740088105732,Maximum_Holding_Period
300252,2025-01-22,9.47,2025-01-23,9.88,1,0.04169461457233364,Maximum_Holding_Period
300252,2025-04-15,9.6,2025-04-16,9.12,1,-0.05160000000000004,Extreme_Risk_Stop
300252,2026-08-05,11.2,2026-08-06,11.83,1,0.054650000000000136,Maximum_Holding_Period
300253,2020-03-23,22.15,2020-03-24,23.13,1,0.04264379232505649,Maximum_Holding_Period
300253,2023-05-09,11.63,2023-05-10,11.38,1,-0.023096130696474603,Trend_Break_Stop
300254,2022-01-28,7.75,2022-02-07,7.3625,1,-0.05160000000000004,Extreme_Risk_Stop
300255,2026-08-05,25.69,2026-08-06,25.87,1,0.005406617360840739,Maximum_Holding_Period
300256,2025-01-17,4.35,2025-01-20,4.32,1,-0.008496551724137835,Trend_Break_Stop
300259,2026-06-29,5.5,2026-06-30,6.63,1,0.20385454545454534,Maximum_Holding_Period
300259,2026-08-07,4.13,2026-08-10,4.36,1,0.05409007263922532,Maximum_Holding_Period
300260,2020-04-03,15.0,2020-04-07,15.23,1,0.01373333333333342,Maximum_Holding_Period
300260,2023-05-17,66.52,2023-05-18,68.2,1,0.02365556223692127,Maximum_Holding_Period
300262,2024-06-14,0.8,2024-06-17,0.76,1,-0.05160000000000004,Extreme_Risk_Stop
300264,2021-07-07,6.62,2021-07-08,6.289,1,-0.05160000000000004,Extreme_Risk_Stop
300264,2021-08-03,5.4,2021-08-04,5.44,1,0.005807407407407307,Maximum_Holding_Period
300264,2021-08-04,5.45,2021-08-05,5.33,1,-0.023618348623853213,Trend_Break_Stop
300264,2022-02-18,7.44,2022-02-21,7.87,1,0.056195698924731245,Maximum_Holding_Period
300264,2025-01-17,5.52,2025-01-20,5.47,1,-0.010657971014492684,Trend_Break_Stop
300264,2026-08-03,6.25,2026-08-04,6.5,1,0.03840000000000004,Maximum_Holding_Period
300265,2020-03-31,14.1,2020-04-01,14.13,1,0.0005276595744681438,Maximum_Holding_Period
300265,2021-09-03,11.36,2021-09-06,11.3,1,-0.006881690140845008,Maximum_Holding_Period
300266,2022-05-10,3.18,2022-05-11,3.17,1,-0.004744654088050425,Maximum_Holding_Period
300266,2024-11-21,3.38,2024-11-22,3.211,1,-0.05160000000000004,Extreme_Risk_Stop
300266,2024-12-05,3.4,2024-12-06,3.76,1,0.10428235294117653,Maximum_Holding_Period
300267,2022-05-06,3.18,2022-05-09,3.41,1,0.07072704402515732,Maximum_Holding_Period
300268,2021-01-04,11.66,2021-01-05,12.14,1,0.03956638078902235,Maximum_Holding_Period
300269,2020-02-18,4.26,2020-02-19,4.51,1,0.057085446009389744,Maximum_Holding_Period
300269,2024-09-04,3.03,2024-09-05,2.97,1,-0.02140198019801971,Trend_Break_Stop
300269,2026-07-29,4.35,2026-07-30,4.27,1,-0.01999080459770115,Trend_Break_Stop
300270,2021-02-18,4.85,2021-02-19,5.18,1,0.06644123711340204,Maximum_Holding_Period
300270,2024-06-18,6.14,2024-06-19,6.84,1,0.1124065146579805,Maximum_Holding_Period
300270,2025-01-10,6.93,2025-01-13,6.583499999999999,1,-0.05160000000000015,Extreme_Risk_Stop
300271,2024-04-26,5.69,2024-04-29,6.12,1,0.07397117750439368,Maximum_Holding_Period
300274,2026-04-13,129.03,2026-04-14,139.46,1,0.07923391459350553,Maximum_Holding_Period
300275,2021-10-12,12.41,2021-10-13,11.7895,1,-0.05159999999999993,Extreme_Risk_Stop
300276,2026-07-30,6.38,2026-07-31,6.61,1,0.03445015673981194,Maximum_Holding_Period
300278,2020-03-26,4.27,2020-03-27,4.08,1,-0.046096487119437875,Trend_Break_Stop
300278,2020-09-24,6.79,2020-09-25,6.4505,1,-0.05160000000000004,Extreme_Risk_Stop
300278,2021-05-13,2.4,2021-05-14,2.62,1,0.09006666666666678,Trend_Break_Stop
300280,2023-07-03,47.05,2023-07-04,44.6975,1,-0.05159999999999993,Extreme_Risk_Stop
300280,2024-01-03,42.28,2024-01-04,41.21,1,-0.02690747398297073,Trend_Break_Stop
300282,2024-04-02,1.36,2024-04-03,1.292,1,-0.05160000000000004,Extreme_Risk_Stop
300286,2020-11-19,20.0,2020-11-20,20.52,1,0.024400000000000022,Maximum_Holding_Period
300286,2020-11-20,20.48,2020-11-23,19.456,1,-0.05160000000000004,Extreme_Risk_Stop
300286,2022-04-20,22.2,2022-04-21,21.09,1,-0.05159999999999993,Extreme_Risk_Stop
300286,2024-07-01,21.38,2024-07-02,21.22,1,-0.00908362956033677,Maximum_Holding_Period
300287,2020-10-15,5.48,2020-10-16,5.81,1,0.05861897810218957,Maximum_Holding_Period
300287,2022-02-10,5.38,2022-02-11,5.44,1,0.00955241635687747,Maximum_Holding_Period
300287,2022-05-06,3.59,2022-05-09,3.74,1,0.040182729805013966,Maximum_Holding_Period
300287,2024-06-20,1.88,2024-06-21,1.7859999999999998,1,-0.05160000000000004,Extreme_Risk_Stop
300289,2022-02-10,7.09,2022-02-11,6.81,1,-0.04109224259520456,Trend_Break_Stop
300289,2022-05-06,5.88,2022-05-09,6.13,1,0.040917006802721194,Maximum_Holding_Period
300291,2024-04-25,4.72,2024-04-26,4.99,1,0.05560338983050866,Maximum_Holding_Period
300292,2022-05-10,3.4,2022-05-11,3.4,1,-0.0015999999999999999,Trend_Break_Stop
300293,2021-01-19,13.87,2021-01-20,14.1,1,0.014982552271088734,Maximum_Holding_Period
300295,2024-04-25,7.86,2024-04-26,8.23,1,0.04547379134860057,Maximum_Holding_Period
300297,2023-04-14,0.89,2023-04-17,0.8454999999999999,1,-0.05160000000000015,Extreme_Risk_Stop
300299,2020-04-08,5.26,2020-04-09,5.47,1,0.03832395437262353,Maximum_Holding_Period
300299,2023-05-30,7.01,2023-05-31,7.4,1,0.054034807417974444,Maximum_Holding_Period
300299,2025-04-11,5.35,2025-04-14,5.48,1,0.022699065420560816,Maximum_Holding_Period
300300,2026-01-28,12.11,2026-01-29,12.08,1,-0.004077291494632494,Trend_Break_Stop
300300,2026-07-28,7.05,2026-07-29,7.2,1,0.019676595744680992,Maximum_Holding_Period
300301,2020-10-16,5.85,2020-10-19,5.557499999999999,1,-0.05160000000000004,Extreme_Risk_Stop
300301,2020-10-21,6.01,2020-10-22,5.709499999999999,1,-0.05160000000000004,Extreme_Risk_Stop
300302,2025-04-15,14.76,2025-04-16,14.021999999999998,1,-0.05160000000000004,Extreme_Risk_Stop
300306,2022-05-10,10.85,2022-05-11,11.26,1,0.03618801843317981,Maximum_Holding_Period
300307,2023-08-23,7.01,2023-08-24,6.77,1,-0.035836804564907294,Trend_Break_Stop
300307,2025-04-16,8.4,2025-04-17,7.9799999999999995,1,-0.05160000000000004,Extreme_Risk_Stop
300309,2020-09-22,4.26,2020-09-23,4.29,1,0.005442253521126751,Trend_Break_Stop
300309,2021-09-09,3.65,2021-09-10,3.59,1,-0.018038356164383606,Trend_Break_Stop
300310,2025-01-17,7.43,2025-01-20,7.59,1,0.01993432032301472,Maximum_Holding_Period
300311,2022-02-14,8.5,2022-02-15,8.32,1,-0.022776470588235242,Trend_Break_Stop
300311,2022-05-10,5.9,2022-05-11,6.05,1,0.023823728813559254,Maximum_Holding_Period
300311,2024-08-20,3.1,2024-08-21,3.02,1,-0.027406451612903292,Trend_Break_Stop
300311,2024-09-04,3.1,2024-09-05,3.14,1,0.011303225806451645,Maximum_Holding_Period
300311,2025-04-16,5.74,2025-04-17,5.52,1,-0.03992752613240431,Trend_Break_Stop
300312,2020-05-06,4.92,2020-05-07,5.22,1,0.05937560975609762,Maximum_Holding_Period
300312,2021-04-19,4.48,2021-04-20,4.34,1,-0.03285000000000011,Trend_Break_Stop
300312,2022-02-07,3.54,2022-02-08,3.5,1,-0.012899435028248595,Maximum_Holding_Period
300313,2023-12-28,9.7,2023-12-29,9.84,1,0.012832989690721597,Maximum_Holding_Period
300314,2020-11-24,20.4,2020-11-25,19.38,1,-0.05159999999999993,Extreme_Risk_Stop
300315,2023-05-30,5.36,2023-05-31,5.65,1,0.052504477611940374,Maximum_Holding_Period
300315,2023-06-01,5.56,2023-06-02,5.8,1,0.04156546762589924,Maximum_Holding_Period
300317,2020-11-20,6.88,2020-11-23,7.12,1,0.03328372093023262,Maximum_Holding_Period
300317,2020-11-24,7.03,2020-11-25,6.8,1,-0.03431692745376964,Trend_Break_Stop
300317,2021-01-22,7.16,2021-01-25,6.802,1,-0.05160000000000004,Extreme_Risk_Stop
300318,2020-08-27,10.63,2020-08-28,10.0985,1,-0.05160000000000015,Extreme_Risk_Stop
300318,2020-09-03,10.2,2020-09-04,11.46,1,0.1219294117647061,Maximum_Holding_Period
300318,2020-11-11,15.69,2020-11-12,16.65,1,0.05958546845124273,Maximum_Holding_Period
300318,2020-11-13,16.11,2020-11-16,15.304499999999999,1,-0.05160000000000004,Extreme_Risk_Stop
300318,2021-01-22,10.9,2021-01-25,11.04,1,0.01124403669724754,Trend_Break_Stop
300320,2021-09-27,8.98,2021-09-28,8.531,1,-0.05159999999999993,Extreme_Risk_Stop
300320,2022-05-10,9.4,2022-05-11,10.33,1,0.09733617021276601,Maximum_Holding_Period
300322,2022-05-06,7.27,2022-05-09,7.66,1,0.05204511691884455,Maximum_Holding_Period
300322,2023-10-26,12.94,2023-10-27,12.293,1,-0.05160000000000004,Extreme_Risk_Stop
300322,2024-04-25,8.8,2024-04-26,9.21,1,0.04499090909090913,Maximum_Holding_Period
300323,2026-04-09,9.7,2026-04-10,9.89,1,0.017987628865979533,Maximum_Holding_Period
300324,2025-01-17,3.28,2025-01-20,3.25,1,-0.010746341463414532,Trend_Break_Stop
300325,2020-03-23,3.13,2020-03-24,3.21,1,0.023959105431310013,Maximum_Holding_Period
300325,2021-01-18,1.96,2021-01-19,2.24,1,0.14125714285714303,Maximum_Holding_Period
300331,2022-05-06,13.06,2022-05-09,13.54,1,0.035153445635528295,Maximum_Holding_Period
300331,2023-09-26,28.0,2023-09-27,26.599999999999998,1,-0.05160000000000004,Extreme_Risk_Stop
300333,2024-07-23,4.53,2024-07-24,4.3035,1,-0.05160000000000015,Extreme_Risk_Stop
300333,2024-07-30,4.56,2024-07-31,4.86,1,0.06418947368421062,Maximum_Holding_Period
300333,2024-07-31,4.64,2024-08-01,4.87,1,0.04796896551724155,Maximum_Holding_Period
300334,2022-04-14,9.18,2022-04-15,8.721,1,-0.05159999999999993,Extreme_Risk_Stop
300334,2022-05-06,6.8,2022-05-09,7.03,1,0.03222352941176481,Maximum_Holding_Period
300334,2024-04-25,5.2,2024-04-26,5.27,1,0.011861538461538413,Maximum_Holding_Period
300335,2022-09-27,5.4,2022-09-28,5.68,1,0.05025185185185182,Maximum_Holding_Period
300336,2020-02-19,6.06,2020-02-20,5.757,1,-0.05160000000000004,Extreme_Risk_Stop
300336,2023-04-25,1.17,2023-04-26,1.1115,1,-0.05160000000000004,Extreme_Risk_Stop
300337,2020-10-15,7.29,2020-10-16,7.07,1,-0.031778326474622705,Trend_Break_Stop
300337,2022-05-09,5.84,2022-05-10,5.98,1,0.022372602739726234,Maximum_Holding_Period
300338,2021-07-02,5.32,2021-07-05,5.22,1,-0.020396992481203146,Maximum_Holding_Period
300338,2025-01-16,4.22,2025-01-17,4.22,1,-0.0015999999999999999,Maximum_Holding_Period
300339,2021-08-02,36.73,2021-08-03,35.72,1,-0.02909795807242028,Maximum_Holding_Period
300339,2022-05-06,13.92,2022-05-09,14.85,1,0.06521034482758607,Maximum_Holding_Period
300339,2022-05-10,14.5,2022-05-11,14.89,1,0.025296551724137962,Maximum_Holding_Period
300340,2023-03-22,14.84,2023-03-23,14.51,1,-0.023837196765498624,Trend_Break_Stop
300341,2020-03-06,10.28,2020-03-09,9.765999999999998,1,-0.05160000000000015,Extreme_Risk_Stop
300341,2024-11-29,20.81,2024-12-02,21.68,1,0.040206823642479565,Maximum_Holding_Period
300342,2022-05-06,7.92,2022-05-09,8.4,1,0.059006060606060555,Maximum_Holding_Period
300343,2023-05-18,7.61,2023-05-19,7.48,1,-0.01868278580814715,Trend_Break_Stop
300345,2021-01-18,3.3,2021-01-19,3.67,1,0.11052121212121206,Maximum_Holding_Period
300346,2020-04-20,24.32,2020-04-21,23.104,1,-0.05160000000000004,Extreme_Risk_Stop
300346,2020-04-21,24.01,2020-04-22,25.75,1,0.0708698042482299,Maximum_Holding_Period
300347,2021-03-15,131.76,2021-03-16,125.17199999999998,1,-0.05160000000000004,Extreme_Risk_Stop
300348,2020-06-18,17.13,2020-06-19,17.42,1,0.015329363689433873,Maximum_Holding_Period
300350,2020-12-23,5.55,2020-12-24,5.2725,1,-0.05159999999999993,Extreme_Risk_Stop
300351,2023-12-26,19.21,2023-12-27,20.36,1,0.058264653826132044,Maximum_Holding_Period
300351,2023-12-29,20.16,2024-01-02,20.9,1,0.03510634920634908,Maximum_Holding_Period
300353,2022-05-06,7.04,2022-05-09,7.22,1,0.023968181818181878,Maximum_Holding_Period
300355,2024-11-20,6.98,2024-11-21,6.631,1,-0.05160000000000004,Extreme_Risk_Stop
300356,2021-06-08,3.27,2021-06-09,3.41,1,0.0412134556574924,Maximum_Holding_Period
300356,2021-06-09,3.31,2021-06-10,3.33,1,0.004442296072507503,Maximum_Holding_Period
300359,2022-05-05,4.45,2022-05-06,4.37,1,-0.01957752808988762,Trend_Break_Stop
300364,2022-02-10,11.35,2022-02-11,10.782499999999999,1,-0.05160000000000004,Extreme_Risk_Stop
300364,2023-05-30,18.33,2023-05-31,20.38,1,0.11023851609383532,Maximum_Holding_Period
300364,2024-04-25,23.1,2024-04-26,24.59,1,0.06290216450216439,Maximum_Holding_Period
300366,2022-05-09,7.44,2022-05-10,7.7,1,0.03334623655913976,Maximum_Holding_Period
300366,2022-05-10,7.44,2022-05-11,7.69,1,0.03200215053763449,Maximum_Holding_Period
300366,2023-11-09,15.0,2023-11-10,15.22,1,0.013066666666666605,Maximum_Holding_Period
300366,2025-10-13,6.2,2025-10-14,6.43,1,0.0354967741935484,Maximum_Holding_Period
300367,2020-04-10,3.68,2020-04-13,3.496,1,-0.05160000000000004,Extreme_Risk_Stop
300368,2022-02-14,9.65,2022-02-15,9.5,1,-0.017144041450777258,Trend_Break_Stop
300368,2022-05-06,6.05,2022-05-09,6.27,1,0.03476363636363638,Maximum_Holding_Period
300368,2026-06-17,9.0,2026-06-18,8.6,1,-0.046044444444444506,Trend_Break_Stop
300369,2026-04-09,8.2,2026-04-10,8.09,1,-0.015014634146341365,Maximum_Holding_Period
300370,2020-09-24,3.6,2020-09-25,3.42,1,-0.05160000000000004,Extreme_Risk_Stop
300370,2021-05-12,1.76,2021-05-13,1.85,1,0.04953636363636376,Maximum_Holding_Period
300373,2021-02-19,41.6,2021-02-22,41.95,1,0.006813461538461675,Maximum_Holding_Period
300374,2022-05-10,11.2,2022-05-11,11.62,1,0.03590000000000009,Maximum_Holding_Period
300374,2024-02-21,15.26,2024-02-22,16.67,1,0.0907984272608127,Maximum_Holding_Period
300377,2025-04-11,22.99,2025-04-14,23.18,1,0.006664462809917328,Maximum_Holding_Period
300377,2026-07-17,14.02,2026-07-20,13.73,1,-0.022284736091298062,Trend_Break_Stop
300378,2022-02-22,20.5,2022-02-23,20.76,1,0.011082926829268303,Maximum_Holding_Period
300378,2022-05-06,13.57,2022-05-09,13.99,1,0.0293506263817243,Maximum_Holding_Period
300378,2026-07-31,28.11,2026-08-03,33.49,1,0.18979096406972623,Maximum_Holding_Period
300379,2022-02-22,27.23,2022-02-23,27.76,1,0.017863826661770155,Maximum_Holding_Period
300379,2022-05-06,15.41,2022-05-09,16.68,1,0.08081401687216098,Maximum_Holding_Period
300379,2024-04-26,10.19,2024-04-29,10.79,1,0.05728125613346418,Maximum_Holding_Period
300380,2022-02-10,19.32,2022-02-11,20.69,1,0.06931097308488625,Maximum_Holding_Period
300382,2022-09-22,20.22,2022-09-23,21.43,1,0.05824174085064287,Maximum_Holding_Period
300385,2026-04-22,15.8,2026-04-23,15.01,1,-0.05160000000000004,Extreme_Risk_Stop
300387,2022-03-31,9.9,2022-04-01,10.58,1,0.06708686868686868,Maximum_Holding_Period
300387,2022-04-06,10.23,2022-04-07,10.32,1,0.007197653958944274,Trend_Break_Stop
300389,2022-05-09,8.28,2022-05-10,8.77,1,0.0575787439613527,Maximum_Holding_Period
300389,2022-05-10,8.46,2022-05-11,8.83,1,0.042135224586288315,Maximum_Holding_Period
300390,2023-05-19,36.52,2023-05-22,36.24,1,-0.009267031763417321,Trend_Break_Stop
300391,2022-05-06,9.79,2022-05-09,10.42,1,0.0627513789581207,Maximum_Holding_Period
300391,2024-08-02,4.5,2024-08-05,4.2749999999999995,1,-0.05160000000000015,Extreme_Risk_Stop
300391,2024-08-05,4.46,2024-08-06,4.237,1,-0.05159999999999993,Extreme_Risk_Stop
300391,2025-11-25,2.61,2025-11-26,2.4795,1,-0.05160000000000004,Extreme_Risk_Stop
300392,2022-09-14,3.53,2022-09-15,3.75,1,0.060722946175637386,Maximum_Holding_Period
300392,2023-01-04,3.85,2023-01-05,3.94,1,0.021776623376623273,Maximum_Holding_Period
300392,2023-04-17,2.24,2023-04-18,2.128,1,-0.05160000000000004,Extreme_Risk_Stop
300393,2021-01-26,9.7,2021-01-27,9.214999999999998,1,-0.05160000000000015,Extreme_Risk_Stop
300393,2021-10-20,12.65,2021-10-21,12.46,1,-0.016619762845849716,Trend_Break_Stop
300393,2021-12-09,17.9,2021-12-10,17.45,1,-0.026739664804469276,Trend_Break_Stop
300393,2022-04-21,14.01,2022-04-22,13.3095,1,-0.05160000000000004,Extreme_Risk_Stop
300393,2026-07-24,5.59,2026-07-27,5.68,1,0.014500178890876559,Maximum_Holding_Period
300394,2024-12-04,108.01,2024-12-05,108.02,1,-0.001507415980001879,Maximum_Holding_Period
300397,2020-04-03,38.29,2020-04-07,40.66,1,0.06029605641159557,Maximum_Holding_Period
300397,2022-05-06,9.28,2022-05-09,9.84,1,0.05874482758620685,Maximum_Holding_Period
300397,2022-05-09,9.4,2022-05-10,10.02,1,0.06435744680851045,Maximum_Holding_Period
300397,2022-05-10,9.67,2022-05-11,9.87,1,0.019082523267838703,Maximum_Holding_Period
300398,2022-02-24,25.45,2022-02-25,27.06,1,0.06166129666011782,Maximum_Holding_Period
300398,2022-05-06,21.01,2022-05-09,22.27,1,0.058371442170394965,Maximum_Holding_Period
300399,2022-05-10,9.37,2022-05-11,9.56,1,0.018677481323372592,Maximum_Holding_Period
300399,2025-01-17,23.6,2025-01-20,23.04,1,-0.025328813559322105,Trend_Break_Stop
300400,2021-07-02,17.31,2021-07-05,17.75,1,0.023818833044483113,Maximum_Holding_Period
300400,2021-07-05,17.6,2021-07-06,19.36,1,0.09839999999999986,Maximum_Holding_Period
300400,2021-07-20,19.31,2021-07-21,20.51,1,0.060543966856551105,Maximum_Holding_Period
300400,2021-07-23,20.31,2021-07-26,21.3,1,0.04714446085672091,Maximum_Holding_Period
300402,2021-01-19,15.08,2021-01-20,15.65,1,0.0361984084880636,Maximum_Holding_Period
300402,2021-01-21,15.38,2021-01-22,15.21,1,-0.012653315994798419,Trend_Break_Stop
300402,2024-01-30,17.21,2024-01-31,16.3495,1,-0.05160000000000015,Extreme_Risk_Stop
300402,2024-02-19,14.4,2024-02-20,14.32,1,-0.007155555555555536,Trend_Break_Stop
300402,2024-02-20,14.55,2024-02-21,14.87,1,0.020393127147766244,Maximum_Holding_Period
300403,2020-11-19,8.21,2020-11-20,8.48,1,0.03128672350791711,Maximum_Holding_Period
300403,2020-11-20,8.29,2020-11-23,8.32,1,0.0020188178528349103,Trend_Break_Stop
300403,2020-12-03,7.9,2020-12-04,7.61,1,-0.03830886075949364,Trend_Break_Stop
300403,2025-04-17,14.68,2025-04-18,14.39,1,-0.02135476839237056,Trend_Break_Stop
300405,2020-10-15,11.87,2020-10-16,11.89,1,8.491996630182342e-05,Trend_Break_Stop
300405,2021-10-12,10.33,2021-10-13,10.28,1,-0.006440271055179146,Trend_Break_Stop
300405,2024-03-04,5.78,2024-03-05,5.491,1,-0.05160000000000004,Extreme_Risk_Stop
300405,2025-01-17,4.62,2025-01-20,4.66,1,0.007058008658008587,Maximum_Holding_Period
300406,2022-05-05,14.1,2022-05-06,14.44,1,0.022513475177304888,Maximum_Holding_Period
300406,2022-05-06,14.25,2022-05-09,14.48,1,0.01454035087719312,Maximum_Holding_Period
300409,2024-02-08,8.0,2024-02-19,8.64,1,0.07840000000000007,Maximum_Holding_Period
300412,2022-01-14,19.48,2022-01-17,24.82,1,0.27252731006160175,Maximum_Holding_Period
300412,2022-02-24,15.51,2022-02-25,17.98,1,0.15765209542230824,Maximum_Holding_Period
300413,2022-02-15,36.99,2022-02-16,37.11,1,0.0016441200324411225,Maximum_Holding_Period
300419,2020-11-11,11.25,2020-11-12,10.6875,1,-0.05160000000000004,Extreme_Risk_Stop
300421,2022-10-13,13.71,2022-10-14,14.35,1,0.04508125455871608,Maximum_Holding_Period
300423,2022-05-06,8.7,2022-05-09,9.12,1,0.046675862068965616,Maximum_Holding_Period
300423,2026-04-09,8.19,2026-04-10,8.03,1,-0.02113601953601958,Maximum_Holding_Period
300424,2022-05-06,9.94,2022-05-09,10.34,1,0.03864144869215296,Maximum_Holding_Period
300424,2022-05-10,10.17,2022-05-11,10.31,1,0.012165978367748399,Maximum_Holding_Period
300425,2024-02-26,4.45,2024-02-27,4.49,1,0.0073887640449437535,Maximum_Holding_Period
300425,2025-01-17,5.18,2025-01-20,5.26,1,0.013844015444015412,Maximum_Holding_Period
300426,2020-02-11,5.27,2020-02-12,5.4,1,0.023067931688804767,Maximum_Holding_Period
300427,2026-02-26,14.47,2026-02-27,14.43,1,-0.004364340013821753,Maximum_Holding_Period
300427,2026-04-09,12.1,2026-04-10,11.79,1,-0.027219834710743806,Maximum_Holding_Period
300427,2026-06-16,7.27,2026-06-17,7.14,1,-0.019481705639614887,Maximum_Holding_Period
300427,2026-06-17,7.2,2026-06-18,7.01,1,-0.027988888888888907,Trend_Break_Stop
300428,2022-09-07,31.26,2022-09-08,32.09,1,0.02495150351887392,Maximum_Holding_Period
300430,2021-01-18,7.5,2021-01-19,8.08,1,0.07573333333333325,Maximum_Holding_Period
300430,2025-01-09,15.04,2025-01-10,14.54,1,-0.0348446808510638,Trend_Break_Stop
300431,2020-05-22,1.67,2020-05-25,1.5864999999999998,1,-0.05160000000000004,Extreme_Risk_Stop
300432,2020-02-10,10.09,2020-02-11,10.22,1,0.011284043607532369,Trend_Break_Stop
300432,2021-10-21,41.0,2021-10-22,46.36,1,0.12913170731707307,Maximum_Holding_Period
300432,2022-06-17,18.3,2022-06-20,20.3,1,0.10768961748633869,Maximum_Holding_Period
300433,2020-03-26,15.4,2020-03-27,14.71,1,-0.046405194805194734,Trend_Break_Stop
300435,2022-05-06,13.02,2022-05-09,13.51,1,0.03603440860215051,Maximum_Holding_Period
300436,2022-04-27,38.5,2022-04-28,40.08,1,0.03943896103896099,Maximum_Holding_Period
300436,2026-06-24,91.7,2026-06-25,87.115,1,-0.05160000000000004,Extreme_Risk_Stop
300437,2021-12-14,32.25,2021-12-15,30.6375,1,-0.05160000000000004,Extreme_Risk_Stop
300437,2021-12-28,28.51,2021-12-29,28.01,1,-0.019137706068046278,Trend_Break_Stop
300437,2022-05-05,18.98,2022-05-06,19.58,1,0.030012223393045146,Maximum_Holding_Period
300437,2022-05-06,18.88,2022-05-09,20.0,1,0.05772203389830515,Maximum_Holding_Period
300437,2022-05-10,19.49,2022-05-11,20.0,1,0.02456726526423818,Maximum_Holding_Period
300437,2024-04-23,9.1,2024-04-24,9.05,1,-0.007094505494505364,Trend_Break_Stop
300437,2024-04-30,9.45,2024-05-06,9.97,1,0.053426455026455204,Maximum_Holding_Period
300437,2025-12-29,17.65,2025-12-30,16.7675,1,-0.05160000000000004,Extreme_Risk_Stop
300437,2026-04-08,15.58,2026-04-09,15.59,1,-0.0009581514762515104,Maximum_Holding_Period
300437,2026-04-09,15.8,2026-04-10,15.68,1,-0.0091949367088608,Maximum_Holding_Period
300438,2020-04-21,21.7,2020-04-22,21.43,1,-0.01404239631336408,Trend_Break_Stop
300438,2022-04-28,36.5,2022-04-29,34.675,1,-0.05160000000000004,Extreme_Risk_Stop
300438,2022-05-10,33.17,2022-05-11,40.45,1,0.21787542960506495,Maximum_Holding_Period
300439,2022-05-06,11.3,2022-05-09,12.16,1,0.07450619469026547,Maximum_Holding_Period
300441,2022-05-06,5.9,2022-05-09,5.96,1,0.008569491525423568,Maximum_Holding_Period
300443,2022-09-07,42.23,2022-09-08,43.19,1,0.02113265451101114,Maximum_Holding_Period
300444,2020-02-11,4.09,2020-02-12,4.3,1,0.04974474327628369,Maximum_Holding_Period
300444,2020-11-23,6.32,2020-11-24,7.34,1,0.15979240506329112,Maximum_Holding_Period
300444,2025-04-16,6.61,2025-04-17,6.46,1,-0.024292889561270802,Trend_Break_Stop
300444,2026-04-09,13.7,2026-04-10,13.66,1,-0.004519708029197054,Maximum_Holding_Period
300447,2024-07-01,12.3,2024-07-02,12.07,1,-0.0202991869918699,Trend_Break_Stop
300448,2024-07-30,4.06,2024-07-31,4.39,1,0.07968078817733985,Maximum_Holding_Period
300449,2022-05-06,4.48,2022-05-09,4.59,1,0.022953571428571396,Maximum_Holding_Period
300450,2022-05-06,43.2,2022-05-09,42.89,1,-0.008775925925925975,Trend_Break_Stop
300450,2026-07-24,32.75,2026-07-27,33.51,1,0.021606106870228948,Maximum_Holding_Period
300452,2022-05-09,14.71,2022-05-10,18.54,1,0.2587670972127803,Maximum_Holding_Period
300453,2021-05-11,12.81,2021-05-12,12.83,1,-3.871975019515816e-05,Maximum_Holding_Period
300454,2021-03-19,230.38,2021-03-22,233.5,1,0.011942842260612974,Maximum_Holding_Period
300456,2021-09-09,30.45,2021-09-10,30.42,1,-0.0025852216748768015,Maximum_Holding_Period
300456,2022-05-06,13.19,2022-05-09,13.14,1,-0.005390750568612555,Maximum_Holding_Period
300456,2023-08-23,20.15,2023-08-24,19.1425,1,-0.05160000000000004,Extreme_Risk_Stop
300457,2021-01-26,22.33,2021-01-27,22.02,1,-0.015482669055082842,Maximum_Holding_Period
300457,2022-05-12,18.51,2022-05-13,18.91,1,0.0200099405726633,Maximum_Holding_Period
300458,2021-08-26,76.2,2021-08-27,73.46,1,-0.037558005249344,Trend_Break_Stop
300459,2020-10-15,4.77,2020-10-16,4.71,1,-0.014178616352201145,Trend_Break_Stop
300459,2021-10-12,3.71,2021-10-13,3.67,1,-0.012381671159029616,Trend_Break_Stop
300459,2024-04-25,3.82,2024-04-26,3.93,1,0.027195811518324665,Maximum_Holding_Period
300459,2025-04-16,5.1,2025-04-17,4.98,1,-0.02512941176470569,Trend_Break_Stop
300461,2022-05-06,13.39,2022-05-09,13.65,1,0.01781747572815533,Maximum_Holding_Period
300461,2024-07-18,17.31,2024-07-19,19.56,1,0.1283826689774697,Maximum_Holding_Period
300461,2025-04-16,18.18,2025-04-17,17.72,1,-0.026902530253025313,Trend_Break_Stop
300461,2026-07-02,38.78,2026-07-03,40.5,1,0.04275275915420323,Maximum_Holding_Period
300461,2026-07-28,29.73,2026-07-29,28.243499999999997,1,-0.05160000000000015,Extreme_Risk_Stop
300462,2020-02-13,24.96,2020-02-14,24.65,1,-0.014019871794871918,Trend_Break_Stop
300462,2021-05-13,11.3,2021-05-14,11.61,1,0.02583362831858387,Maximum_Holding_Period
300462,2022-05-06,8.18,2022-05-09,8.43,1,0.028962347188264115,Maximum_Holding_Period
300462,2024-04-25,7.74,2024-04-26,8.13,1,0.0487875968992249,Maximum_Holding_Period
300462,2024-04-26,7.82,2024-04-29,8.55,1,0.09175038363171355,Maximum_Holding_Period
300463,2022-02-09,26.75,2022-02-10,26.76,1,-0.0012261682242990608,Maximum_Holding_Period
300465,2023-06-05,11.01,2023-06-06,10.82,1,-0.0188570390554041,Trend_Break_Stop
300466,2025-01-10,7.39,2025-01-13,7.020499999999999,1,-0.05160000000000004,Extreme_Risk_Stop
300468,2020-07-01,23.0,2020-07-02,23.09,1,0.002313043478260825,Maximum_Holding_Period
300468,2024-11-07,21.06,2024-11-08,22.1,1,0.04778271604938294,Maximum_Holding_Period
300469,2024-12-23,23.62,2024-12-24,22.439,1,-0.05160000000000004,Extreme_Risk_Stop
300471,2020-05-07,8.94,2020-05-08,8.91,1,-0.004955704697986517,Maximum_Holding_Period
300472,2022-05-10,8.74,2022-05-11,8.99,1,0.027004118993134974,Maximum_Holding_Period
300473,2020-02-25,30.76,2020-02-26,29.98,1,-0.026957607282184725,Trend_Break_Stop
300474,2022-06-30,68.4,2022-07-01,67.92,1,-0.008617543859649145,Trend_Break_Stop
300476,2024-08-15,33.54,2024-08-16,34.59,1,0.029705903398926693,Maximum_Holding_Period
300477,2021-01-21,4.89,2021-01-22,4.95,1,0.010669938650306899,Maximum_Holding_Period
300477,2021-10-19,9.11,2021-10-20,9.74,1,0.06755477497255762,Maximum_Holding_Period
300477,2021-10-20,9.17,2021-10-21,9.89,1,0.07691690294438396,Maximum_Holding_Period
300477,2021-10-25,9.81,2021-10-26,10.59,1,0.07791070336391441,Maximum_Holding_Period
300477,2025-12-10,3.38,2025-12-11,3.211,1,-0.05160000000000004,Extreme_Risk_Stop
300477,2026-06-11,2.4,2026-06-12,2.4,1,-0.0015999999999999999,Trend_Break_Stop
300478,2025-03-06,14.11,2025-03-07,13.62,1,-0.036327143869596075,Trend_Break_Stop
300479,2022-05-10,17.72,2022-05-11,18.41,1,0.03733905191873604,Maximum_Holding_Period
300481,2020-03-23,16.04,2020-03-24,16.46,1,0.024584538653366784,Maximum_Holding_Period
300481,2026-08-05,13.51,2026-08-06,13.96,1,0.03170866025166546,Maximum_Holding_Period
300483,2021-10-27,22.7,2021-10-28,21.564999999999998,1,-0.05160000000000004,Extreme_Risk_Stop
300483,2021-11-09,19.78,2021-11-10,18.791,1,-0.05160000000000004,Extreme_Risk_Stop
300485,2022-02-22,14.0,2022-02-23,14.89,1,0.061971428571428615,Maximum_Holding_Period
300485,2022-05-06,12.41,2022-05-09,13.11,1,0.05480612409347301,Maximum_Holding_Period
300486,2025-10-17,20.42,2025-10-20,20.27,1,-0.008945739471106839,Maximum_Holding_Period
300487,2022-04-28,62.8,2022-04-29,67.12,1,0.06718980891719765,Maximum_Holding_Period
300487,2022-06-09,55.3,2022-06-10,55.36,1,-0.0005150090415912507,Trend_Break_Stop
300487,2022-06-17,57.81,2022-06-20,58.99,1,0.018811693478636916,Maximum_Holding_Period
300488,2022-05-06,20.31,2022-05-09,21.2,1,0.04222077794190065,Maximum_Holding_Period
300488,2025-04-16,31.89,2025-04-17,30.88,1,-0.03327137033552847,Trend_Break_Stop
300488,2026-04-02,28.02,2026-04-03,26.98,1,-0.03871634546752318,Trend_Break_Stop
300489,2021-02-08,21.69,2021-02-09,20.6055,1,-0.05160000000000004,Extreme_Risk_Stop
300489,2022-05-05,12.98,2022-05-06,13.62,1,0.04770662557781185,Maximum_Holding_Period
300489,2022-05-06,13.33,2022-05-09,14.04,1,0.05166331582895727,Maximum_Holding_Period
300489,2022-05-09,13.22,2022-05-10,14.45,1,0.09144084720121008,Maximum_Holding_Period
300489,2024-11-11,85.0,2024-11-12,80.75,1,-0.05160000000000004,Extreme_Risk_Stop
300489,2024-12-03,68.89,2024-12-04,66.35,1,-0.03847037305849916,Trend_Break_Stop
300491,2020-09-17,16.06,2020-09-18,15.89,1,-0.012185305105852983,Trend_Break_Stop
300493,2020-04-08,9.17,2020-04-09,9.35,1,0.018029225736095934,Maximum_Holding_Period
300494,2022-02-09,17.32,2022-02-10,17.44,1,0.0053284064665127156,Maximum_Holding_Period
300494,2022-05-06,13.15,2022-05-09,13.42,1,0.01893231939163491,Maximum_Holding_Period
300495,2022-12-29,2.91,2022-12-30,2.8,1,-0.03940068728522345,Trend_Break_Stop
300497,2020-06-12,20.66,2020-06-15,21.1,1,0.019697192642788065,Maximum_Holding_Period
300497,2022-05-06,12.45,2022-05-09,14.79,1,0.1863518072289157,Maximum_Holding_Period
300499,2022-05-06,8.21,2022-05-09,8.51,1,0.03494080389768555,Maximum_Holding_Period
300500,2021-10-26,20.28,2021-10-27,20.67,1,0.01763076923076916,Maximum_Holding_Period
300500,2024-06-14,9.78,2024-06-17,10.0,1,0.02089488752556239,Maximum_Holding_Period
300501,2022-05-06,13.22,2022-05-09,13.47,1,0.017310741301058963,Maximum_Holding_Period
300502,2022-05-05,23.05,2022-05-06,23.5,1,0.017922776572667987,Maximum_Holding_Period
300502,2022-05-06,23.12,2022-05-09,23.6,1,0.01916124567474058,Maximum_Holding_Period
300502,2025-11-21,313.9,2025-11-24,298.205,1,-0.05159999999999993,Extreme_Risk_Stop
300502,2026-06-23,575.0,2026-06-24,546.25,1,-0.05160000000000004,Extreme_Risk_Stop
300502,2026-08-06,413.0,2026-08-07,420.95,1,0.017649394673123365,Trend_Break_Stop
300503,2021-10-15,14.17,2021-10-18,14.14,1,-0.0037171489061396763,Maximum_Holding_Period
300503,2023-08-03,16.05,2023-08-04,17.18,1,0.06880498442367604,Maximum_Holding_Period
300503,2025-01-13,18.46,2025-01-14,21.14,1,0.14357876489707483,Maximum_Holding_Period
300503,2025-04-16,22.14,2025-04-17,21.54,1,-0.028700271002710064,Trend_Break_Stop
300505,2021-08-05,26.99,2021-08-06,25.640499999999996,1,-0.05160000000000004,Extreme_Risk_Stop
300505,2021-10-20,37.1,2021-10-21,42.78,1,0.15149973045822113,Maximum_Holding_Period
300505,2022-05-09,23.8,2022-05-10,24.47,1,0.02655126050420158,Trend_Break_Stop
300506,2020-02-12,6.7,2020-02-13,6.62,1,-0.0135402985074627,Trend_Break_Stop
300506,2021-01-25,5.15,2021-01-26,5.04,1,-0.022959223300970954,Trend_Break_Stop
300507,2021-06-16,8.52,2021-06-17,8.81,1,0.032437558685446226,Maximum_Holding_Period
300507,2021-06-17,8.64,2021-06-18,9.15,1,0.05742777777777768,Maximum_Holding_Period
300508,2021-10-15,48.2,2021-10-18,49.32,1,0.021636514522821493,Maximum_Holding_Period
300509,2022-05-06,5.25,2022-05-09,5.52,1,0.04982857142857138,Maximum_Holding_Period
300510,2022-10-13,4.29,2022-10-14,4.51,1,0.049682051282051325,Maximum_Holding_Period
300511,2022-02-10,7.11,2022-02-11,6.9,1,-0.031135864978902927,Trend_Break_Stop
300511,2022-05-06,6.0,2022-05-09,6.49,1,0.08006666666666677,Maximum_Holding_Period
300511,2025-04-07,4.41,2025-04-08,5.35,1,0.21155192743764167,Maximum_Holding_Period
300516,2026-06-08,39.0,2026-06-09,37.05,1,-0.05160000000000004,Extreme_Risk_Stop
300517,2022-05-10,11.12,2022-05-11,11.55,1,0.037069064748201534,Maximum_Holding_Period
300518,2024-06-13,8.19,2024-06-14,7.91,1,-0.035788034188034064,Trend_Break_Stop
300518,2024-09-03,8.28,2024-09-04,8.2,1,-0.011261835748792314,Trend_Break_Stop
300518,2024-09-04,8.41,2024-09-05,8.35,1,-0.008734363852556503,Maximum_Holding_Period
300519,2022-05-10,16.66,2022-05-11,17.0,1,0.018808163265306144,Trend_Break_Stop
300522,2022-05-06,10.1,2022-05-09,10.37,1,0.025132673267326756,Maximum_Holding_Period
300523,2025-12-29,23.8,2025-12-30,24.08,1,0.010164705882352899,Maximum_Holding_Period
300525,2021-06-11,20.2,2021-06-15,20.05,1,-0.009025742574257322,Maximum_Holding_Period
300527,2020-11-05,12.01,2020-11-06,11.6,1,-0.03573821815154039,Trend_Break_Stop
300527,2020-11-06,12.06,2020-11-09,11.457,1,-0.05159999999999993,Extreme_Risk_Stop
300528,2022-05-12,5.8,2022-05-13,6.15,1,0.058744827586207075,Maximum_Holding_Period
300528,2026-08-05,13.65,2026-08-06,14.11,1,0.03209963369963358,Maximum_Holding_Period
300530,2025-01-13,16.84,2025-01-14,17.28,1,0.024528266033254243,Maximum_Holding_Period
300531,2022-05-06,12.2,2022-05-09,12.78,1,0.045940983606557455,Maximum_Holding_Period
300531,2022-05-10,12.62,2022-05-11,13.45,1,0.06416862123613302,Maximum_Holding_Period
300531,2026-06-17,15.5,2026-06-18,15.5,1,-0.0015999999999999999,Maximum_Holding_Period
300534,2024-01-26,8.83,2024-01-29,8.62,1,-0.025382559456398734,Trend_Break_Stop
300536,2025-01-16,5.83,2025-01-17,6.15,1,0.05328850771869647,Maximum_Holding_Period
300537,2021-09-09,18.55,2021-09-10,18.47,1,-0.0059126684636120015,Maximum_Holding_Period
300537,2022-09-08,15.28,2022-09-09,14.515999999999998,1,-0.05160000000000004,Extreme_Risk_Stop
300538,2020-11-23,25.81,2020-11-24,26.28,1,0.016609996125532867,Maximum_Holding_Period
300538,2022-05-06,10.98,2022-05-09,11.14,1,0.012971948998178596,Maximum_Holding_Period
300538,2024-01-29,15.31,2024-01-30,14.5445,1,-0.05160000000000004,Extreme_Risk_Stop
300539,2026-06-17,23.18,2026-06-18,22.18,1,-0.04474063848144955,Trend_Break_Stop
300540,2021-09-10,28.38,2021-09-13,26.961,1,-0.05160000000000004,Extreme_Risk_Stop
300540,2022-04-07,25.33,2022-04-08,24.84,1,-0.020944650611922588,Trend_Break_Stop
300540,2024-02-21,18.14,2024-02-22,19.39,1,0.06730848952590955,Maximum_Holding_Period
300541,2022-05-10,12.11,2022-05-11,12.27,1,0.011612221304706783,Maximum_Holding_Period
300541,2022-05-11,12.4,2022-05-12,12.31,1,-0.008858064516128982,Maximum_Holding_Period
300541,2024-06-25,8.92,2024-06-26,9.54,1,0.06790672645739897,Maximum_Holding_Period
300541,2025-04-11,11.78,2025-04-14,12.1,1,0.02556468590831922,Maximum_Holding_Period
300542,2024-06-19,13.62,2024-06-20,13.27,1,-0.02729750367107193,Trend_Break_Stop
300545,2020-03-06,36.0,2020-03-09,34.199999999999996,1,-0.05160000000000015,Extreme_Risk_Stop
300545,2022-05-06,13.68,2022-05-09,14.4,1,0.051031578947368365,Maximum_Holding_Period
300545,2022-05-10,14.21,2022-05-11,15.03,1,0.05610584095707232,Maximum_Holding_Period
300546,2025-01-08,16.29,2025-01-09,16.29,1,-0.0015999999999999999,Maximum_Holding_Period
300546,2025-04-11,16.0,2025-04-14,16.6,1,0.03590000000000009,Maximum_Holding_Period
300547,2025-09-12,44.11,2025-09-15,42.8,1,-0.03129848107005224,Trend_Break_Stop
300548,2022-05-06,22.12,2022-05-09,23.55,1,0.06304737793851727,Maximum_Holding_Period
300548,2022-05-09,22.7,2022-05-10,24.03,1,0.05699030837004409,Maximum_Holding_Period
300548,2024-04-25,23.22,2024-04-26,24.72,1,0.06299948320413433,Maximum_Holding_Period
300548,2025-03-11,44.0,2025-03-12,44.53,1,0.01044545454545447,Maximum_Holding_Period
300548,2025-10-22,100.0,2025-10-23,98.42,1,-0.017400000000000037,Trend_Break_Stop
300548,2025-10-23,100.93,2025-10-24,109.6,1,0.08430111958783297,Maximum_Holding_Period
300549,2021-01-21,20.0,2021-01-22,19.75,1,-0.014099999999999956,Trend_Break_Stop
300549,2022-05-06,11.5,2022-05-09,11.72,1,0.017530434782608673,Maximum_Holding_Period
300549,2025-01-10,15.9,2025-01-13,15.94,1,0.0009157232704402512,Maximum_Holding_Period
300550,2020-07-09,21.77,2020-07-10,23.2,1,0.06408672485071203,Maximum_Holding_Period
300551,2024-06-28,5.93,2024-07-01,5.6335,1,-0.05160000000000004,Extreme_Risk_Stop
300551,2024-11-29,13.45,2024-12-02,14.38,1,0.06754498141263947,Maximum_Holding_Period
300551,2025-01-17,9.6,2025-01-20,9.54,1,-0.00785000000000009,Trend_Break_Stop
300551,2026-04-09,14.08,2026-04-10,14.27,1,0.01189431818181812,Maximum_Holding_Period
300551,2026-06-18,11.21,2026-06-22,10.6495,1,-0.05160000000000004,Extreme_Risk_Stop
300552,2021-05-18,31.65,2021-05-19,31.4,1,-0.00949889415481837,Maximum_Holding_Period
300552,2022-05-06,15.77,2022-05-09,16.46,1,0.04215396322130643,Maximum_Holding_Period
300552,2022-05-10,16.18,2022-05-11,16.94,1,0.04537156983930784,Maximum_Holding_Period
300552,2024-07-12,34.6,2024-07-15,35.56,1,0.02614566473988438,Maximum_Holding_Period
300554,2021-01-20,18.08,2021-01-21,18.46,1,0.019417699115044363,Maximum_Holding_Period
300554,2021-02-05,17.2,2021-02-08,16.34,1,-0.05159999999999993,Extreme_Risk_Stop
300554,2022-05-06,12.61,2022-05-09,13.22,1,0.04677430610626492,Maximum_Holding_Period
300554,2022-05-10,13.04,2022-05-11,13.35,1,0.022173006134969465,Maximum_Holding_Period
300554,2024-06-12,25.1,2024-06-13,26.01,1,0.0346549800796812,Maximum_Holding_Period
300554,2024-06-14,25.89,2024-06-17,25.3,1,-0.024388721514098054,Trend_Break_Stop
300554,2024-11-29,24.69,2024-12-02,25.65,1,0.03728213851761835,Maximum_Holding_Period
300556,2024-04-25,19.3,2024-04-26,19.89,1,0.028969948186528472,Maximum_Holding_Period
300557,2026-07-28,24.41,2026-07-29,23.1895,1,-0.05160000000000004,Extreme_Risk_Stop
300558,2022-05-06,42.76,2022-05-09,43.32,1,0.011496351730589317,Maximum_Holding_Period
300560,2022-05-06,13.0,2022-05-09,13.78,1,0.058400000000000056,Maximum_Holding_Period
300560,2022-05-09,13.52,2022-05-10,13.99,1,0.03316331360946761,Maximum_Holding_Period
300560,2022-05-10,13.47,2022-05-11,13.8,1,0.022898886414253906,Maximum_Holding_Period
300560,2023-05-04,15.03,2023-05-05,15.53,1,0.031666799733865596,Maximum_Holding_Period
300560,2023-05-08,15.38,2023-05-09,15.44,1,0.0023011703511051545,Trend_Break_Stop
300561,2022-05-06,8.58,2022-05-09,8.9,1,0.03569603729603737,Maximum_Holding_Period
300561,2022-05-10,8.75,2022-05-11,8.92,1,0.01782857142857135,Maximum_Holding_Period
300561,2024-07-23,8.24,2024-07-24,7.9,1,-0.042862135922330076,Trend_Break_Stop
300561,2024-10-21,20.14,2024-10-22,20.61,1,0.021736643495531328,Maximum_Holding_Period
300561,2026-02-05,14.52,2026-02-06,13.793999999999999,1,-0.05160000000000004,Extreme_Risk_Stop
300562,2022-05-06,8.65,2022-05-09,9.09,1,0.049267052023121365,Maximum_Holding_Period
300562,2024-09-26,11.25,2024-09-27,12.06,1,0.07040000000000006,Maximum_Holding_Period
300563,2025-01-17,52.69,2025-01-20,57.94,1,0.09803940026570505,Maximum_Holding_Period
300564,2024-08-26,8.9,2024-08-27,9.7,1,0.08828764044943797,Maximum_Holding_Period
300564,2024-08-27,8.91,2024-08-28,9.01,1,0.009623344556677838,Trend_Break_Stop
300564,2025-08-20,18.09,2025-08-21,17.57,1,-0.030345163073521263,Trend_Break_Stop
300565,2020-11-23,17.55,2020-11-24,17.61,1,0.0018188034188034068,Maximum_Holding_Period
300565,2022-09-22,39.13,2022-09-23,37.173500000000004,1,-0.05159999999999993,Extreme_Risk_Stop
300566,2021-10-15,23.01,2021-10-18,22.99,1,-0.0024691873098654045,Maximum_Holding_Period
300568,2021-07-08,42.21,2021-07-09,40.0995,1,-0.05160000000000004,Extreme_Risk_Stop
300569,2020-11-13,17.4,2020-11-16,18.98,1,0.08920459770114957,Maximum_Holding_Period
300570,2020-04-10,23.7,2020-04-13,22.514999999999997,1,-0.05160000000000004,Extreme_Risk_Stop
300570,2025-03-06,92.0,2025-03-07,89.4,1,-0.02986086956521734,Maximum_Holding_Period
300571,2025-01-15,24.02,2025-01-16,25.12,1,0.04419517069109085,Maximum_Holding_Period
300573,2021-02-10,84.06,2021-02-18,99.09,1,0.17720085653104928,Maximum_Holding_Period
300575,2024-02-21,5.72,2024-02-22,6.13,1,0.07007832167832166,Maximum_Holding_Period
300578,2022-02-22,22.28,2022-02-23,24.3,1,0.08906427289048473,Maximum_Holding_Period
300580,2022-05-06,14.44,2022-05-09,14.56,1,0.006710249307479367,Maximum_Holding_Period
300580,2026-07-30,20.13,2026-07-31,20.96,1,0.03963199205166417,Maximum_Holding_Period
300582,2020-11-18,22.71,2020-11-19,23.84,1,0.048157815940114417,Maximum_Holding_Period
300582,2020-11-20,23.43,2020-11-23,23.39,1,-0.0033072129748185726,Trend_Break_Stop
300584,2022-03-29,64.51,2022-03-30,61.2845,1,-0.05160000000000004,Extreme_Risk_Stop
300585,2024-07-12,10.93,2024-07-15,11.71,1,0.06976322049405308,Maximum_Holding_Period
300585,2026-07-28,12.57,2026-07-29,12.83,1,0.019084168655529022,Maximum_Holding_Period
300585,2026-07-30,12.79,2026-07-31,14.13,1,0.10316935105551232,Maximum_Holding_Period
300586,2020-04-09,18.59,2020-04-10,17.6605,1,-0.05160000000000004,Extreme_Risk_Stop
300588,2021-08-04,15.16,2021-08-05,14.402,1,-0.05160000000000004,Extreme_Risk_Stop
300588,2022-05-10,10.2,2022-05-11,10.27,1,0.0052627450980391914,Trend_Break_Stop
300589,2025-04-11,11.66,2025-04-14,11.8,1,0.010406861063464935,Maximum_Holding_Period
300589,2026-03-26,16.4,2026-03-27,16.09,1,-0.02050243902439015,Maximum_Holding_Period
300590,2022-05-10,15.66,2022-05-11,16.36,1,0.04309987228607919,Maximum_Holding_Period
300590,2022-07-19,13.51,2022-07-20,14.07,1,0.03985077720207269,Maximum_Holding_Period
300590,2022-07-22,14.23,2022-07-25,13.5185,1,-0.05160000000000004,Extreme_Risk_Stop
300590,2026-08-06,10.73,2026-08-07,11.18,1,0.040338490214352256,Maximum_Holding_Period
300591,2024-11-22,5.03,2024-11-25,5.24,1,0.04014950298210734,Maximum_Holding_Period
300591,2025-12-10,10.0,2025-12-11,9.78,1,-0.02360000000000002,Trend_Break_Stop
300592,2021-02-09,14.79,2021-02-10,16.29,1,0.09981987829614596,Maximum_Holding_Period
300593,2020-02-10,17.17,2020-02-11,17.4,1,0.011795457192777904,Maximum_Holding_Period
300593,2021-06-28,41.2,2021-06-29,42.05,1,0.019031067961164983,Maximum_Holding_Period
300593,2024-07-12,9.3,2024-07-15,9.14,1,-0.018804301075268825,Maximum_Holding_Period
300598,2020-06-23,178.01,2020-06-24,182.58,1,0.024072715016010538,Maximum_Holding_Period
300598,2020-09-09,150.32,2020-09-10,142.80399999999997,1,-0.05160000000000015,Extreme_Risk_Stop
300598,2022-05-05,35.0,2022-05-06,42.2,1,0.20411428571428575,Maximum_Holding_Period
300598,2024-06-14,29.6,2024-06-17,30.4,1,0.025427027027026972,Maximum_Holding_Period
300600,2021-08-04,10.01,2021-08-05,10.35,1,0.03236603396603393,Maximum_Holding_Period
300600,2022-05-06,7.52,2022-05-09,7.86,1,0.043612765957446835,Maximum_Holding_Period
300600,2022-05-09,7.68,2022-05-10,7.87,1,0.02313958333333348,Maximum_Holding_Period
300600,2024-05-28,6.0,2024-05-29,6.01,1,6.66666666667053e-05,Maximum_Holding_Period
300600,2025-09-10,17.0,2025-09-11,16.88,1,-0.008658823529411785,Maximum_Holding_Period
300600,2026-07-24,8.93,2026-07-27,9.47,1,0.058870324748040485,Maximum_Holding_Period
300601,2022-05-05,64.3,2022-05-06,63.94,1,-0.007198755832037283,Maximum_Holding_Period
300601,2022-05-06,63.4,2022-05-09,65.03,1,0.024109779179810876,Maximum_Holding_Period
300601,2022-07-01,44.78,2022-07-04,46.26,1,0.03145046895935671,Maximum_Holding_Period
300603,2020-03-23,34.11,2020-03-24,35.01,1,0.02478522427440626,Maximum_Holding_Period
300603,2022-05-05,9.8,2022-05-06,10.73,1,0.09329795918367338,Maximum_Holding_Period
300603,2022-05-06,9.68,2022-05-09,10.93,1,0.12753223140495878,Maximum_Holding_Period
300604,2024-02-21,25.46,2024-02-22,26.56,1,0.041605027494108264,Maximum_Holding_Period
300606,2023-07-31,18.99,2023-08-01,19.98,1,0.050532701421801156,Maximum_Holding_Period
300606,2023-08-01,19.41,2023-08-02,20.5,1,0.05455662029881508,Maximum_Holding_Period
300606,2026-06-08,33.89,2026-06-09,38.0,1,0.11967471230451458,Maximum_Holding_Period
300607,2025-01-06,28.3,2025-01-07,31.0,1,0.09380636042402828,Maximum_Holding_Period
300607,2025-01-07,28.94,2025-01-08,33.28,1,0.14836544574982719,Maximum_Holding_Period
300607,2025-04-11,26.29,2025-04-14,27.72,1,0.05279330543933063,Maximum_Holding_Period
300608,2021-07-07,18.6,2021-07-08,19.06,1,0.023131182795698858,Maximum_Holding_Period
300608,2022-05-10,9.68,2022-05-11,9.83,1,0.013895867768595017,Maximum_Holding_Period
300608,2024-04-25,11.0,2024-04-26,11.33,1,0.028400000000000026,Maximum_Holding_Period
300608,2025-01-17,10.2,2025-01-20,10.12,1,-0.009443137254901934,Trend_Break_Stop
300608,2026-06-24,12.58,2026-06-25,11.950999999999999,1,-0.05160000000000015,Extreme_Risk_Stop
300608,2026-07-24,9.23,2026-07-27,9.69,1,0.04823748645720465,Maximum_Holding_Period
300609,2024-04-22,16.3,2024-04-23,17.5,1,0.0720196319018405,Maximum_Holding_Period
300610,2022-05-06,12.3,2022-05-09,12.53,1,0.017099186991869787,Maximum_Holding_Period
300610,2022-09-07,17.6,2022-09-08,17.81,1,0.010331818181817987,Maximum_Holding_Period
300610,2025-04-15,9.43,2025-04-16,10.16,1,0.07581251325556741,Maximum_Holding_Period
300612,2021-01-19,16.9,2021-01-20,17.77,1,0.04987928994082851,Maximum_Holding_Period
300612,2022-01-18,26.13,2022-01-19,24.8235,1,-0.05160000000000004,Extreme_Risk_Stop
300612,2022-04-20,20.18,2022-04-21,19.171,1,-0.05160000000000004,Extreme_Risk_Stop
300612,2024-04-25,13.48,2024-04-26,13.97,1,0.034750148367952476,Maximum_Holding_Period
300613,2020-09-22,148.5,2020-09-23,148.51,1,-0.001532659932659895,Trend_Break_Stop
300613,2026-07-28,57.98,2026-07-29,58.75,1,0.011680441531562603,Maximum_Holding_Period
300614,2025-01-17,9.19,2025-01-20,9.29,1,0.00928139281828071,Maximum_Holding_Period
300616,2022-05-06,25.22,2022-05-09,25.87,1,0.02417319587628879,Maximum_Holding_Period
300616,2022-05-10,25.42,2022-05-11,25.82,1,0.014135641227379914,Maximum_Holding_Period
300616,2026-06-10,14.46,2026-06-11,13.737,1,-0.05160000000000004,Extreme_Risk_Stop
300617,2022-05-06,33.79,2022-05-09,35.18,1,0.03953643089671504,Maximum_Holding_Period
300617,2026-07-24,41.86,2026-07-27,39.766999999999996,1,-0.05160000000000004,Extreme_Risk_Stop
300618,2025-04-15,32.0,2025-04-16,31.36,1,-0.02160000000000002,Trend_Break_Stop
300619,2022-04-29,63.0,2022-05-05,59.849999999999994,1,-0.05160000000000004,Extreme_Risk_Stop
300619,2022-05-05,63.0,2022-05-06,61.85,1,-0.01985396825396819,Trend_Break_Stop
300619,2024-02-23,37.98,2024-02-26,40.08,1,0.05369225908372837,Maximum_Holding_Period
300620,2022-02-22,43.02,2022-02-23,45.74,1,0.06162640632264065,Maximum_Holding_Period
300620,2022-05-06,24.12,2022-05-09,24.84,1,0.02825074626865658,Maximum_Holding_Period
300620,2023-05-17,53.01,2023-05-18,50.3595,1,-0.05160000000000004,Extreme_Risk_Stop
300620,2023-05-18,38.62,2023-05-19,37.99,1,-0.017912791299844532,Trend_Break_Stop
300620,2023-08-08,50.62,2023-08-09,48.089,1,-0.05159999999999993,Extreme_Risk_Stop
300620,2023-08-09,51.0,2023-08-10,48.449999999999996,1,-0.05160000000000004,Extreme_Risk_Stop
300621,2022-05-10,8.07,2022-05-11,8.59,1,0.06283618339529111,Maximum_Holding_Period
300622,2020-06-09,12.6,2020-06-10,13.0,1,0.030146031746031855,Maximum_Holding_Period
300622,2024-09-02,26.39,2024-09-03,28.31,1,0.07115483137552085,Maximum_Holding_Period
300622,2024-09-03,26.65,2024-09-04,25.3175,1,-0.05159999999999993,Extreme_Risk_Stop
300622,2024-09-04,27.49,2024-09-05,26.115499999999997,1,-0.05160000000000004,Extreme_Risk_Stop
300623,2026-08-11,26.37,2026-08-12,26.98,1,0.02153234736442915,Maximum_Holding_Period
300624,2020-03-19,77.0,2020-03-20,78.83,1,0.022166233766233657,Maximum_Holding_Period
300624,2020-03-23,76.0,2020-03-24,81.73,1,0.07379473684210529,Maximum_Holding_Period
300624,2022-05-06,28.04,2022-05-09,29.33,1,0.04440570613409416,Maximum_Holding_Period
300624,2024-04-25,85.95,2024-04-26,91.01,1,0.057271436881908104,Maximum_Holding_Period
300624,2025-01-10,59.0,2025-01-13,56.05,1,-0.05160000000000004,Extreme_Risk_Stop
300628,2020-06-18,63.32,2020-06-19,63.71,1,0.004559191408717568,Maximum_Holding_Period
300628,2020-06-29,66.55,2020-06-30,68.26,1,0.02409496619083411,Maximum_Holding_Period
300628,2023-06-14,37.2,2023-06-15,37.66,1,0.010765591397849317,Maximum_Holding_Period
300629,2021-02-19,19.11,2021-02-22,20.15,1,0.052821768707483056,Maximum_Holding_Period
300629,2021-02-23,19.85,2021-02-24,20.76,1,0.0442438287153653,Maximum_Holding_Period
300629,2026-02-05,25.62,2026-02-06,25.34,1,-0.012528961748633893,Trend_Break_Stop
300630,2024-12-24,7.68,2024-12-25,7.295999999999999,1,-0.05160000000000004,Extreme_Risk_Stop
300631,2021-09-10,44.0,2021-09-13,46.95,1,0.06544545454545463,Maximum_Holding_Period
300631,2021-09-13,44.38,2021-09-14,48.38,1,0.08853068949977465,Maximum_Holding_Period
300631,2022-05-06,24.2,2022-05-09,25.22,1,0.040548760330578575,Maximum_Holding_Period
300631,2024-02-27,21.57,2024-02-28,21.88,1,0.012771812702827835,Maximum_Holding_Period
300632,2022-05-12,10.13,2022-05-13,10.65,1,0.0497326752221126,Maximum_Holding_Period
300632,2026-06-17,27.9,2026-06-18,31.48,1,0.1267154121863801,Maximum_Holding_Period
300635,2024-02-27,9.45,2024-02-28,8.9775,1,-0.05160000000000004,Extreme_Risk_Stop
300636,2022-05-05,19.61,2022-05-06,23.6,1,0.2018676185619584,Maximum_Holding_Period
300636,2022-06-08,26.62,2022-06-09,25.289,1,-0.05159999999999993,Extreme_Risk_Stop
300637,2023-12-14,10.72,2023-12-15,10.47,1,-0.02492089552238803,Trend_Break_Stop
300637,2023-12-21,10.7,2023-12-22,11.12,1,0.03765233644859816,Maximum_Holding_Period
300637,2024-06-17,10.95,2024-06-18,11.2,1,0.021231050228310445,Trend_Break_Stop
300637,2024-06-20,11.5,2024-06-21,10.924999999999999,1,-0.05160000000000004,Extreme_Risk_Stop
300637,2026-07-30,8.2,2026-07-31,8.03,1,-0.02233170731707319,Trend_Break_Stop
300639,2022-02-11,28.85,2022-02-14,27.4075,1,-0.05160000000000004,Extreme_Risk_Stop
300639,2022-05-16,24.0,2022-05-17,22.799999999999997,1,-0.05160000000000015,Extreme_Risk_Stop
300639,2024-08-28,5.81,2024-08-29,5.519499999999999,1,-0.05160000000000015,Extreme_Risk_Stop
300640,2022-05-06,5.24,2022-05-09,5.47,1,0.04229312977099236,Maximum_Holding_Period
300641,2024-06-05,24.98,2024-06-06,26.65,1,0.06525348278622882,Maximum_Holding_Period
300642,2022-02-22,28.2,2022-02-23,27.9,1,-0.012238297872340497,Maximum_Holding_Period
300642,2022-05-06,20.1,2022-05-09,21.5,1,0.06805174129353224,Maximum_Holding_Period
300643,2020-02-10,18.34,2020-02-11,18.4,1,0.0016715376226826189,Trend_Break_Stop
300647,2020-12-09,12.67,2020-12-10,12.0365,1,-0.05159999999999993,Extreme_Risk_Stop
300647,2024-06-28,5.15,2024-07-01,5.41,1,0.04888543689320373,Maximum_Holding_Period
300647,2024-07-02,5.35,2024-07-03,5.12,1,-0.044590654205607434,Trend_Break_Stop
300648,2021-03-03,30.91,2021-03-04,30.43,1,-0.01712895503073437,Trend_Break_Stop
300649,2023-10-26,17.45,2023-10-27,17.2,1,-0.015926647564469886,Maximum_Holding_Period
300650,2022-10-17,10.62,2022-10-18,10.79,1,0.014407532956685554,Maximum_Holding_Period
300651,2021-09-06,30.15,2021-09-07,32.3,1,0.0697101160862355,Maximum_Holding_Period
300651,2025-07-03,28.55,2025-07-04,27.31,1,-0.045032574430823154,Trend_Break_Stop
300652,2025-04-11,39.93,2025-04-14,47.28,1,0.18247212622088665,Maximum_Holding_Period
300654,2020-02-26,17.2,2020-02-27,18.17,1,0.05479534883720954,Maximum_Holding_Period
300654,2020-04-08,13.1,2020-04-09,13.29,1,0.01290381679389312,Maximum_Holding_Period
300655,2020-04-03,35.31,2020-04-07,35.49,1,0.003497706032285432,Maximum_Holding_Period
300655,2021-10-21,40.55,2021-10-22,40.2,1,-0.010231319358816115,Maximum_Holding_Period
300655,2022-05-06,23.27,2022-05-09,24.3,1,0.04266299957026214,Maximum_Holding_Period
300656,2020-11-30,34.7,2020-12-01,33.72,1,-0.029842074927954054,Trend_Break_Stop
300656,2022-10-17,29.94,2022-10-18,30.89,1,0.030130126920507695,Maximum_Holding_Period
300657,2026-06-08,40.8,2026-06-09,46.03,1,0.12658627450980414,Maximum_Holding_Period
300658,2021-05-17,18.83,2021-05-18,18.34,1,-0.027622304832713728,Trend_Break_Stop
300659,2022-05-09,18.17,2022-05-10,18.48,1,0.015461089708310328,Maximum_Holding_Period
300660,2022-09-07,29.11,2022-09-08,28.57,1,-0.02015032634833387,Trend_Break_Stop
300661,2020-03-26,247.0,2020-03-27,241.22,1,-0.025000809716599192,Trend_Break_Stop
300667,2020-07-16,22.88,2020-07-17,21.735999999999997,1,-0.05160000000000004,Extreme_Risk_Stop
300667,2020-07-22,22.68,2020-07-23,23.91,1,0.05263280423280419,Maximum_Holding_Period
300667,2020-07-24,23.58,2020-07-27,22.400999999999996,1,-0.05160000000000004,Extreme_Risk_Stop
300670,2026-07-28,5.45,2026-07-29,5.52,1,0.01124403669724754,Maximum_Holding_Period
300671,2021-08-19,128.17,2021-08-20,127.46,1,-0.007139517827884754,Trend_Break_Stop
300671,2022-04-19,76.0,2022-04-20,72.87,1,-0.04278421052631571,Trend_Break_Stop
300674,2020-08-05,52.49,2020-08-06,51.94,1,-0.01207818632120412,Maximum_Holding_Period
300674,2022-05-06,14.2,2022-05-09,14.7,1,0.03361126760563376,Maximum_Holding_Period
300675,2022-04-28,15.56,2022-04-29,15.92,1,0.021536246786632286,Maximum_Holding_Period
300677,2021-04-06,168.52,2021-04-07,169.1,1,0.0018417279848089068,Maximum_Holding_Period
300678,2021-12-30,20.99,2021-12-31,22.52,1,0.07129185326345881,Maximum_Holding_Period
300678,2022-02-23,20.51,2022-02-24,19.4845,1,-0.05160000000000004,Extreme_Risk_Stop
300678,2022-02-24,20.69,2022-02-25,19.6555,1,-0.05160000000000004,Extreme_Risk_Stop
300678,2023-05-23,50.05,2023-05-24,47.54749999999999,1,-0.05160000000000004,Extreme_Risk_Stop
300679,2020-03-23,38.31,2020-03-24,36.3945,1,-0.05160000000000004,Extreme_Risk_Stop
300680,2026-06-17,26.25,2026-06-18,26.16,1,-0.005028571428571447,Trend_Break_Stop
300681,2022-05-06,63.53,2022-05-09,65.43,1,0.02830713048953264,Maximum_Holding_Period
300681,2026-08-07,21.15,2026-08-10,21.23,1,0.0021825059101654902,Maximum_Holding_Period
300682,2022-05-06,20.95,2022-05-09,20.62,1,-0.01735178997613358,Trend_Break_Stop
300683,2020-04-08,56.42,2020-04-09,56.2,1,-0.005499326479971599,Maximum_Holding_Period
300683,2020-04-13,55.25,2020-04-14,52.4875,1,-0.05160000000000004,Extreme_Risk_Stop
300684,2023-05-29,24.4,2023-05-30,25.5,1,0.04348196721311486,Maximum_Holding_Period
300684,2026-07-28,50.86,2026-07-29,48.317,1,-0.05159999999999993,Extreme_Risk_Stop
300688,2021-12-03,39.83,2021-12-06,37.838499999999996,1,-0.05160000000000004,Extreme_Risk_Stop
300688,2023-07-17,32.16,2023-07-18,31.2,1,-0.03145074626865658,Trend_Break_Stop
300689,2021-09-07,24.0,2021-09-08,24.0,1,-0.0015999999999999999,Maximum_Holding_Period
300689,2024-07-15,13.6,2024-07-16,13.26,1,-0.026600000000000023,Trend_Break_Stop
300690,2021-02-10,42.85,2021-02-18,42.69,1,-0.005333955659276589,Maximum_Holding_Period
300690,2022-05-05,13.69,2022-05-06,13.76,1,0.0035132213294375896,Maximum_Holding_Period
300690,2022-05-06,13.61,2022-05-09,14.0,1,0.02705540044085235,Maximum_Holding_Period
300690,2024-08-30,17.23,2024-09-02,17.28,1,0.0013019152640743508,Maximum_Holding_Period
300690,2024-09-02,17.68,2024-09-03,17.29,1,-0.023658823529411798,Trend_Break_Stop
300691,2022-05-06,10.85,2022-05-09,10.99,1,0.011303225806451645,Maximum_Holding_Period
300693,2021-09-15,37.07,2021-09-16,35.216499999999996,1,-0.05160000000000015,Extreme_Risk_Stop
300697,2021-05-27,15.03,2021-05-28,15.17,1,0.007714703925482393,Maximum_Holding_Period
300697,2021-10-19,13.0,2021-10-20,12.92,1,-0.007753846153846176,Trend_Break_Stop
300697,2025-04-24,14.84,2025-04-25,14.8,1,-0.004295417789757348,Maximum_Holding_Period
300697,2026-07-24,12.76,2026-07-27,13.17,1,0.030531661442006187,Maximum_Holding_Period
300698,2020-04-22,21.8,2020-04-23,21.01,1,-0.037838532110091645,Trend_Break_Stop
300699,2021-03-19,69.58,2021-03-22,71.25,1,0.02240114975567691,Maximum_Holding_Period
300700,2024-05-29,8.26,2024-05-30,8.78,1,0.06135399515738498,Maximum_Holding_Period
300701,2021-06-17,21.0,2021-06-18,22.03,1,0.04744761904761901,Maximum_Holding_Period
300702,2022-05-06,31.34,2022-05-09,35.9,1,0.14390095724313984,Maximum_Holding_Period
300703,2025-07-03,21.59,2025-07-04,20.5105,1,-0.05159999999999993,Extreme_Risk_Stop
300705,2024-06-04,26.37,2024-06-05,26.4,1,-0.0004623435722412401,Maximum_Holding_Period
300706,2020-04-03,31.66,2020-04-07,33.61,1,0.05999191408717613,Maximum_Holding_Period
300706,2023-05-11,23.5,2023-05-12,23.32,1,-0.009259574468085074,Maximum_Holding_Period
300710,2026-06-29,36.0,2026-06-30,34.199999999999996,1,-0.05160000000000015,Extreme_Risk_Stop
300710,2026-07-28,26.0,2026-07-29,26.55,1,0.019553846153846078,Maximum_Holding_Period
300710,2026-07-29,26.41,2026-07-30,25.089499999999997,1,-0.05160000000000015,Extreme_Risk_Stop
300713,2021-01-19,18.45,2021-01-20,20.42,1,0.10517506775067757,Maximum_Holding_Period
300715,2020-10-14,55.99,2020-10-15,53.1905,1,-0.05160000000000004,Extreme_Risk_Stop
300715,2020-10-29,48.26,2020-10-30,49.0,1,0.013733609614587739,Trend_Break_Stop
300715,2025-01-22,8.74,2025-01-23,9.01,1,0.029292448512585657,Maximum_Holding_Period
300716,2024-05-07,8.1,2024-05-08,8.1,1,-0.0015999999999999999,Maximum_Holding_Period
300718,2024-08-30,13.41,2024-09-02,13.23,1,-0.01502281879194629,Trend_Break_Stop
300718,2024-09-02,13.59,2024-09-03,13.39,1,-0.01631670345842524,Maximum_Holding_Period
300718,2025-04-11,74.22,2025-04-14,75.97,1,0.021978550255995755,Maximum_Holding_Period
300719,2020-11-24,20.18,2020-11-25,19.43,1,-0.03876551040634286,Trend_Break_Stop
300720,2021-01-19,21.3,2021-01-20,24.31,1,0.13971455399061022,Maximum_Holding_Period
300720,2024-06-20,14.93,2024-06-21,14.48,1,-0.03174065639651708,Trend_Break_Stop
300721,2024-04-25,9.84,2024-04-26,10.24,1,0.039050406504065154,Maximum_Holding_Period
300721,2025-04-11,14.73,2025-04-14,16.16,1,0.09548078750848603,Maximum_Holding_Period
300722,2020-11-23,61.61,2020-11-24,62.61,1,0.014631131309852208,Trend_Break_Stop
300722,2021-02-23,42.0,2021-02-24,52.01,1,0.2367333333333333,Maximum_Holding_Period
300722,2024-12-03,29.7,2024-12-04,28.98,1,-0.025842424242424177,Trend_Break_Stop
300723,2024-02-07,20.48,2024-02-08,22.2,1,0.082384375,Maximum_Holding_Period
300723,2026-01-12,37.09,2026-01-13,42.65,1,0.1483056349420327,Maximum_Holding_Period
300724,2026-07-24,56.76,2026-07-27,57.31,1,0.008089922480620172,Maximum_Holding_Period
300725,2021-03-15,150.83,2021-03-16,143.2885,1,-0.05160000000000004,Extreme_Risk_Stop
300725,2021-03-19,153.83,2021-03-22,146.1385,1,-0.05160000000000015,Extreme_Risk_Stop
300725,2021-05-26,147.3,2021-05-27,146.0,1,-0.010425526137135165,Trend_Break_Stop
300725,2022-02-18,89.0,2022-02-21,88.2,1,-0.010588764044943754,Trend_Break_Stop
300725,2022-05-06,74.0,2022-05-09,77.11,1,0.0404270270270271,Maximum_Holding_Period
300725,2024-02-08,27.18,2024-02-19,28.51,1,0.04733303899926416,Maximum_Holding_Period
300727,2021-10-20,28.7,2021-10-21,32.8,1,0.1412571428571428,Maximum_Holding_Period
300727,2021-10-21,29.59,2021-10-22,31.2,1,0.052810273741128726,Maximum_Holding_Period
300727,2026-07-24,26.94,2026-07-27,26.79,1,-0.0071679287305123724,Maximum_Holding_Period
300729,2020-12-07,48.1,2020-12-08,46.9,1,-0.02654802494802506,Trend_Break_Stop
300730,2020-04-08,14.51,2020-04-09,15.19,1,0.04526423156443831,Maximum_Holding_Period
300730,2020-04-10,15.0,2020-04-13,14.25,1,-0.05160000000000004,Extreme_Risk_Stop
300730,2022-05-06,14.15,2022-05-09,15.11,1,0.06624452296819787,Maximum_Holding_Period
300730,2022-05-11,15.3,2022-05-12,15.24,1,-0.005521568627450966,Maximum_Holding_Period
300730,2023-05-09,13.17,2023-05-10,13.01,1,-0.013748823082763883,Trend_Break_Stop
300730,2023-05-12,13.48,2023-05-15,14.3,1,0.05923086053412457,Maximum_Holding_Period
300730,2025-09-12,19.26,2025-09-15,18.88,1,-0.02133001038421607,Maximum_Holding_Period
300730,2025-09-15,19.03,2025-09-16,19.22,1,0.008384235417761277,Maximum_Holding_Period
300732,2022-03-11,15.03,2022-03-14,14.43,1,-0.041520159680638664,Trend_Break_Stop
300732,2022-04-28,12.81,2022-04-29,13.62,1,0.06163185011709587,Maximum_Holding_Period
300735,2021-05-21,10.46,2021-05-24,10.64,1,0.015608413001912114,Maximum_Holding_Period
300735,2023-10-25,18.84,2023-10-26,23.31,1,0.2356611464968153,Maximum_Holding_Period
300738,2020-05-14,50.0,2020-05-15,50.12,1,0.0007999999999999579,Trend_Break_Stop
300738,2020-05-27,48.74,2020-05-28,46.303,1,-0.05160000000000004,Extreme_Risk_Stop
300738,2022-05-06,16.36,2022-05-09,17.42,1,0.0631921760391199,Maximum_Holding_Period
300738,2022-05-10,17.1,2022-05-11,17.65,1,0.030563742690058283,Maximum_Holding_Period
300740,2020-09-16,17.92,2020-09-17,17.64,1,-0.017225000000000112,Maximum_Holding_Period
300740,2026-07-24,16.86,2026-07-27,19.4,1,0.14905243179122168,Maximum_Holding_Period
300741,2020-07-31,55.08,2020-08-03,56.29,1,0.020368046477850444,Maximum_Holding_Period
300742,2021-01-05,24.47,2021-01-06,23.246499999999997,1,-0.05160000000000004,Extreme_Risk_Stop
300742,2021-12-16,41.01,2021-12-17,40.8,1,-0.006720702267739641,Maximum_Holding_Period
300742,2023-12-22,5.42,2023-12-25,6.36,1,0.17183173431734328,Maximum_Holding_Period
300745,2022-05-06,26.9,2022-05-09,27.3,1,0.013269888475836478,Maximum_Holding_Period
300746,2021-11-12,14.34,2021-11-15,14.41,1,0.003281450488145145,Maximum_Holding_Period
300746,2022-05-06,10.85,2022-05-09,11.3,1,0.03987465437788034,Maximum_Holding_Period
300746,2022-05-10,11.01,2022-05-11,11.7,1,0.061070299727520365,Maximum_Holding_Period
300746,2024-10-18,16.05,2024-10-21,17.45,1,0.08562741433021807,Maximum_Holding_Period
300747,2022-08-02,30.3,2022-08-03,31.82,1,0.048565016501650064,Maximum_Holding_Period
300749,2022-05-06,6.6,2022-05-09,6.57,1,-0.006145454545454408,Maximum_Holding_Period
300751,2020-04-03,150.87,2020-04-07,154.77,1,0.024250069596341284,Maximum_Holding_Period
300751,2022-01-17,532.56,2022-01-18,539.59,1,0.011600390566321384,Maximum_Holding_Period
300751,2026-06-17,218.57,2026-06-18,220.64,1,0.007870650134968172,Maximum_Holding_Period
300751,2026-06-18,220.95,2026-06-22,222.9,1,0.007225526137135276,Maximum_Holding_Period
300752,2021-01-25,45.33,2021-01-26,43.0635,1,-0.05160000000000004,Extreme_Risk_Stop
300752,2021-08-25,26.9,2021-08-26,25.554999999999996,1,-0.05160000000000004,Extreme_Risk_Stop
300752,2022-05-06,14.68,2022-05-09,15.09,1,0.026329155313351605,Maximum_Holding_Period
300752,2026-06-08,14.87,2026-06-09,14.77,1,-0.00832494956287828,Trend_Break_Stop
300753,2025-04-21,21.12,2025-04-22,21.36,1,0.009763636363636242,Trend_Break_Stop
300753,2025-04-22,21.98,2025-04-23,21.53,1,-0.022073157415832555,Trend_Break_Stop
300755,2024-10-21,17.17,2024-10-22,18.39,1,0.06945416423995336,Maximum_Holding_Period
300755,2026-07-16,11.48,2026-07-17,11.15,1,-0.030345644599303178,Trend_Break_Stop
300757,2022-05-06,31.18,2022-05-09,32.91,1,0.05388428479794732,Maximum_Holding_Period
300757,2024-07-10,83.14,2024-07-11,86.75,1,0.04182073610777009,Maximum_Holding_Period
300758,2024-05-29,12.94,2024-05-30,12.293,1,-0.05160000000000004,Extreme_Risk_Stop
300758,2026-06-11,12.0,2026-06-12,12.28,1,0.021733333333333205,Maximum_Holding_Period
300758,2026-07-30,9.85,2026-07-31,9.89,1,0.002460913705583813,Maximum_Holding_Period
300759,2021-03-19,119.0,2021-03-22,122.32,1,0.02629915966386558,Maximum_Holding_Period
300759,2024-02-20,21.05,2024-02-21,21.94,1,0.04068028503562942,Maximum_Holding_Period
300761,2020-02-10,45.02,2020-02-11,47.09,1,0.04437956463793862,Maximum_Holding_Period
300762,2026-06-04,34.91,2026-06-05,36.94,1,0.056549527356058386,Maximum_Holding_Period
300763,2022-06-08,169.7,2022-06-09,164.05,1,-0.03489404832056559,Trend_Break_Stop
300763,2024-02-20,60.0,2024-02-21,60.99,1,0.014899999999999958,Maximum_Holding_Period
300763,2024-10-21,73.99,2024-10-22,75.94,1,0.02475491282605762,Maximum_Holding_Period
300763,2026-04-13,92.3,2026-04-14,96.67,1,0.04574561213434452,Maximum_Holding_Period
300763,2026-06-23,94.87,2026-06-24,90.12650000000001,1,-0.05159999999999993,Extreme_Risk_Stop
300763,2026-07-01,89.45,2026-07-02,84.97749999999999,1,-0.05160000000000015,Extreme_Risk_Stop
300766,2022-05-05,10.96,2022-05-06,10.81,1,-0.015286131386861367,Maximum_Holding_Period
300766,2022-05-11,11.31,2022-05-12,11.44,1,0.009894252873563093,Maximum_Holding_Period
300766,2023-05-08,19.29,2023-05-09,19.02,1,-0.015596889580093264,Trend_Break_Stop
300766,2023-05-09,20.32,2023-05-10,19.304,1,-0.05160000000000004,Extreme_Risk_Stop
300766,2024-04-25,11.15,2024-04-26,11.48,1,0.02799641255605372,Maximum_Holding_Period
300767,2022-03-18,65.96,2022-03-21,64.31,1,-0.026615160703456552,Trend_Break_Stop
300767,2022-03-21,65.35,2022-03-22,62.08249999999999,1,-0.05160000000000004,Extreme_Risk_Stop
300768,2022-05-06,20.47,2022-05-09,20.92,1,0.020383390327308338,Maximum_Holding_Period
300769,2020-03-06,170.99,2020-03-09,162.44050000000001,1,-0.05159999999999993,Extreme_Risk_Stop
300769,2021-02-23,129.01,2021-02-24,122.55949999999999,1,-0.05160000000000004,Extreme_Risk_Stop
300772,2021-12-01,49.0,2021-12-02,46.55,1,-0.05160000000000004,Extreme_Risk_Stop
300773,2022-05-06,18.08,2022-05-09,18.83,1,0.03988230088495586,Maximum_Holding_Period
300773,2022-05-10,18.5,2022-05-11,18.8,1,0.014616216216216272,Maximum_Holding_Period
300775,2020-02-10,30.8,2020-02-11,30.81,1,-0.0012753246753247167,Maximum_Holding_Period
300776,2022-06-29,180.2,2022-06-30,171.18999999999997,1,-0.05160000000000015,Extreme_Risk_Stop
300779,2020-02-19,29.35,2020-02-20,29.6,1,0.0069178875638840525,Maximum_Holding_Period
300779,2026-05-08,72.0,2026-05-11,70.29,1,-0.02534999999999994,Trend_Break_Stop
300780,2026-03-02,24.5,2026-03-03,23.275,1,-0.05160000000000004,Extreme_Risk_Stop
300782,2020-07-16,499.97,2020-07-17,474.9715,1,-0.05160000000000004,Extreme_Risk_Stop
300782,2026-06-17,96.5,2026-06-18,106.1,1,0.09788186528497404,Maximum_Holding_Period
300784,2024-07-12,63.83,2024-07-15,60.63849999999999,1,-0.05160000000000004,Extreme_Risk_Stop
300785,2022-05-09,41.0,2022-05-10,40.54,1,-0.012819512195121962,Trend_Break_Stop
300785,2025-01-09,32.92,2025-01-10,31.274,1,-0.05160000000000004,Extreme_Risk_Stop
300785,2025-01-10,32.79,2025-01-13,31.150499999999997,1,-0.05160000000000004,Extreme_Risk_Stop
300785,2025-04-11,28.45,2025-04-14,32.45,1,0.1389975395430581,Maximum_Holding_Period
300786,2026-08-11,15.76,2026-08-12,16.05,1,0.01680101522842641,Maximum_Holding_Period
300787,2020-02-12,61.78,2020-02-13,59.96,1,-0.03105937196503723,Trend_Break_Stop
300787,2020-05-27,39.35,2020-05-28,37.3825,1,-0.05160000000000004,Extreme_Risk_Stop
300787,2020-05-28,39.39,2020-05-29,37.4205,1,-0.05160000000000004,Extreme_Risk_Stop
300787,2020-06-03,39.91,2020-06-04,38.84,1,-0.02841032322726118,Maximum_Holding_Period
300787,2020-11-06,48.39,2020-11-09,49.83,1,0.028158214507129565,Maximum_Holding_Period
300787,2024-07-12,11.93,2024-07-15,11.67,1,-0.023393797150041928,Trend_Break_Stop
300788,2024-04-17,28.0,2024-04-18,29.42,1,0.049114285714285714,Maximum_Holding_Period
300789,2025-04-11,21.3,2025-04-14,22.63,1,0.060841314553990604,Maximum_Holding_Period
300791,2025-06-04,24.26,2025-06-05,24.15,1,-0.006134212695795681,Maximum_Holding_Period
300793,2020-04-08,31.25,2020-04-09,31.93,1,0.02016,Maximum_Holding_Period
300793,2022-05-05,13.72,2022-05-06,14.01,1,0.019537026239067102,Maximum_Holding_Period
300793,2025-01-22,17.75,2025-01-23,17.29,1,-0.027515492957746534,Trend_Break_Stop
300795,2022-05-05,17.53,2022-05-06,17.81,1,0.014372618368510937,Maximum_Holding_Period
300795,2022-05-06,17.61,2022-05-09,18.76,1,0.06370380465644536,Maximum_Holding_Period
300795,2025-01-06,21.02,2025-01-07,19.968999999999998,1,-0.05160000000000004,Extreme_Risk_Stop
300795,2025-01-15,19.13,2025-01-16,19.96,1,0.041787349712493475,Maximum_Holding_Period
300797,2020-02-10,17.1,2020-02-11,17.94,1,0.04752280701754379,Maximum_Holding_Period
300799,2020-08-20,71.1,2020-08-21,70.04,1,-0.01650857946554136,Trend_Break_Stop
300799,2024-01-22,34.08,2024-01-23,53.02,1,0.5541511737089204,Maximum_Holding_Period
300802,2021-03-23,35.66,2021-03-24,35.2,1,-0.0144996074032528,Maximum_Holding_Period
300803,2020-12-04,32.46,2020-12-07,32.8,1,0.008874430067775708,Maximum_Holding_Period
300803,2023-09-12,62.88,2023-09-13,61.43,1,-0.024659796437659098,Trend_Break_Stop
300803,2023-09-25,63.7,2023-09-26,62.48,1,-0.020752276295133498,Maximum_Holding_Period
300803,2024-01-25,46.01,2024-01-26,46.58,1,0.010788611171484375,Maximum_Holding_Period
300803,2024-01-26,46.32,2024-01-29,45.77,1,-0.013473920552676998,Trend_Break_Stop
300804,2026-06-08,38.5,2026-06-09,36.574999999999996,1,-0.05160000000000015,Extreme_Risk_Stop
300805,2020-02-26,31.28,2020-02-27,29.716,1,-0.05160000000000004,Extreme_Risk_Stop
300805,2022-05-05,7.0,2022-05-06,7.06,1,0.006971428571428452,Maximum_Holding_Period
300806,2020-03-26,34.66,2020-03-27,33.35,1,-0.03939572994806679,Trend_Break_Stop
300806,2022-10-17,22.79,2022-10-18,24.22,1,0.06114681878016675,Maximum_Holding_Period
300806,2024-04-22,8.16,2024-04-23,8.26,1,0.01065490196078427,Maximum_Holding_Period
300806,2026-04-02,45.04,2026-04-03,45.84,1,0.016161989342806483,Maximum_Holding_Period
300807,2020-02-14,48.17,2020-02-17,53.15,1,0.10178384886859031,Maximum_Holding_Period
300807,2021-01-18,29.28,2021-01-19,31.66,1,0.07968415300546443,Maximum_Holding_Period
300807,2022-05-05,18.62,2022-05-06,19.28,1,0.03384575725026844,Maximum_Holding_Period
300807,2022-05-06,18.8,2022-05-09,19.35,1,0.027655319148936198,Maximum_Holding_Period
300807,2022-05-09,19.07,2022-05-10,19.79,1,0.03615563712637653,Maximum_Holding_Period
300807,2023-10-12,35.02,2023-10-13,35.18,1,0.002968817818389359,Trend_Break_Stop
300808,2021-01-18,14.17,2021-01-19,14.99,1,0.056268736767819454,Maximum_Holding_Period
300809,2020-12-03,24.06,2020-12-04,24.81,1,0.02957206982543652,Maximum_Holding_Period
300809,2021-12-10,50.0,2021-12-13,50.71,1,0.01259999999999999,Maximum_Holding_Period
300809,2022-03-18,39.52,2022-03-21,40.86,1,0.03230688259109309,Maximum_Holding_Period
300809,2022-05-09,31.86,2022-05-10,33.62,1,0.05364168236032634,Maximum_Holding_Period
300809,2025-04-16,40.23,2025-04-17,38.21849999999999,1,-0.05160000000000015,Extreme_Risk_Stop
300810,2025-04-03,34.25,2025-04-07,32.5375,1,-0.05159999999999993,Extreme_Risk_Stop
300811,2020-02-12,79.66,2020-02-13,83.98,1,0.05263047953803684,Maximum_Holding_Period
300811,2024-07-03,44.26,2024-07-04,42.047,1,-0.05160000000000004,Extreme_Risk_Stop
300811,2026-06-08,89.0,2026-06-09,95.65,1,0.07311910112359547,Maximum_Holding_Period
300812,2021-01-14,37.8,2021-01-15,38.82,1,0.02538412698412711,Maximum_Holding_Period
300812,2022-09-06,18.64,2022-09-07,18.98,1,0.016640343347639464,Maximum_Holding_Period
300812,2023-08-09,22.68,2023-08-10,21.546,1,-0.05160000000000004,Extreme_Risk_Stop
300812,2024-01-19,33.48,2024-01-22,34.32,1,0.02348960573476715,Maximum_Holding_Period
300812,2024-01-25,35.24,2024-01-26,35.5,1,0.005777979568671922,Trend_Break_Stop
300812,2026-03-26,34.96,2026-03-27,33.211999999999996,1,-0.05160000000000015,Extreme_Risk_Stop
300813,2023-05-24,29.8,2023-05-25,29.55,1,-0.00998926174496646,Maximum_Holding_Period
300814,2023-10-11,34.04,2023-10-12,35.01,1,0.02689588719153928,Maximum_Holding_Period
300816,2022-05-06,25.0,2022-05-09,26.35,1,0.05240000000000005,Maximum_Holding_Period
300817,2020-09-18,34.23,2020-09-21,37.0,1,0.07932316681273748,Maximum_Holding_Period
300817,2026-07-30,14.51,2026-07-31,14.63,1,0.006670158511371584,Maximum_Holding_Period
300818,2023-04-06,22.9,2023-04-07,24.24,1,0.0569152838427947,Maximum_Holding_Period
300820,2020-07-08,65.82,2020-07-09,68.45,1,0.03835745973868137,Maximum_Holding_Period
300820,2021-09-27,71.37,2021-09-28,67.8015,1,-0.05160000000000004,Extreme_Risk_Stop
300820,2022-06-14,65.61,2022-06-15,63.2,1,-0.038332205456485254,Trend_Break_Stop
300820,2023-05-17,108.08,2023-05-18,108.68,1,0.003951443375277687,Maximum_Holding_Period
300821,2021-11-19,20.66,2021-11-22,21.71,1,0.04922284607938048,Maximum_Holding_Period
300822,2022-05-06,14.41,2022-05-09,14.86,1,0.029628313671061602,Maximum_Holding_Period
300822,2024-07-10,10.85,2024-07-11,11.17,1,0.027893087557603603,Maximum_Holding_Period
300822,2024-07-12,11.05,2024-07-15,10.76,1,-0.027844343891402844,Trend_Break_Stop
300823,2020-04-21,28.91,2020-04-22,29.3,1,0.011890141819439749,Maximum_Holding_Period
300823,2022-05-12,19.2,2022-05-13,19.68,1,0.023400000000000132,Trend_Break_Stop
300823,2023-11-02,21.78,2023-11-03,21.52,1,-0.013537557392102894,Maximum_Holding_Period
300823,2024-05-17,19.32,2024-05-20,19.17,1,-0.00936397515527938,Trend_Break_Stop
300826,2025-01-15,17.65,2025-01-16,16.7675,1,-0.05160000000000004,Extreme_Risk_Stop
300827,2021-11-23,105.28,2021-11-24,103.53,1,-0.0182223404255319,Trend_Break_Stop
300827,2025-02-19,36.5,2025-02-20,36.05,1,-0.013928767123287788,Trend_Break_Stop
300828,2021-01-05,29.99,2021-01-06,28.490499999999997,1,-0.05160000000000004,Extreme_Risk_Stop
300828,2022-05-06,19.52,2022-05-09,20.36,1,0.04143278688524581,Maximum_Holding_Period
300828,2025-04-16,14.79,2025-04-17,14.55,1,-0.017827180527383257,Trend_Break_Stop
300828,2025-04-25,16.05,2025-04-28,15.35,1,-0.04521370716510915,Trend_Break_Stop
300829,2020-10-29,78.0,2020-10-30,76.42,1,-0.02185641025641023,Trend_Break_Stop
300830,2026-04-02,10.9,2026-04-03,10.355,1,-0.05160000000000004,Extreme_Risk_Stop
300830,2026-04-09,10.95,2026-04-10,10.76,1,-0.018951598173515948,Maximum_Holding_Period
300831,2026-06-17,18.4,2026-06-18,19.73,1,0.07068260869565228,Maximum_Holding_Period
300831,2026-07-27,14.25,2026-07-28,14.69,1,0.029277192982456058,Maximum_Holding_Period
300835,2020-07-02,65.17,2020-07-03,64.87,1,-0.006203345097437428,Maximum_Holding_Period
300835,2020-12-18,56.7,2020-12-21,56.87,1,0.0013982363315694817,Maximum_Holding_Period
300836,2025-06-05,41.69,2025-06-06,43.0,1,0.029822403454065772,Maximum_Holding_Period
300836,2025-06-09,42.65,2025-06-10,43.51,1,0.018564126611957877,Maximum_Holding_Period
300836,2026-08-07,50.21,2026-08-10,49.73,1,-0.011159848635730007,Maximum_Holding_Period
300838,2026-06-17,15.0,2026-06-18,14.25,1,-0.05160000000000004,Extreme_Risk_Stop
300839,2025-02-25,7.91,2025-02-26,8.31,1,0.048968900126422236,Maximum_Holding_Period
300840,2024-06-13,10.63,2024-06-14,10.64,1,-0.0006592662276576162,Maximum_Holding_Period
300842,2022-05-06,34.13,2022-05-09,35.29,1,0.03238769411075287,Maximum_Holding_Period
300842,2024-02-07,68.18,2024-02-08,71.8,1,0.05149474919331159,Maximum_Holding_Period
300842,2024-05-08,55.22,2024-05-09,55.18,1,-0.0023243752263672575,Maximum_Holding_Period
300843,2020-12-02,36.92,2020-12-03,36.82,1,-0.004308559046587289,Maximum_Holding_Period
300843,2024-04-22,18.35,2024-04-23,18.08,1,-0.016313896457765886,Trend_Break_Stop
300843,2024-06-19,30.0,2024-06-20,28.5,1,-0.05160000000000004,Extreme_Risk_Stop
300843,2024-07-01,26.47,2024-07-02,26.5,1,-0.0004666414809217463,Maximum_Holding_Period
300843,2025-01-17,29.22,2025-01-20,31.61,1,0.08019329226557152,Maximum_Holding_Period
300843,2026-07-24,113.12,2026-07-27,128.0,1,0.12994172560113154,Maximum_Holding_Period
300844,2022-02-10,66.25,2022-02-11,70.76,1,0.06647547169811334,Maximum_Holding_Period
300844,2022-04-27,44.75,2022-04-28,42.512499999999996,1,-0.05160000000000004,Extreme_Risk_Stop
300845,2024-06-21,11.19,2024-06-24,11.21,1,0.00018731009830213075,Trend_Break_Stop
300846,2021-07-26,13.08,2021-07-27,12.426,1,-0.05160000000000004,Extreme_Risk_Stop
300846,2022-03-18,21.01,2022-03-21,21.62,1,0.027433793431699095,Maximum_Holding_Period
300846,2023-05-10,16.12,2023-05-11,16.65,1,0.03127841191066976,Maximum_Holding_Period
300846,2026-06-17,22.42,2026-06-18,22.82,1,0.01624121320249765,Maximum_Holding_Period
300848,2024-06-14,16.3,2024-06-17,17.07,1,0.045639263803680934,Maximum_Holding_Period
300849,2020-11-05,30.24,2020-11-06,28.727999999999998,1,-0.05160000000000004,Extreme_Risk_Stop
300849,2020-11-23,29.99,2020-11-24,29.56,1,-0.015938112704234685,Trend_Break_Stop
300854,2022-05-12,20.0,2022-05-13,20.15,1,0.00589999999999984,Trend_Break_Stop
300855,2022-07-08,44.47,2022-07-11,44.12,1,-0.009470474477175705,Maximum_Holding_Period
300856,2024-10-23,30.21,2024-10-24,28.6995,1,-0.05160000000000004,Extreme_Risk_Stop
300857,2020-09-18,36.53,2020-09-21,36.69,1,0.0027799616753352756,Trend_Break_Stop
300857,2020-09-21,37.62,2020-09-22,36.5,1,-0.03137139819245078,Trend_Break_Stop
300858,2020-09-17,70.12,2020-09-18,75.11,1,0.06956371933827725,Maximum_Holding_Period
300858,2024-04-25,14.92,2024-04-26,15.55,1,0.040625201072386034,Maximum_Holding_Period
300859,2020-10-22,32.23,2020-10-23,30.618499999999994,1,-0.05160000000000004,Extreme_Risk_Stop
300859,2022-10-19,23.4,2022-10-20,24.9,1,0.06250256410256409,Maximum_Holding_Period
300859,2022-10-21,24.18,2022-10-24,22.971,1,-0.05159999999999993,Extreme_Risk_Stop
300859,2022-10-28,24.4,2022-10-31,23.179999999999996,1,-0.05160000000000015,Extreme_Risk_Stop
300859,2025-01-15,34.87,2025-01-16,35.88,1,0.02736472612560963,Maximum_Holding_Period
300860,2022-05-05,39.86,2022-05-06,41.07,1,0.02875624686402416,Maximum_Holding_Period
300860,2022-05-06,40.2,2022-05-09,41.66,1,0.03471840796019881,Maximum_Holding_Period
300861,2020-09-25,52.0,2020-09-28,49.4,1,-0.05160000000000004,Extreme_Risk_Stop
300862,2024-06-24,25.13,2024-06-25,23.873499999999996,1,-0.05160000000000015,Extreme_Risk_Stop
300863,2024-06-27,35.7,2024-06-28,33.915,1,-0.05160000000000004,Extreme_Risk_Stop
300863,2025-04-11,41.68,2025-04-14,42.3,1,0.013275239923224592,Maximum_Holding_Period
300865,2022-05-05,19.17,2022-05-06,19.58,1,0.019787584767866174,Maximum_Holding_Period
300865,2024-08-27,13.98,2024-08-28,14.25,1,0.0177133047210301,Maximum_Holding_Period
300869,2022-05-06,26.69,2022-05-09,27.37,1,0.02387770700636942,Maximum_Holding_Period
300872,2022-05-06,22.08,2022-05-09,22.89,1,0.03508478260869579,Maximum_Holding_Period
300875,2022-06-07,36.93,2022-06-08,36.4,1,-0.015951475764960765,Trend_Break_Stop
300876,2020-09-28,48.74,2020-09-29,46.303,1,-0.05160000000000004,Extreme_Risk_Stop
300878,2026-08-03,28.23,2026-08-04,30.73,1,0.08695827134254346,Maximum_Holding_Period
300879,2025-04-16,15.9,2025-04-17,15.53,1,-0.024870440251572434,Trend_Break_Stop
300880,2023-08-02,24.56,2023-08-03,25.57,1,0.03952377850162874,Maximum_Holding_Period
300881,2021-01-05,35.45,2021-01-06,33.6775,1,-0.05160000000000004,Extreme_Risk_Stop
300881,2022-05-12,22.12,2022-05-13,22.51,1,0.016031103074141174,Maximum_Holding_Period
300881,2026-06-17,42.01,2026-06-18,42.97,1,0.021251701975720173,Maximum_Holding_Period
300882,2021-10-21,19.54,2021-10-22,21.3,1,0.08847164790174004,Maximum_Holding_Period
300882,2023-08-02,24.92,2023-08-03,24.54,1,-0.016848796147672606,Trend_Break_Stop
300882,2024-06-05,18.28,2024-06-06,17.71,1,-0.032781619256017476,Trend_Break_Stop
300882,2024-06-14,17.95,2024-06-17,17.0525,1,-0.05160000000000004,Extreme_Risk_Stop
300885,2021-02-19,30.6,2021-02-22,31.81,1,0.03794248366013058,Maximum_Holding_Period
300885,2025-04-17,12.85,2025-04-18,12.59,1,-0.021833463035019495,Trend_Break_Stop
300886,2021-02-19,44.52,2021-02-22,45.58,1,0.022209523809523724,Maximum_Holding_Period
300886,2021-05-25,37.69,2021-05-26,37.29,1,-0.012212894667020423,Trend_Break_Stop
300887,2023-11-08,14.03,2023-11-09,14.5,1,0.031899643620812594,Maximum_Holding_Period
300889,2024-04-25,10.33,2024-04-26,10.68,1,0.03228189738625358,Maximum_Holding_Period
300890,2021-02-22,43.0,2021-02-23,42.43,1,-0.014855813953488405,Trend_Break_Stop
300890,2021-02-23,43.52,2021-02-24,42.45,1,-0.026186397058823484,Trend_Break_Stop
300890,2022-05-06,35.52,2022-05-09,37.68,1,0.05921081081081075,Maximum_Holding_Period
300890,2022-05-10,36.88,2022-05-11,39.75,1,0.076219956616052,Maximum_Holding_Period
300890,2026-07-28,24.55,2026-07-29,25.18,1,0.024061914460284984,Maximum_Holding_Period
300892,2021-01-05,64.7,2021-01-06,74.65,1,0.1521867078825348,Maximum_Holding_Period
300892,2021-05-17,48.4,2021-05-18,49.49,1,0.02092066115702478,Maximum_Holding_Period
300892,2022-05-10,26.64,2022-05-11,26.64,1,-0.0015999999999999999,Trend_Break_Stop
300892,2025-05-19,34.5,2025-05-20,37.0,1,0.07086376811594212,Maximum_Holding_Period
300893,2022-06-09,19.44,2022-06-10,20.33,1,0.04418189300411517,Maximum_Holding_Period
300894,2021-03-10,49.31,2021-03-11,48.51,1,-0.017823889677550286,Trend_Break_Stop
300894,2024-02-21,12.67,2024-02-22,13.17,1,0.03786329913180735,Maximum_Holding_Period
300894,2026-07-24,9.3,2026-07-27,8.835,1,-0.05159999999999993,Extreme_Risk_Stop
300894,2026-07-29,9.55,2026-07-30,11.8,1,0.23400209424083768,Maximum_Holding_Period
300894,2026-07-30,9.76,2026-07-31,11.53,1,0.1797524590163933,Maximum_Holding_Period
300895,2021-09-15,44.39,2021-09-16,42.1705,1,-0.05160000000000004,Extreme_Risk_Stop
300895,2022-05-10,27.9,2022-05-11,28.69,1,0.026715412186380006,Maximum_Holding_Period
300895,2025-03-31,49.9,2025-04-01,52.28,1,0.046095390781563154,Maximum_Holding_Period
300895,2025-04-03,52.2,2025-04-07,49.59,1,-0.05159999999999993,Extreme_Risk_Stop
300898,2021-01-05,49.16,2021-01-06,59.1,1,0.20059690805532965,Maximum_Holding_Period
300899,2022-05-06,20.16,2022-05-09,20.95,1,0.03758650793650791,Maximum_Holding_Period
300901,2021-05-12,16.06,2021-05-13,15.95,1,-0.008449315068493068,Trend_Break_Stop
300902,2021-01-06,34.5,2021-01-07,32.775,1,-0.05160000000000004,Extreme_Risk_Stop
300903,2023-05-19,9.18,2023-05-22,9.68,1,0.05286623093681913,Maximum_Holding_Period
300903,2026-04-13,33.53,2026-04-14,37.8,1,0.12574864300626293,Maximum_Holding_Period
300904,2023-10-25,80.5,2023-10-26,76.475,1,-0.05160000000000004,Extreme_Risk_Stop
300904,2025-04-23,50.6,2025-04-24,50.35,1,-0.006540711462450564,Maximum_Holding_Period
300905,2021-01-05,58.5,2021-01-06,55.83,1,-0.047241025641025676,Trend_Break_Stop
300905,2021-01-06,58.81,2021-01-07,55.8695,1,-0.05160000000000004,Extreme_Risk_Stop
300907,2021-01-05,37.9,2021-01-06,36.004999999999995,1,-0.05160000000000004,Extreme_Risk_Stop
300907,2022-05-06,17.3,2022-05-09,18.0,1,0.03886242774566467,Maximum_Holding_Period
300909,2021-01-05,54.3,2021-01-06,51.584999999999994,1,-0.05160000000000004,Extreme_Risk_Stop
300909,2021-01-15,46.81,2021-01-18,49.45,1,0.054798205511642765,Maximum_Holding_Period
300910,2022-05-06,42.53,2022-05-09,43.37,1,0.0181507641664707,Maximum_Holding_Period
300910,2026-06-16,33.45,2026-06-17,31.7775,1,-0.05160000000000004,Extreme_Risk_Stop
300911,2022-03-18,52.15,2022-03-21,51.67,1,-0.010804218600191717,Maximum_Holding_Period
300911,2024-05-31,25.08,2024-06-03,25.3,1,0.007171929824561431,Maximum_Holding_Period
300912,2026-06-08,26.63,2026-06-09,26.25,1,-0.015869620728501687,Trend_Break_Stop
300913,2023-06-30,44.3,2023-07-03,47.3,1,0.06612009029345382,Maximum_Holding_Period
300913,2023-07-06,49.3,2023-07-07,46.834999999999994,1,-0.05160000000000004,Extreme_Risk_Stop
300916,2022-05-06,37.9,2022-05-09,38.36,1,0.010537203166227017,Maximum_Holding_Period
300916,2022-09-07,61.39,2022-09-08,63.71,1,0.036191171200521226,Maximum_Holding_Period
300916,2023-05-18,43.7,2023-05-19,43.42,1,-0.008007322654462311,Maximum_Holding_Period
300916,2023-07-07,36.22,2023-07-10,34.409,1,-0.05160000000000004,Extreme_Risk_Stop
300917,2021-02-24,34.21,2021-02-25,40.64,1,0.18635673779596612,Maximum_Holding_Period
300917,2022-05-06,33.0,2022-05-09,33.1,1,0.001430303030303161,Trend_Break_Stop
300917,2023-09-25,29.75,2023-09-26,28.46,1,-0.04496134453781515,Trend_Break_Stop
300917,2024-12-02,58.7,2024-12-03,63.72,1,0.08391959114139684,Maximum_Holding_Period
300918,2021-01-21,13.66,2021-01-22,12.977,1,-0.05159999999999993,Extreme_Risk_Stop
300919,2021-03-04,71.99,2021-03-05,71.13,1,-0.013546103625503524,Trend_Break_Stop
300919,2026-07-22,38.47,2026-07-23,41.13,1,0.06754478814660785,Maximum_Holding_Period
300921,2022-05-06,17.64,2022-05-09,18.47,1,0.0454521541950113,Maximum_Holding_Period
300921,2022-05-10,18.1,2022-05-11,18.74,1,0.03375911602209918,Maximum_Holding_Period
300921,2024-04-26,17.67,2024-04-29,18.92,1,0.06914136955291443,Maximum_Holding_Period
300921,2025-01-22,26.75,2025-01-23,27.11,1,0.011857943925233583,Maximum_Holding_Period
300922,2021-02-02,42.0,2021-02-03,39.9,1,-0.05160000000000004,Extreme_Risk_Stop
300923,2024-08-16,20.54,2024-08-19,19.88,1,-0.03373242453748788,Trend_Break_Stop
300925,2022-05-05,18.18,2022-05-06,18.98,1,0.04240440044004395,Maximum_Holding_Period
300926,2023-06-16,23.6,2023-06-19,23.07,1,-0.024057627118644075,Trend_Break_Stop
300927,2021-10-21,38.27,2021-10-22,39.45,1,0.029233551084400223,Maximum_Holding_Period
300927,2024-06-13,15.84,2024-06-14,15.64,1,-0.014226262626262542,Maximum_Holding_Period
300927,2024-06-14,15.76,2024-06-17,15.27,1,-0.03269137055837563,Trend_Break_Stop
300927,2025-06-09,33.0,2025-06-10,34.15,1,0.03324848484848491,Maximum_Holding_Period
300927,2025-06-11,33.5,2025-06-12,34.61,1,0.031534328358208845,Maximum_Holding_Period
300928,2022-02-17,56.01,2022-02-18,56.54,1,0.007862595965006314,Maximum_Holding_Period
300928,2022-05-06,38.27,2022-05-09,38.32,1,-0.00029349359811865327,Trend_Break_Stop
300929,2021-03-03,31.99,2021-03-04,30.77,1,-0.039736917786808386,Trend_Break_Stop
300929,2022-05-06,21.12,2022-05-09,20.064,1,-0.05160000000000004,Extreme_Risk_Stop
300930,2025-04-11,23.68,2025-04-14,23.73,1,0.0005114864864866247,Maximum_Holding_Period
300931,2021-02-26,11.61,2021-03-01,11.44,1,-0.01624254952627042,Trend_Break_Stop
300931,2021-03-09,11.44,2021-03-10,10.867999999999999,1,-0.05160000000000004,Extreme_Risk_Stop
300931,2022-05-06,6.99,2022-05-09,7.36,1,0.051332761087267635,Maximum_Holding_Period
300931,2022-05-10,7.22,2022-05-11,7.51,1,0.03856620498614954,Maximum_Holding_Period
300932,2022-05-06,20.52,2022-05-09,21.45,1,0.04372163742690054,Maximum_Holding_Period
300932,2022-05-10,21.32,2022-05-11,21.9,1,0.0256045028142589,Maximum_Holding_Period
300932,2026-05-28,10.48,2026-05-29,9.956,1,-0.05160000000000004,Extreme_Risk_Stop
300933,2021-12-10,13.07,2021-12-13,13.64,1,0.04201132364192799,Maximum_Holding_Period
300933,2021-12-14,13.3,2021-12-15,14.37,1,0.07885112781954877,Maximum_Holding_Period
300933,2022-05-06,6.97,2022-05-09,7.16,1,0.025659684361549574,Maximum_Holding_Period
300933,2026-06-17,6.83,2026-06-18,6.53,1,-0.045523865300146356,Trend_Break_Stop
300937,2021-03-18,86.92,2021-03-19,82.574,1,-0.05160000000000004,Extreme_Risk_Stop
300937,2021-04-08,73.87,2021-04-09,77.78,1,0.0513308244212805,Maximum_Holding_Period
300939,2021-05-12,56.52,2021-05-13,54.1,1,-0.04441670205237087,Trend_Break_Stop
300939,2022-02-10,48.8,2022-02-11,46.35999999999999,1,-0.05160000000000015,Extreme_Risk_Stop
300939,2023-05-19,31.68,2023-05-22,32.08,1,0.01102626262626254,Maximum_Holding_Period
300940,2022-05-06,22.0,2022-05-09,25.48,1,0.1565818181818182,Trend_Break_Stop
300941,2022-05-11,28.8,2022-05-12,29.24,1,0.013677777777777723,Maximum_Holding_Period
300941,2023-08-30,27.32,2023-08-31,29.3,1,0.07087437774524168,Maximum_Holding_Period
300941,2024-07-30,15.35,2024-07-31,16.19,1,0.053123127035830824,Maximum_Holding_Period
300941,2025-01-22,24.26,2025-01-23,24.54,1,0.00994163231657046,Maximum_Holding_Period
300941,2025-04-11,19.69,2025-04-14,20.4,1,0.0344589131538851,Maximum_Holding_Period
300943,2022-05-06,19.06,2022-05-09,20.08,1,0.05191521511017832,Maximum_Holding_Period
300943,2022-05-10,19.7,2022-05-11,20.8,1,0.05423756345177671,Maximum_Holding_Period
300943,2025-12-02,18.35,2025-12-03,18.37,1,-0.0005100817438691936,Maximum_Holding_Period
300945,2022-05-06,14.46,2022-05-09,14.72,1,0.016380636237897584,Maximum_Holding_Period
300945,2025-07-01,22.08,2025-07-02,21.5,1,-0.027868115942028936,Trend_Break_Stop
300946,2021-10-15,78.0,2021-10-18,77.76,1,-0.004676923076922977,Maximum_Holding_Period
300947,2024-06-17,15.26,2024-06-18,15.28,1,-0.0002893840104849039,Trend_Break_Stop
300950,2021-05-12,42.1,2021-05-13,40.43,1,-0.04126745843230412,Trend_Break_Stop
300950,2022-10-14,17.51,2022-10-17,18.22,1,0.03894825813820662,Maximum_Holding_Period
300951,2021-04-01,92.23,2021-04-02,92.61,1,0.0025201344464925073,Maximum_Holding_Period
300952,2024-02-21,14.43,2024-02-22,15.66,1,0.08363908523908518,Maximum_Holding_Period
300953,2024-02-07,37.69,2024-02-08,40.0,1,0.05968946670204294,Maximum_Holding_Period
300958,2022-04-21,22.2,2022-04-22,21.09,1,-0.05159999999999993,Extreme_Risk_Stop
300958,2022-05-06,18.3,2022-05-09,20.66,1,0.12736174863387967,Maximum_Holding_Period
300958,2023-09-14,20.5,2023-09-15,19.474999999999998,1,-0.05160000000000015,Extreme_Risk_Stop
300959,2022-05-06,29.86,2022-05-09,31.98,1,0.06939799062290701,Maximum_Holding_Period
300959,2025-12-09,113.85,2025-12-10,130.62,1,0.14569907773386054,Maximum_Holding_Period
300960,2021-05-12,28.09,2021-05-13,27.29,1,-0.030079886080455708,Trend_Break_Stop
300960,2022-05-06,16.81,2022-05-09,17.39,1,0.0329032718619871,Maximum_Holding_Period
300960,2024-08-15,19.71,2024-08-16,19.39,1,-0.017835413495687468,Trend_Break_Stop
300960,2024-08-16,20.42,2024-08-19,20.06,1,-0.019229774730656412,Maximum_Holding_Period
300962,2022-05-06,13.15,2022-05-09,13.82,1,0.049350570342205295,Maximum_Holding_Period
300962,2024-02-21,12.24,2024-02-22,13.06,1,0.06539346405228756,Maximum_Holding_Period
300963,2023-07-06,14.59,2023-07-07,13.8605,1,-0.05159999999999993,Extreme_Risk_Stop
300963,2026-07-24,10.85,2026-07-27,11.03,1,0.014989861751151957,Maximum_Holding_Period
300963,2026-07-28,10.9,2026-07-29,11.73,1,0.0745467889908256,Maximum_Holding_Period
300964,2022-05-10,27.31,2022-05-11,28.27,1,0.033551958989381174,Maximum_Holding_Period
300964,2023-05-18,42.1,2023-05-19,43.8,1,0.03878004750593816,Maximum_Holding_Period
300964,2023-05-22,42.5,2023-05-23,44.48,1,0.0449882352941176,Maximum_Holding_Period
300964,2023-05-25,45.2,2023-05-26,45.73,1,0.010125663716813938,Maximum_Holding_Period
300965,2022-05-06,42.39,2022-05-09,44.53,1,0.04888360462373203,Maximum_Holding_Period
300966,2022-02-11,37.3,2022-02-14,39.31,1,0.052287399463807165,Maximum_Holding_Period
300966,2022-05-06,29.21,2022-05-09,32.12,1,0.09802341663813756,Maximum_Holding_Period
300966,2026-07-28,23.16,2026-07-29,22.002,1,-0.05160000000000004,Extreme_Risk_Stop
300967,2022-05-17,17.5,2022-05-18,17.17,1,-0.020457142857142795,Maximum_Holding_Period
300968,2024-12-05,18.94,2024-12-06,20.38,1,0.07442956705385421,Maximum_Holding_Period
300969,2022-01-11,98.99,2022-01-12,119.0,1,0.20054163046772416,Maximum_Holding_Period
300970,2022-05-06,18.18,2022-05-09,19.42,1,0.06660682068206829,Maximum_Holding_Period
300970,2022-05-09,18.52,2022-05-10,20.04,1,0.08047343412527001,Maximum_Holding_Period
300971,2022-05-06,21.41,2022-05-09,22.32,1,0.04090350303596462,Maximum_Holding_Period
300971,2022-05-10,21.91,2022-05-11,22.84,1,0.04084637151985398,Maximum_Holding_Period
300971,2022-05-11,22.68,2022-05-12,22.94,1,0.009863844797178212,Maximum_Holding_Period
300971,2025-04-11,20.71,2025-04-14,21.25,1,0.02447436021245779,Maximum_Holding_Period
300972,2021-09-06,14.31,2021-09-07,14.51,1,0.012376240391334604,Maximum_Holding_Period
300973,2022-05-06,70.0,2022-05-09,67.28,1,-0.04045714285714281,Trend_Break_Stop
300975,2022-05-06,11.07,2022-05-09,11.7,1,0.055310569105691036,Maximum_Holding_Period
300975,2022-05-09,11.25,2022-05-10,12.06,1,0.07040000000000006,Maximum_Holding_Period
300975,2022-05-10,11.5,2022-05-11,12.07,1,0.047965217391304375,Maximum_Holding_Period
300975,2023-08-03,8.26,2023-08-04,8.09,1,-0.022181113801452778,Trend_Break_Stop
300975,2024-04-22,10.08,2024-04-23,9.575999999999999,1,-0.05160000000000015,Extreme_Risk_Stop
300976,2026-06-08,63.0,2026-06-09,63.09,1,-0.00017142857142844314,Trend_Break_Stop
300977,2023-06-12,18.88,2023-06-13,18.73,1,-0.00954491525423724,Trend_Break_Stop
300978,2021-09-08,17.79,2021-09-09,17.66,1,-0.008907476110174239,Maximum_Holding_Period
300978,2022-05-10,10.83,2022-05-11,11.38,1,0.049184856879039666,Maximum_Holding_Period
300980,2022-05-06,25.01,2022-05-09,27.05,1,0.07996737305077954,Maximum_Holding_Period
300980,2022-05-09,25.69,2022-05-10,28.91,1,0.12374059945504072,Maximum_Holding_Period
300984,2022-05-10,39.05,2022-05-11,40.68,1,0.04014135723431505,Maximum_Holding_Period
300985,2022-05-06,24.91,2022-05-09,25.96,1,0.04055174628663188,Maximum_Holding_Period
300985,2022-05-10,25.55,2022-05-11,26.85,1,0.04928062622309209,Maximum_Holding_Period
300985,2026-04-09,21.15,2026-04-10,21.46,1,0.013057210401891384,Maximum_Holding_Period
300985,2026-04-13,21.34,2026-04-14,21.99,1,0.028859231490159277,Maximum_Holding_Period
300986,2022-03-18,42.0,2022-03-21,41.7,1,-0.008742857142857118,Maximum_Holding_Period
300987,2023-05-31,19.98,2023-06-01,21.8,1,0.08949109109109114,Maximum_Holding_Period
300989,2023-08-17,23.04,2023-08-18,22.8,1,-0.01201666666666663,Maximum_Holding_Period
300989,2023-08-18,23.08,2023-08-21,23.38,1,0.011398266897747079,Maximum_Holding_Period
300989,2023-08-23,23.98,2023-08-24,22.781,1,-0.05160000000000004,Extreme_Risk_Stop
300990,2026-07-23,95.14,2026-07-24,90.383,1,-0.05160000000000004,Extreme_Risk_Stop
300992,2022-05-06,18.75,2022-05-09,20.04,1,0.06719999999999997,Maximum_Holding_Period
300995,2022-05-06,17.98,2022-05-09,19.05,1,0.057910567296996666,Maximum_Holding_Period
300995,2024-04-26,17.0,2024-04-29,17.59,1,0.033105882352941145,Maximum_Holding_Period
300996,2026-06-02,12.52,2026-06-03,11.893999999999998,1,-0.05160000000000004,Extreme_Risk_Stop
300997,2021-11-03,16.65,2021-11-04,16.86,1,0.011012612612612705,Maximum_Holding_Period
300997,2026-01-30,24.88,2026-02-02,23.636,1,-0.05160000000000004,Extreme_Risk_Stop
300998,2021-07-08,31.55,2021-07-09,30.48,1,-0.03551442155309032,Trend_Break_Stop
301001,2023-06-01,28.66,2023-06-02,30.63,1,0.06713691556175853,Maximum_Holding_Period
301002,2022-10-19,20.14,2022-10-20,20.19,1,0.0008826216484608034,Maximum_Holding_Period
301004,2021-07-30,20.61,2021-08-02,20.46,1,-0.00887802037845704,Trend_Break_Stop
301005,2024-06-26,28.36,2024-06-27,31.2,1,0.09854104372355436,Maximum_Holding_Period
301005,2024-07-01,30.11,2024-07-02,28.604499999999998,1,-0.05160000000000004,Extreme_Risk_Stop
301005,2025-07-04,36.04,2025-07-07,35.42,1,-0.01880310765815758,Trend_Break_Stop
301005,2026-02-26,163.0,2026-02-27,175.8,1,0.07692760736196318,Maximum_Holding_Period
301005,2026-08-11,75.0,2026-08-12,82.45,1,0.09773333333333327,Maximum_Holding_Period
301006,2021-07-07,31.39,2021-07-08,31.91,1,0.014965785281936973,Maximum_Holding_Period
301006,2022-05-06,17.1,2022-05-09,17.81,1,0.03992046783625707,Maximum_Holding_Period
301007,2023-07-21,18.85,2023-07-24,17.9075,1,-0.05160000000000015,Extreme_Risk_Stop
301007,2023-08-03,17.88,2023-08-04,17.58,1,-0.018378523489932918,Trend_Break_Stop
301007,2026-06-17,34.23,2026-06-18,34.45,1,0.004827110721589413,Maximum_Holding_Period
301007,2026-07-29,26.45,2026-07-30,25.127499999999998,1,-0.05160000000000004,Extreme_Risk_Stop
301007,2026-07-30,27.0,2026-07-31,25.65,1,-0.05160000000000004,Extreme_Risk_Stop
301008,2021-07-14,49.86,2021-07-15,47.68,1,-0.045322422783794565,Trend_Break_Stop
301009,2025-01-09,10.57,2025-01-10,10.08,1,-0.04795761589403975,Trend_Break_Stop
301011,2024-12-16,32.8,2024-12-17,31.159999999999997,1,-0.05160000000000004,Extreme_Risk_Stop
301012,2021-10-20,37.86,2021-10-21,41.22,1,0.08714801901743256,Maximum_Holding_Period
301012,2022-01-19,47.32,2022-01-20,44.954,1,-0.05160000000000004,Extreme_Risk_Stop
301012,2023-06-12,26.29,2023-06-13,25.64,1,-0.026324229745150206,Trend_Break_Stop
301012,2025-06-17,19.0,2025-06-18,19.38,1,0.018400000000000017,Maximum_Holding_Period
301012,2025-06-23,19.55,2025-06-24,20.14,1,0.028579028132992335,Maximum_Holding_Period
301013,2021-12-09,27.9,2021-12-10,27.75,1,-0.0069763440860215005,Maximum_Holding_Period
301013,2022-06-01,19.7,2022-06-02,20.49,1,0.03850152284263957,Maximum_Holding_Period
301013,2025-10-30,29.77,2025-10-31,28.281499999999998,1,-0.05160000000000004,Extreme_Risk_Stop
301013,2026-08-05,39.91,2026-08-06,45.27,1,0.1327021799047859,Maximum_Holding_Period
301015,2021-08-12,26.85,2021-08-13,25.92,1,-0.036236871508379905,Trend_Break_Stop
301016,2022-05-06,16.72,2022-05-09,17.52,1,0.04624688995215314,Maximum_Holding_Period
301017,2024-02-21,13.59,2024-02-22,14.18,1,0.04181427520235475,Maximum_Holding_Period
301017,2024-02-22,13.71,2024-02-23,14.3,1,0.0414342815463165,Maximum_Holding_Period
301018,2026-07-28,89.6,2026-07-29,85.11999999999999,1,-0.05160000000000004,Extreme_Risk_Stop
301019,2024-02-22,16.9,2024-02-23,17.56,1,0.03745325443786989,Maximum_Holding_Period
301020,2022-05-06,18.29,2022-05-09,18.93,1,0.03339179879715686,Maximum_Holding_Period
301020,2022-05-10,18.6,2022-05-11,19.66,1,0.055389247311827865,Maximum_Holding_Period
301020,2026-06-17,24.81,2026-06-18,25.49,1,0.025808303103587216,Maximum_Holding_Period
301020,2026-07-24,17.47,2026-07-27,17.98,1,0.027592902117916474,Maximum_Holding_Period
301022,2021-12-16,54.79,2021-12-17,52.0505,1,-0.05160000000000004,Extreme_Risk_Stop
301023,2022-06-24,42.82,2022-06-27,45.4,1,0.058652218589444076,Maximum_Holding_Period
301023,2026-07-30,27.0,2026-07-31,27.65,1,0.022474074074073914,Maximum_Holding_Period
301024,2022-05-06,38.31,2022-05-09,40.56,1,0.05713140172278779,Maximum_Holding_Period
301024,2023-08-09,31.04,2023-08-10,30.36,1,-0.023507216494845395,Trend_Break_Stop
301024,2023-08-17,31.7,2023-08-18,32.0,1,0.007863722397476281,Maximum_Holding_Period
301025,2022-05-06,11.5,2022-05-09,12.1,1,0.050573913043478184,Maximum_Holding_Period
301025,2022-05-10,11.95,2022-05-11,12.01,1,0.00342092050209213,Maximum_Holding_Period
301025,2023-06-06,14.28,2023-06-07,14.97,1,0.04671932773109249,Maximum_Holding_Period
301025,2023-06-08,14.7,2023-06-09,14.77,1,0.003161904761904745,Maximum_Holding_Period
301025,2024-04-25,11.08,2024-04-26,11.84,1,0.06699205776173293,Maximum_Holding_Period
301025,2025-01-17,9.2,2025-01-20,9.17,1,-0.004860869565217317,Maximum_Holding_Period
301026,2022-05-06,34.09,2022-05-09,34.97,1,0.024214021707245337,Maximum_Holding_Period
301026,2026-06-23,24.87,2026-06-24,23.6265,1,-0.05160000000000004,Extreme_Risk_Stop
301027,2022-06-22,23.98,2022-06-23,22.781,1,-0.05160000000000004,Extreme_Risk_Stop
301027,2024-04-26,8.26,2024-04-29,8.58,1,0.03714092009685226,Maximum_Holding_Period
301028,2026-08-05,12.23,2026-08-06,12.73,1,0.03928307440719552,Maximum_Holding_Period
301028,2026-08-06,12.32,2026-08-07,12.8,1,0.03736103896103909,Maximum_Holding_Period
301030,2021-09-08,34.0,2021-09-09,32.3,1,-0.05160000000000004,Extreme_Risk_Stop
301030,2026-07-23,7.86,2026-07-24,8.1,1,0.028934351145037996,Maximum_Holding_Period
301031,2023-03-31,133.77,2023-04-03,133.3,1,-0.0051134933094116415,Maximum_Holding_Period
301032,2022-05-06,8.22,2022-05-09,8.58,1,0.042195620437956154,Maximum_Holding_Period
301032,2022-05-10,8.46,2022-05-11,8.67,1,0.02322269503546086,Maximum_Holding_Period
301033,2022-05-06,33.5,2022-05-09,35.46,1,0.05690746268656715,Maximum_Holding_Period
301035,2026-06-16,52.5,2026-06-17,49.875,1,-0.05160000000000004,Extreme_Risk_Stop
301036,2021-10-25,32.3,2021-10-26,32.97,1,0.019143034055727527,Trend_Break_Stop
301038,2022-06-30,20.05,2022-07-01,20.83,1,0.03730274314214448,Maximum_Holding_Period
301038,2023-06-07,18.6,2023-06-08,19.6,1,0.05216344086021501,Maximum_Holding_Period
301038,2025-04-11,17.35,2025-04-14,17.5,1,0.007045533141210304,Maximum_Holding_Period
301039,2022-05-06,8.74,2022-05-09,8.81,1,0.006409153318077944,Maximum_Holding_Period
301040,2021-10-13,36.73,2021-10-14,37.47,1,0.01854701878573377,Maximum_Holding_Period
301041,2022-05-10,17.61,2022-05-11,18.39,1,0.04269301533219765,Maximum_Holding_Period
301045,2026-08-11,64.51,2026-08-12,68.84,1,0.06552137653077032,Maximum_Holding_Period
301046,2022-05-10,28.89,2022-05-11,30.6,1,0.057590031152648095,Maximum_Holding_Period
301048,2021-10-14,15.0,2021-10-15,14.91,1,-0.007600000000000005,Maximum_Holding_Period
301049,2022-05-09,20.98,2022-05-10,22.13,1,0.05321410867492853,Maximum_Holding_Period
301049,2022-05-10,21.48,2022-05-11,21.98,1,0.021677467411545682,Maximum_Holding_Period
301049,2024-04-26,23.59,2024-04-29,27.79,1,0.17644154302670617,Maximum_Holding_Period
301049,2025-01-09,23.49,2025-01-10,22.65,1,-0.03735989782886335,Trend_Break_Stop
301051,2022-05-06,57.49,2022-05-09,57.23,1,-0.006122525656636023,Trend_Break_Stop
301052,2023-07-04,49.38,2023-07-05,54.68,1,0.10573090319967586,Maximum_Holding_Period
301052,2024-01-05,45.05,2024-01-08,43.44,1,-0.037338068812430576,Trend_Break_Stop
301055,2021-10-14,25.58,2021-10-15,25.19,1,-0.01684628616106316,Trend_Break_Stop
301055,2021-10-15,26.06,2021-10-18,24.756999999999998,1,-0.05160000000000004,Extreme_Risk_Stop
301056,2022-05-06,7.8,2022-05-09,8.24,1,0.054810256410256435,Maximum_Holding_Period
301057,2026-07-28,19.41,2026-07-29,19.47,1,0.0014911901081915884,Maximum_Holding_Period
301058,2022-02-08,18.21,2022-02-09,17.2995,1,-0.05160000000000015,Extreme_Risk_Stop
301058,2025-05-08,11.03,2025-05-09,11.07,1,0.0020264732547597324,Maximum_Holding_Period
301059,2021-12-13,21.74,2021-12-14,22.15,1,0.017259245630174825,Maximum_Holding_Period
301061,2024-06-20,50.1,2024-06-21,51.23,1,0.020954890219560696,Maximum_Holding_Period
301065,2022-05-05,38.22,2022-05-06,39.66,1,0.03607660910518056,Maximum_Holding_Period
301065,2022-05-06,38.46,2022-05-09,40.54,1,0.05248216328653137,Maximum_Holding_Period
301069,2024-04-26,15.32,2024-04-29,16.25,1,0.05910496083550903,Maximum_Holding_Period
301069,2025-11-26,25.5,2025-11-27,25.71,1,0.0066352941176471185,Maximum_Holding_Period
301069,2025-11-28,25.51,2025-12-01,25.83,1,0.010944100352802622,Trend_Break_Stop
301070,2022-05-06,23.25,2022-05-09,24.59,1,0.056034408602150525,Maximum_Holding_Period
301070,2025-11-27,54.5,2025-11-28,56.61,1,0.03711559633027522,Maximum_Holding_Period
301073,2023-05-16,51.5,2023-05-17,52.77,1,0.023060194174757288,Maximum_Holding_Period
301073,2023-07-04,38.5,2023-07-05,37.75,1,-0.021080519480519432,Trend_Break_Stop
301073,2023-10-27,24.54,2023-10-30,24.86,1,0.011439934800326058,Maximum_Holding_Period
301076,2024-01-19,28.5,2024-01-22,27.075,1,-0.05160000000000004,Extreme_Risk_Stop
301076,2024-04-22,21.32,2024-04-23,21.23,1,-0.0058213883677297835,Trend_Break_Stop
301076,2024-12-26,28.68,2024-12-27,32.31,1,0.12496903765690374,Maximum_Holding_Period
301076,2026-05-27,33.0,2026-05-28,31.349999999999998,1,-0.05160000000000004,Extreme_Risk_Stop
301079,2022-05-06,21.52,2022-05-09,23.1,1,0.07182007434944242,Maximum_Holding_Period
301079,2024-08-09,17.02,2024-08-12,16.169,1,-0.05159999999999993,Extreme_Risk_Stop
301079,2025-04-16,26.01,2025-04-17,24.709500000000002,1,-0.05159999999999993,Extreme_Risk_Stop
301080,2022-04-15,141.68,2022-04-18,134.596,1,-0.05160000000000004,Extreme_Risk_Stop
301080,2022-04-28,131.53,2022-04-29,136.52,1,0.03633811297802785,Maximum_Holding_Period
301080,2022-04-29,131.58,2022-05-05,139.98,1,0.06223948928408545,Maximum_Holding_Period
301080,2022-09-28,125.87,2022-09-29,133.23,1,0.05687302772701979,Maximum_Holding_Period
301081,2021-12-15,23.81,2021-12-16,23.9,1,0.0021799244015119805,Maximum_Holding_Period
301082,2022-09-07,20.35,2022-09-08,22.15,1,0.08685208845208829,Maximum_Holding_Period
301082,2022-09-08,20.42,2022-09-09,21.07,1,0.030231537708129298,Maximum_Holding_Period
301083,2022-05-06,11.69,2022-05-09,12.38,1,0.057424807527801706,Maximum_Holding_Period
301083,2023-06-13,21.0,2023-06-14,20.48,1,-0.026361904761904763,Trend_Break_Stop
301085,2022-03-18,42.82,2022-03-21,47.0,1,0.09601793554413822,Maximum_Holding_Period
301085,2022-05-06,27.86,2022-05-09,30.29,1,0.08562182340272799,Maximum_Holding_Period
301085,2022-06-17,31.5,2022-06-20,32.18,1,0.0199873015873016,Maximum_Holding_Period
301087,2022-05-10,46.5,2022-05-11,47.91,1,0.028722580645161245,Maximum_Holding_Period
301089,2022-02-15,100.71,2022-02-16,105.8,1,0.04894115777976365,Maximum_Holding_Period
301091,2022-03-21,33.0,2022-03-22,33.69,1,0.019309090909090765,Maximum_Holding_Period
301091,2022-04-29,24.01,2022-05-05,24.7,1,0.027138025822573787,Maximum_Holding_Period
301091,2023-06-14,19.2,2023-06-15,18.72,1,-0.026600000000000023,Trend_Break_Stop
301091,2025-04-11,33.82,2025-04-14,34.56,1,0.02028054405677109,Maximum_Holding_Period
301095,2022-09-14,95.0,2022-09-15,106.3,1,0.11734736842105269,Maximum_Holding_Period
301096,2022-05-06,60.5,2022-05-09,61.5,1,0.014928925619834655,Maximum_Holding_Period
301097,2022-05-12,44.54,2022-05-13,43.1,1,-0.03393048944768746,Trend_Break_Stop
301098,2022-03-18,24.81,2022-03-21,26.62,1,0.07135445384925436,Maximum_Holding_Period
301100,2022-05-06,20.3,2022-05-09,20.7,1,0.01810443349753692,Maximum_Holding_Period
301103,2022-04-25,38.02,2022-04-26,36.119,1,-0.05160000000000004,Extreme_Risk_Stop
301103,2022-06-23,32.61,2022-06-24,32.65,1,-0.00037338239803736805,Maximum_Holding_Period
301105,2025-04-16,29.51,2025-04-17,28.8,1,-0.025659640799728888,Trend_Break_Stop
301110,2026-01-28,79.29,2026-01-29,81.21,1,0.022614907302307908,Maximum_Holding_Period
301111,2022-02-10,32.65,2022-02-11,31.0175,1,-0.05160000000000004,Extreme_Risk_Stop
301111,2022-02-17,32.19,2022-02-18,31.68,1,-0.01744342963653307,Maximum_Holding_Period
301111,2022-05-10,27.0,2022-05-11,27.65,1,0.022474074074073914,Trend_Break_Stop
301113,2025-01-17,23.6,2025-01-20,24.06,1,0.017891525423728672,Maximum_Holding_Period
301116,2022-05-10,20.46,2022-05-11,21.12,1,0.030658064516129003,Maximum_Holding_Period
301116,2022-05-11,21.16,2022-05-12,20.102,1,-0.05160000000000004,Extreme_Risk_Stop
301116,2025-01-15,11.96,2025-01-16,11.95,1,-0.0024361204013379585,Maximum_Holding_Period
301117,2026-04-09,43.08,2026-04-10,43.47,1,0.0074529247910864365,Maximum_Holding_Period
301117,2026-07-24,16.93,2026-07-27,16.89,1,-0.003962669816893037,Maximum_Holding_Period
301118,2022-04-20,48.7,2022-04-21,46.265,1,-0.05160000000000004,Extreme_Risk_Stop
301118,2022-05-06,38.46,2022-05-09,40.29,1,0.0459819032761311,Maximum_Holding_Period
301118,2024-04-22,16.09,2024-04-23,15.285499999999999,1,-0.05160000000000004,Extreme_Risk_Stop
301119,2023-06-28,26.06,2023-06-29,26.41,1,0.011830544896392948,Maximum_Holding_Period
301119,2023-06-29,26.47,2023-06-30,26.6,1,0.003311220249338877,Maximum_Holding_Period
301121,2024-04-22,30.99,2024-04-23,30.36,1,-0.021929138431752104,Trend_Break_Stop
301122,2022-04-27,52.01,2022-04-28,55.26,1,0.060887983080177004,Maximum_Holding_Period
301122,2023-05-23,34.62,2023-05-24,34.88,1,0.005910109763142925,Maximum_Holding_Period
301123,2022-05-06,22.49,2022-05-09,23.28,1,0.0335267229879948,Maximum_Holding_Period
301123,2022-05-10,23.13,2022-05-11,24.29,1,0.04855131863380895,Maximum_Holding_Period
301123,2024-06-17,18.77,2024-06-18,19.63,1,0.04421779435269051,Maximum_Holding_Period
301123,2024-06-18,19.14,2024-06-19,19.29,1,0.006236990595611271,Maximum_Holding_Period
301123,2024-06-19,19.54,2024-06-20,18.563,1,-0.05160000000000004,Extreme_Risk_Stop
301125,2024-07-03,9.85,2024-07-04,9.3575,1,-0.05159999999999993,Extreme_Risk_Stop
301126,2022-01-11,22.77,2022-01-12,23.0,1,0.008501010101010165,Maximum_Holding_Period
301128,2022-02-10,40.41,2022-02-11,38.3895,1,-0.05159999999999993,Extreme_Risk_Stop
301128,2022-05-05,25.69,2022-05-06,27.85,1,0.08247940833008953,Maximum_Holding_Period
301128,2022-10-19,29.28,2022-10-20,27.816,1,-0.05160000000000004,Extreme_Risk_Stop
301128,2025-09-15,87.9,2025-09-16,90.31,1,0.02581751990898744,Maximum_Holding_Period
301128,2026-06-08,138.1,2026-06-09,165.89,1,0.19963099203475748,Maximum_Holding_Period
301128,2026-08-11,107.43,2026-08-12,113.25,1,0.05257481150516612,Maximum_Holding_Period
301129,2023-09-06,32.08,2023-09-07,31.79,1,-0.01063990024937651,Trend_Break_Stop
301131,2022-04-21,44.8,2022-04-22,46.12,1,0.02786428571428572,Maximum_Holding_Period
301131,2022-05-06,38.05,2022-05-09,40.0,1,0.04964835742444156,Maximum_Holding_Period
301132,2023-08-16,28.72,2023-08-17,30.7,1,0.06734150417827305,Maximum_Holding_Period
301136,2022-02-21,23.64,2022-02-22,23.44,1,-0.010060236886632778,Trend_Break_Stop
301136,2022-02-22,24.05,2022-02-23,23.67,1,-0.017400415800415802,Trend_Break_Stop
301136,2024-09-25,11.13,2024-09-26,11.62,1,0.04242515723270417,Maximum_Holding_Period
301136,2024-09-26,11.25,2024-09-27,12.51,1,0.11039999999999987,Maximum_Holding_Period
301136,2025-12-29,20.39,2025-12-30,19.62,1,-0.0393636096125552,Trend_Break_Stop
301137,2022-04-22,18.52,2022-04-25,17.593999999999998,1,-0.05160000000000015,Extreme_Risk_Stop
301138,2022-05-06,28.13,2022-05-09,29.1,1,0.03288275862068973,Maximum_Holding_Period
301138,2022-05-10,28.8,2022-05-11,29.18,1,0.011594444444444508,Maximum_Holding_Period
301138,2026-08-06,25.93,2026-08-07,26.45,1,0.01845399151561904,Maximum_Holding_Period
301139,2024-04-25,22.68,2024-04-26,24.11,1,0.06145114638447962,Maximum_Holding_Period
301139,2024-04-26,22.7,2024-04-29,24.87,1,0.09399471365638772,Maximum_Holding_Period
301139,2026-06-24,4.47,2026-06-25,4.43,1,-0.010548545861297564,Trend_Break_Stop
301139,2026-07-31,3.05,2026-08-03,3.79,1,0.24102295081967223,Maximum_Holding_Period
301141,2023-09-04,56.91,2023-09-05,57.66,1,0.01157870321560366,Trend_Break_Stop
301141,2024-04-25,43.0,2024-04-26,44.17,1,0.025609302325581496,Maximum_Holding_Period
301149,2021-12-09,23.5,2021-12-10,22.9,1,-0.02713191489361706,Trend_Break_Stop
301149,2022-02-10,17.26,2022-02-11,17.0,1,-0.016663731170336104,Trend_Break_Stop
301149,2024-02-22,9.5,2024-02-23,10.16,1,0.06787368421052635,Maximum_Holding_Period
301150,2024-05-23,20.51,2024-05-24,20.64,1,0.004738371526084741,Maximum_Holding_Period
301150,2025-11-28,45.5,2025-12-01,44.78,1,-0.017424175824175835,Trend_Break_Stop
301152,2024-01-31,27.14,2024-02-01,25.782999999999998,1,-0.05160000000000015,Extreme_Risk_Stop
301153,2024-08-02,19.69,2024-08-05,18.7055,1,-0.05160000000000004,Extreme_Risk_Stop
301157,2023-05-18,49.7,2023-05-19,50.75,1,0.019526760563380253,Maximum_Holding_Period
301158,2022-03-23,29.08,2022-03-24,27.625999999999998,1,-0.05160000000000004,Extreme_Risk_Stop
301159,2022-02-21,47.22,2022-02-22,47.24,1,-0.0011764506565014694,Trend_Break_Stop
301159,2023-09-26,50.13,2023-09-27,51.23,1,0.020342948334330525,Maximum_Holding_Period
301160,2026-06-17,44.44,2026-06-18,46.99,1,0.055780738073807394,Maximum_Holding_Period
301161,2024-04-26,15.41,2024-04-29,16.5,1,0.06913329007138218,Maximum_Holding_Period
301161,2025-04-24,20.33,2025-04-25,20.48,1,0.005778258730939669,Maximum_Holding_Period
301162,2022-06-02,51.81,2022-06-06,58.15,1,0.12077019880331967,Maximum_Holding_Period
301162,2025-06-06,48.78,2025-06-09,47.7,1,-0.023740221402213945,Trend_Break_Stop
301166,2022-05-10,54.2,2022-05-11,54.4,1,0.002090036900368954,Trend_Break_Stop
301168,2022-05-06,28.4,2022-05-09,30.0,1,0.054738028169014234,Maximum_Holding_Period
301168,2022-05-10,29.4,2022-05-11,31.08,1,0.055542857142857165,Maximum_Holding_Period
301168,2022-09-30,53.64,2022-10-10,50.958,1,-0.05160000000000004,Extreme_Risk_Stop
301169,2022-02-10,53.0,2022-02-11,50.349999999999994,1,-0.05160000000000015,Extreme_Risk_Stop
301169,2022-05-06,33.57,2022-05-09,35.49,1,0.05559392314566574,Maximum_Holding_Period
301169,2022-05-10,35.0,2022-05-11,36.05,1,0.028400000000000026,Maximum_Holding_Period
301169,2023-05-08,44.82,2023-05-09,46.2,1,0.029189825970549022,Maximum_Holding_Period
301169,2023-05-11,46.75,2023-05-12,44.4125,1,-0.05159999999999993,Extreme_Risk_Stop
301169,2023-09-26,57.2,2023-09-27,58.0,1,0.012386013986013956,Maximum_Holding_Period
301169,2023-09-27,57.0,2023-09-28,57.17,1,0.0013824561403508644,Trend_Break_Stop
301169,2024-04-25,33.24,2024-04-26,33.2,1,-0.0028033694344163458,Maximum_Holding_Period
301171,2023-05-05,24.83,2023-05-08,24.73,1,-0.005627386226339025,Trend_Break_Stop
301171,2023-05-08,25.4,2023-05-09,24.13,1,-0.05159999999999993,Extreme_Risk_Stop
301171,2025-12-26,35.0,2025-12-29,35.2,1,0.004114285714285783,Maximum_Holding_Period
301171,2026-07-03,33.96,2026-07-06,32.262,1,-0.05160000000000004,Extreme_Risk_Stop
301172,2023-11-09,47.2,2023-11-10,44.84,1,-0.05159999999999993,Extreme_Risk_Stop
301172,2025-04-15,24.88,2025-04-16,24.39,1,-0.021294533762057765,Trend_Break_Stop
301176,2024-07-12,21.8,2024-07-15,21.2,1,-0.02912293577981657,Trend_Break_Stop
301177,2022-05-06,58.0,2022-05-09,60.11,1,0.034779310344827556,Maximum_Holding_Period
301177,2024-04-26,23.7,2024-04-29,24.66,1,0.03890632911392405,Maximum_Holding_Period
301177,2026-06-11,24.8,2026-06-12,27.06,1,0.08952903225806445,Maximum_Holding_Period
301177,2026-07-30,22.01,2026-07-31,22.62,1,0.026114675147660017,Maximum_Holding_Period
301179,2022-05-06,33.25,2022-05-09,34.01,1,0.021257142857142686,Maximum_Holding_Period
301181,2022-09-09,41.71,2022-09-13,39.6245,1,-0.05160000000000004,Extreme_Risk_Stop
301182,2022-05-06,20.75,2022-05-09,22.05,1,0.06105060240963849,Maximum_Holding_Period
301182,2024-09-03,20.89,2024-09-04,21.89,1,0.04626979415988513,Maximum_Holding_Period
301182,2024-09-04,21.07,2024-09-05,21.51,1,0.019282771713336633,Maximum_Holding_Period
301182,2025-01-13,31.74,2025-01-14,34.58,1,0.08787700063011976,Maximum_Holding_Period
301182,2025-01-17,34.15,2025-01-20,35.62,1,0.04144538799414348,Maximum_Holding_Period
301183,2023-05-22,34.75,2023-05-23,37.31,1,0.07206906474820145,Maximum_Holding_Period
301183,2023-07-28,60.61,2023-07-31,57.579499999999996,1,-0.05160000000000004,Extreme_Risk_Stop
301183,2026-07-24,175.8,2026-07-27,182.18,1,0.034691240045506215,Maximum_Holding_Period
301186,2022-04-19,33.44,2022-04-20,33.55,1,0.00168947368421062,Maximum_Holding_Period
301186,2022-05-06,27.67,2022-05-09,28.76,1,0.037792844235634164,Maximum_Holding_Period
301188,2022-05-06,15.12,2022-05-09,15.97,1,0.05461693121693139,Maximum_Holding_Period
301191,2023-05-23,99.8,2023-05-24,105.84,1,0.05892104208416842,Maximum_Holding_Period
301191,2023-11-10,102.77,2023-11-13,110.0,1,0.06875126982582462,Maximum_Holding_Period
301191,2024-06-14,71.83,2024-06-17,76.43,1,0.06244009466796623,Maximum_Holding_Period
301192,2023-08-09,24.81,2023-08-10,26.7,1,0.0745789600967353,Maximum_Holding_Period
301192,2023-08-10,25.21,2023-08-11,25.47,1,0.008713367711225706,Trend_Break_Stop
301198,2026-07-27,10.11,2026-07-28,10.2,1,0.007302077151335286,Maximum_Holding_Period
301199,2025-04-16,30.04,2025-04-17,29.35,1,-0.024569374167776225,Trend_Break_Stop
301200,2026-07-28,256.5,2026-07-29,243.67499999999998,1,-0.05160000000000004,Extreme_Risk_Stop
301201,2022-04-18,90.5,2022-04-19,85.975,1,-0.05160000000000004,Extreme_Risk_Stop
301201,2026-05-12,41.8,2026-05-13,41.17,1,-0.016671770334928126,Trend_Break_Stop
301202,2024-04-15,33.2,2024-04-16,31.540000000000003,1,-0.05160000000000004,Extreme_Risk_Stop
301203,2023-09-14,48.8,2023-09-15,46.35999999999999,1,-0.05160000000000015,Extreme_Risk_Stop
301205,2023-08-09,124.7,2023-08-10,118.465,1,-0.05160000000000004,Extreme_Risk_Stop
301205,2023-11-07,70.18,2023-11-08,76.19,1,0.0840369335993159,Maximum_Holding_Period
301205,2023-11-10,74.99,2023-11-13,76.99,1,0.025070222696359546,Maximum_Holding_Period
301205,2026-07-15,267.16,2026-07-16,253.80200000000002,1,-0.05160000000000004,Extreme_Risk_Stop
301205,2026-07-28,226.8,2026-07-29,215.46,1,-0.05160000000000004,Extreme_Risk_Stop
301206,2022-05-11,66.24,2022-05-12,66.6,1,0.0038347826086955654,Maximum_Holding_Period
301207,2022-04-19,44.08,2022-04-20,43.64,1,-0.011581851179673319,Maximum_Holding_Period
301208,2023-08-09,43.02,2023-08-10,47.5,1,0.10253761041376101,Maximum_Holding_Period
301208,2023-09-25,41.12,2023-09-26,41.64,1,0.011045914396887336,Maximum_Holding_Period
301209,2025-11-05,89.27,2025-11-06,90.9,1,0.016659213621597547,Maximum_Holding_Period
301209,2026-07-16,50.0,2026-07-17,47.5,1,-0.05160000000000004,Extreme_Risk_Stop
301211,2023-03-23,30.7,2023-03-24,29.7,1,-0.03417328990228014,Trend_Break_Stop
301211,2023-06-07,27.95,2023-06-08,26.5525,1,-0.05160000000000004,Extreme_Risk_Stop
301211,2025-02-06,17.92,2025-02-07,18.84,1,0.04973928571428559,Maximum_Holding_Period
301213,2022-05-06,40.61,2022-05-09,43.11,1,0.05996119182467368,Maximum_Holding_Period
301213,2022-05-09,41.5,2022-05-10,44.37,1,0.06755662650602394,Maximum_Holding_Period
301213,2024-08-30,28.41,2024-09-02,28.36,1,-0.0033599436818022117,Maximum_Holding_Period
301213,2026-07-27,38.48,2026-07-28,38.4,1,-0.0036790020790020235,Trend_Break_Stop
301216,2022-05-06,27.13,2022-05-09,28.15,1,0.035996756358274866,Maximum_Holding_Period
301217,2026-03-31,38.48,2026-04-01,38.6,1,0.0015185031185032576,Maximum_Holding_Period
301218,2022-05-06,38.97,2022-05-09,41.55,1,0.06460477290223236,Maximum_Holding_Period
301218,2022-07-27,28.01,2022-07-28,27.7,1,-0.012667475901463842,Maximum_Holding_Period
301218,2023-08-03,30.13,2023-08-04,31.93,1,0.0581411218055095,Maximum_Holding_Period
301218,2023-09-27,42.1,2023-09-28,39.995,1,-0.05160000000000004,Extreme_Risk_Stop
301221,2022-05-06,42.2,2022-05-09,43.42,1,0.02730995260663498,Maximum_Holding_Period
301221,2024-04-25,36.8,2024-04-26,37.72,1,0.023400000000000132,Maximum_Holding_Period
301222,2022-05-06,27.55,2022-05-09,29.35,1,0.06373575317604367,Maximum_Holding_Period
301222,2022-05-10,28.8,2022-05-11,30.96,1,0.07339999999999995,Maximum_Holding_Period
301225,2026-06-05,93.93,2026-06-08,97.65,1,0.03800396039603964,Maximum_Holding_Period
301226,2022-04-28,32.06,2022-04-29,30.457,1,-0.05160000000000004,Extreme_Risk_Stop
301226,2024-09-02,18.82,2024-09-03,18.32,1,-0.028167481402762994,Trend_Break_Stop
301227,2026-06-22,28.09,2026-06-23,27.9,1,-0.008363972944108244,Maximum_Holding_Period
301228,2022-03-21,31.69,2022-03-22,31.34,1,-0.01264449353108239,Trend_Break_Stop
301228,2022-05-06,20.84,2022-05-09,23.26,1,0.11452284069097889,Maximum_Holding_Period
301229,2022-05-12,32.84,2022-05-13,35.33,1,0.07422216808769781,Maximum_Holding_Period
301229,2025-04-18,22.65,2025-04-21,22.88,1,0.008554525386313561,Maximum_Holding_Period
301230,2023-06-30,44.78,2023-07-03,46.12,1,0.028324073246985205,Maximum_Holding_Period
301230,2023-07-04,45.66,2023-07-05,46.28,1,0.011978624616732426,Maximum_Holding_Period
301230,2024-04-26,31.5,2024-04-29,36.1,1,0.1444317460317462,Maximum_Holding_Period
301230,2024-06-13,31.29,2024-06-14,31.0,1,-0.010868136784915227,Maximum_Holding_Period
301230,2024-07-15,22.41,2024-07-16,22.24,1,-0.009185899152164344,Maximum_Holding_Period
301231,2023-05-31,36.9,2023-06-01,42.16,1,0.1409474254742547,Maximum_Holding_Period
301231,2023-07-17,32.97,2023-07-18,32.37,1,-0.019798362147406778,Trend_Break_Stop
301231,2023-07-18,33.41,2023-07-19,33.73,1,0.007977970667464796,Maximum_Holding_Period
301231,2024-04-26,17.32,2024-04-29,18.71,1,0.07865404157043891,Maximum_Holding_Period
301233,2024-04-19,35.31,2024-04-22,37.11,1,0.04937706032285454,Maximum_Holding_Period
301234,2023-08-30,36.7,2023-08-31,38.79,1,0.055348228882833576,Maximum_Holding_Period
301234,2023-09-13,37.0,2023-09-14,36.25,1,-0.021870270270270286,Trend_Break_Stop
301235,2022-06-08,37.62,2022-06-09,35.739,1,-0.05160000000000004,Extreme_Risk_Stop
301239,2022-08-24,62.21,2022-08-25,66.6,1,0.068967432888603,Maximum_Holding_Period
301239,2024-02-07,61.5,2024-02-08,63.29,1,0.02750569105691052,Maximum_Holding_Period
301239,2026-06-15,32.68,2026-06-16,32.96,1,0.006967931456548328,Maximum_Holding_Period
301248,2024-04-22,12.55,2024-04-23,12.64,1,0.005571314741035939,Maximum_Holding_Period
301252,2024-05-31,31.56,2024-06-03,33.52,1,0.06050392902408124,Maximum_Holding_Period
301252,2024-06-17,31.99,2024-06-18,32.98,1,0.02934717099093458,Maximum_Holding_Period
301252,2024-06-18,32.8,2024-06-19,31.77,1,-0.033002439024390214,Trend_Break_Stop
301252,2026-07-28,28.5,2026-07-29,27.075,1,-0.05160000000000004,Extreme_Risk_Stop
301255,2023-08-03,46.72,2023-08-04,47.83,1,0.022158561643835607,Maximum_Holding_Period
301255,2023-08-16,45.7,2023-08-17,43.415,1,-0.05160000000000004,Extreme_Risk_Stop
301255,2024-04-24,30.29,2024-04-25,30.88,1,0.017878375701551753,Maximum_Holding_Period
301256,2022-05-06,9.2,2022-05-09,9.85,1,0.06905217391304345,Maximum_Holding_Period
301256,2022-05-11,9.76,2022-05-12,9.97,1,0.019916393442623016,Maximum_Holding_Period
301259,2025-09-05,44.38,2025-09-08,43.99,1,-0.010387742226228024,Trend_Break_Stop
301259,2026-08-03,21.64,2026-08-04,22.39,1,0.033058040665434434,Maximum_Holding_Period
301261,2023-08-10,44.0,2023-08-11,46.13,1,0.04680909090909107,Maximum_Holding_Period
301262,2024-04-25,24.94,2024-04-26,26.1,1,0.04491162790697683,Maximum_Holding_Period
301263,2026-06-16,19.51,2026-06-17,19.38,1,-0.008263249615581846,Maximum_Holding_Period
301263,2026-06-22,20.01,2026-06-23,19.52,1,-0.026087756121939098,Trend_Break_Stop
301266,2024-12-02,43.53,2024-12-03,44.82,1,0.02803473466574773,Maximum_Holding_Period
301266,2026-04-09,39.66,2026-04-10,39.87,1,0.0036950075642965723,Maximum_Holding_Period
301267,2024-10-22,21.37,2024-10-23,21.74,1,0.015713991576976883,Maximum_Holding_Period
301268,2022-08-10,51.97,2022-08-11,51.45,1,-0.011605772561092808,Maximum_Holding_Period
301268,2025-04-15,16.42,2025-04-16,16.14,1,-0.01865237515225344,Trend_Break_Stop
301268,2026-06-16,16.31,2026-06-17,16.24,1,-0.005891845493562207,Maximum_Holding_Period
301275,2025-04-24,55.0,2025-04-25,53.35,1,-0.031600000000000024,Trend_Break_Stop
301277,2025-05-19,12.77,2025-05-20,13.26,1,0.036771182458887934,Maximum_Holding_Period
301279,2025-04-16,21.61,2025-04-17,21.42,1,-0.010392225821378841,Trend_Break_Stop
301281,2023-08-31,46.31,2023-09-01,44.14,1,-0.0484581299935219,Trend_Break_Stop
301282,2026-06-04,28.92,2026-06-05,31.3,1,0.08069598893499301,Maximum_Holding_Period
301282,2026-07-27,21.1,2026-07-28,22.2,1,0.050532701421800934,Maximum_Holding_Period
301285,2022-11-04,14.85,2022-11-07,15.19,1,0.02129562289562297,Maximum_Holding_Period
301286,2026-03-27,44.89,2026-03-30,45.45,1,0.010874938739140073,Maximum_Holding_Period
301287,2025-07-08,41.37,2025-07-09,42.85,1,0.03417471597776172,Maximum_Holding_Period
301288,2022-05-31,25.14,2022-06-01,25.08,1,-0.0039866348448687845,Trend_Break_Stop
301289,2025-04-15,44.98,2025-04-16,44.14,1,-0.020274966651845205,Trend_Break_Stop
301291,2026-04-13,52.0,2026-04-14,52.67,1,0.011284615384615383,Maximum_Holding_Period
301292,2025-12-25,57.93,2025-12-26,72.0,1,0.2412793371310203,Maximum_Holding_Period
301293,2026-04-09,68.0,2026-04-10,68.08,1,-0.0004235294117646655,Maximum_Holding_Period
301297,2024-11-11,58.8,2024-11-12,55.85999999999999,1,-0.05160000000000004,Extreme_Risk_Stop
301299,2023-05-05,51.96,2023-05-08,51.8,1,-0.004679291762894565,Maximum_Holding_Period
301299,2023-05-08,52.29,2023-05-09,51.63,1,-0.014221916236373987,Trend_Break_Stop
301302,2026-03-20,28.95,2026-03-23,27.502499999999998,1,-0.05160000000000004,Extreme_Risk_Stop
301302,2026-03-26,28.68,2026-03-27,27.72,1,-0.03507280334728031,Trend_Break_Stop
301302,2026-04-22,22.57,2026-04-23,25.02,1,0.10695117412494452,Maximum_Holding_Period
301306,2024-04-25,29.81,2024-04-26,30.16,1,0.010141026501174145,Maximum_Holding_Period
301306,2024-04-26,30.0,2024-04-29,30.4,1,0.011733333333333196,Maximum_Holding_Period
301306,2025-09-09,56.0,2025-09-10,53.47,1,-0.0467785714285714,Trend_Break_Stop
301306,2026-01-26,124.67,2026-01-27,118.4365,1,-0.05160000000000004,Extreme_Risk_Stop
301306,2026-02-06,111.76,2026-02-09,112.58,1,0.0057371510379383055,Maximum_Holding_Period
301307,2024-04-26,23.24,2024-04-29,24.03,1,0.032393115318416536,Maximum_Holding_Period
301308,2022-10-17,50.82,2022-10-18,52.19,1,0.02535789059425424,Maximum_Holding_Period
301308,2023-08-25,77.99,2023-08-28,74.09049999999999,1,-0.05160000000000004,Extreme_Risk_Stop
301308,2026-03-06,294.82,2026-03-09,330.12,1,0.11813407502883115,Maximum_Holding_Period
301310,2024-02-22,33.91,2024-02-23,37.37,1,0.10043479799469184,Maximum_Holding_Period
301312,2022-10-13,101.23,2022-10-14,98.54,1,-0.028173150251901546,Maximum_Holding_Period
301312,2026-08-11,65.55,2026-08-12,72.18,1,0.09954416475972554,Maximum_Holding_Period
301313,2023-11-01,28.01,2023-11-02,28.74,1,0.024462120671188848,Maximum_Holding_Period
301313,2024-04-22,22.25,2024-04-23,22.59,1,0.01368089887640438,Maximum_Holding_Period
301314,2023-06-08,54.9,2023-06-09,52.154999999999994,1,-0.05160000000000004,Extreme_Risk_Stop
301314,2023-06-26,57.0,2023-06-27,54.15,1,-0.05160000000000004,Extreme_Risk_Stop
301314,2026-07-28,35.5,2026-07-29,35.78,1,0.006287323943662095,Maximum_Holding_Period
301315,2023-09-08,70.2,2023-09-11,66.69,1,-0.05160000000000004,Extreme_Risk_Stop
301316,2023-09-25,32.48,2023-09-26,32.05,1,-0.014838916256157585,Trend_Break_Stop
301316,2025-06-09,43.03,2025-06-10,40.8785,1,-0.05159999999999993,Extreme_Risk_Stop
301317,2026-03-30,49.22,2026-03-31,51.43,1,0.0433004469727754,Maximum_Holding_Period
301317,2026-07-28,46.18,2026-07-29,43.870999999999995,1,-0.05160000000000015,Extreme_Risk_Stop
301320,2023-07-20,22.32,2023-07-21,22.41,1,0.0024322580645160146,Maximum_Holding_Period
301323,2024-02-22,26.21,2024-02-23,28.52,1,0.08653429988553989,Maximum_Holding_Period
301325,2025-04-02,60.24,2025-04-03,58.71,1,-0.02699840637450197,Trend_Break_Stop
301326,2024-04-26,26.47,2024-04-29,28.66,1,0.08113517189270873,Maximum_Holding_Period
301326,2024-05-08,28.93,2024-05-09,28.87,1,-0.003673971655720652,Maximum_Holding_Period
301326,2026-06-08,144.99,2026-06-09,137.7405,1,-0.05160000000000004,Extreme_Risk_Stop
301328,2026-07-22,60.46,2026-07-23,57.437,1,-0.05160000000000004,Extreme_Risk_Stop
301331,2022-11-03,42.25,2022-11-04,44.25,1,0.0457372781065089,Maximum_Holding_Period
301333,2025-04-18,46.03,2025-04-21,44.56,1,-0.03353569411253527,Trend_Break_Stop
301336,2026-06-24,39.15,2026-06-25,39.98,1,0.019600510855683196,Maximum_Holding_Period
301337,2024-09-04,24.87,2024-09-05,24.49,1,-0.016879453156413437,Trend_Break_Stop
301337,2024-09-13,25.9,2024-09-18,26.42,1,0.018477220077220125,Maximum_Holding_Period
301338,2023-05-19,46.83,2023-05-22,50.05,1,0.06715934230194325,Maximum_Holding_Period
301348,2024-08-23,22.9,2024-08-26,22.1,1,-0.03653449781659374,Trend_Break_Stop
301348,2026-08-11,20.55,2026-08-12,20.71,1,0.00618588807785896,Maximum_Holding_Period
301349,2023-09-06,44.95,2023-09-07,43.95,1,-0.023846941045606206,Trend_Break_Stop
301357,2026-03-25,114.0,2026-03-26,119.2,1,0.04401403508771922,Maximum_Holding_Period
301357,2026-03-27,118.0,2026-03-30,121.23,1,0.025772881355932187,Trend_Break_Stop
301358,2024-07-15,29.3,2024-07-16,29.29,1,-0.0019412969283277388,Maximum_Holding_Period
301360,2023-06-14,92.0,2023-06-15,87.39999999999999,1,-0.05160000000000004,Extreme_Risk_Stop
301360,2024-04-25,41.65,2024-04-26,43.13,1,0.03393421368547438,Maximum_Holding_Period
301361,2023-08-11,25.76,2023-08-14,26.26,1,0.01780993788819867,Maximum_Holding_Period
301361,2026-06-17,33.02,2026-06-18,34.96,1,0.0571522713506965,Maximum_Holding_Period
301361,2026-06-22,34.07,2026-06-23,34.38,1,0.007498914000587044,Maximum_Holding_Period
301362,2026-03-26,97.55,2026-03-27,100.9,1,0.0327413634033829,Maximum_Holding_Period
301362,2026-08-05,112.94,2026-08-06,133.01,1,0.176104976093501,Maximum_Holding_Period
301363,2025-07-02,18.03,2025-07-03,17.75,1,-0.017129672767609638,Maximum_Holding_Period
301363,2026-06-23,19.53,2026-06-24,19.26,1,-0.015424884792626669,Trend_Break_Stop
301366,2025-06-16,36.61,2025-06-17,37.21,1,0.014788964763725865,Maximum_Holding_Period
301368,2025-04-11,63.28,2025-04-14,66.94,1,0.05623817951959547,Maximum_Holding_Period
301369,2022-10-28,104.0,2022-10-31,109.63,1,0.052534615384615395,Maximum_Holding_Period
301369,2024-04-25,40.01,2024-04-26,41.19,1,0.027892626843289126,Maximum_Holding_Period
301369,2024-04-26,39.9,2024-04-29,42.69,1,0.06832481203007527,Maximum_Holding_Period
301370,2023-08-31,20.2,2023-09-01,19.98,1,-0.01249108910891079,Trend_Break_Stop
301370,2023-09-01,20.37,2023-09-04,19.73,1,-0.0330187530682376,Trend_Break_Stop
301371,2024-02-21,29.8,2024-02-22,30.8,1,0.03195704697986584,Maximum_Holding_Period
301371,2025-06-04,27.0,2025-06-05,26.47,1,-0.021229629629629664,Trend_Break_Stop
301371,2025-06-13,27.48,2025-06-16,27.09,1,-0.015792139737991272,Trend_Break_Stop
301372,2024-04-26,30.29,2024-04-29,31.2,1,0.028442918454935563,Maximum_Holding_Period
301373,2026-08-11,89.88,2026-08-12,97.8,1,0.08651748998664881,Maximum_Holding_Period
301376,2024-02-08,21.01,2024-02-19,22.59,1,0.07360228462636824,Maximum_Holding_Period
301376,2024-02-22,22.82,2024-02-23,22.91,1,0.002343908851884226,Maximum_Holding_Period
301378,2024-04-22,29.9,2024-04-23,30.3,1,0.011777926421404673,Trend_Break_Stop
301378,2024-04-25,31.5,2024-04-26,32.37,1,0.02601904761904743,Maximum_Holding_Period
301378,2024-07-09,22.04,2024-07-10,23.39,1,0.05965226860254096,Maximum_Holding_Period
301378,2024-07-10,22.39,2024-07-11,24.45,1,0.09040535953550681,Maximum_Holding_Period
301378,2024-12-03,32.71,2024-12-04,33.8,1,0.03172314276979509,Maximum_Holding_Period
301379,2023-08-02,35.5,2023-08-03,33.725,1,-0.05159999999999993,Extreme_Risk_Stop
301379,2024-07-12,17.88,2024-07-15,16.985999999999997,1,-0.05160000000000015,Extreme_Risk_Stop
301379,2025-04-16,25.87,2025-04-17,26.17,1,0.009996443757247776,Trend_Break_Stop
301379,2026-06-24,25.69,2026-06-25,26.1,1,0.014359517321915139,Maximum_Holding_Period
301380,2025-06-27,35.86,2025-06-30,36.68,1,0.02126670384829903,Maximum_Holding_Period
301380,2025-07-11,38.06,2025-07-14,37.47,1,-0.017101839201261248,Trend_Break_Stop
301382,2026-07-24,32.6,2026-07-27,36.7,1,0.12416687116564411,Maximum_Holding_Period
301386,2023-08-07,29.76,2023-08-08,31.14,1,0.0447709677419355,Maximum_Holding_Period
301387,2024-07-01,33.03,2024-07-02,32.99,1,-0.0028110202845897476,Maximum_Holding_Period
301389,2024-06-18,16.65,2024-06-19,16.59,1,-0.005203603603603567,Maximum_Holding_Period
301391,2025-01-10,34.6,2025-01-13,32.87,1,-0.05160000000000015,Extreme_Risk_Stop
301392,2025-10-23,146.21,2025-10-24,146.79,1,0.0023668969290744817,Maximum_Holding_Period
301393,2023-09-12,70.2,2023-09-13,69.9,1,-0.005873504273504258,Trend_Break_Stop
301396,2023-05-19,38.75,2023-05-22,40.03,1,0.031432258064516154,Maximum_Holding_Period
301396,2023-05-22,39.01,2023-05-23,38.6,1,-0.012110125608818145,Trend_Break_Stop
301397,2024-07-25,23.63,2024-07-26,24.09,1,0.017866779517562482,Maximum_Holding_Period
301397,2024-07-26,24.07,2024-07-29,23.87,1,-0.0099090984628168,Trend_Break_Stop
301397,2026-06-10,31.5,2026-06-11,29.924999999999997,1,-0.05160000000000004,Extreme_Risk_Stop
301398,2024-04-19,47.0,2024-04-22,45.7,1,-0.02925957446808509,Maximum_Holding_Period
301413,2025-01-09,54.51,2025-01-10,66.43,1,0.21707547239038721,Maximum_Holding_Period
301413,2025-04-11,76.97,2025-04-14,84.0,1,0.08973428608548777,Maximum_Holding_Period
301421,2024-04-22,38.6,2024-04-23,39.14,1,0.012389637305699353,Maximum_Holding_Period
301421,2025-10-30,105.0,2025-10-31,99.75,1,-0.05160000000000004,Extreme_Risk_Stop
301421,2026-06-08,91.1,2026-06-09,90.82,1,-0.004673545554335921,Trend_Break_Stop
301421,2026-06-15,92.16,2026-06-16,95.54,1,0.035075347222222324,Maximum_Holding_Period
301421,2026-06-17,93.8,2026-06-18,101.11,1,0.07633176972281457,Maximum_Holding_Period
301421,2026-06-22,90.1,2026-06-23,85.59499999999998,1,-0.05160000000000015,Extreme_Risk_Stop
301428,2024-04-25,25.52,2024-04-26,26.22,1,0.025829467084639558,Maximum_Holding_Period
301448,2024-05-28,20.7,2024-05-29,20.62,1,-0.005464734299516836,Trend_Break_Stop
301448,2024-06-17,20.11,2024-06-18,20.4,1,0.012820686225758316,Maximum_Holding_Period
301456,2023-08-14,40.96,2023-08-15,42.4,1,0.03355625,Maximum_Holding_Period
301456,2024-07-25,22.7,2024-07-26,23.83,1,0.04817973568281935,Maximum_Holding_Period
301469,2024-02-21,24.49,2024-02-22,26.49,1,0.08006598611678233,Maximum_Holding_Period
301486,2026-03-30,151.0,2026-03-31,151.97,1,0.0048238410596026975,Maximum_Holding_Period
301487,2024-09-03,17.05,2024-09-04,18.59,1,0.0887225806451613,Maximum_Holding_Period
301488,2023-08-21,78.88,2023-08-22,74.93599999999999,1,-0.05160000000000004,Extreme_Risk_Stop
301488,2023-08-30,74.0,2023-08-31,75.15,1,0.013940540540540659,Maximum_Holding_Period
301489,2025-11-18,183.7,2025-11-19,174.515,1,-0.05160000000000004,Extreme_Risk_Stop
301499,2023-09-04,36.03,2023-09-05,35.61,1,-0.013256952539550459,Trend_Break_Stop
301500,2024-02-21,15.68,2024-02-22,16.32,1,0.03921632653061229,Maximum_Holding_Period
301500,2024-02-22,15.93,2024-02-23,16.69,1,0.046108725674827426,Maximum_Holding_Period
301500,2024-04-23,21.05,2024-04-24,22.88,1,0.08533586698337285,Trend_Break_Stop
301505,2023-08-29,53.44,2023-08-30,56.62,1,0.05790598802395213,Maximum_Holding_Period
301505,2023-08-31,56.07,2023-09-01,53.2665,1,-0.05160000000000004,Extreme_Risk_Stop
301511,2024-04-26,19.98,2024-04-29,21.22,1,0.060462062062062,Trend_Break_Stop
301511,2024-06-05,16.0,2024-06-06,15.58,1,-0.027849999999999996,Trend_Break_Stop
301511,2024-09-02,10.69,2024-09-03,10.98,1,0.025528157156220744,Maximum_Holding_Period
301515,2023-08-30,37.92,2023-08-31,38.68,1,0.018442194092827036,Maximum_Holding_Period
301515,2023-09-12,37.0,2023-09-13,36.38,1,-0.018356756756756697,Maximum_Holding_Period
301516,2026-08-05,15.52,2026-08-06,15.81,1,0.017085567010309433,Maximum_Holding_Period
301517,2025-06-30,39.65,2025-07-01,39.7,1,-0.0003389659520806705,Maximum_Holding_Period
301517,2025-07-01,40.41,2025-07-02,38.83,1,-0.04069923286315264,Trend_Break_Stop
301520,2023-11-01,61.88,2023-11-02,60.77,1,-0.01953794440853258,Trend_Break_Stop
301520,2026-07-27,53.0,2026-07-28,61.02,1,0.14972075471698126,Maximum_Holding_Period
301539,2024-05-21,26.0,2024-05-22,27.86,1,0.06993846153846155,Maximum_Holding_Period
301548,2024-02-22,43.18,2024-02-23,47.48,1,0.09798314034275117,Maximum_Holding_Period
301555,2024-06-14,29.78,2024-06-17,29.53,1,-0.00999489590329079,Trend_Break_Stop
301556,2025-01-10,84.68,2025-01-13,80.446,1,-0.05160000000000015,Extreme_Risk_Stop
301556,2026-02-02,123.24,2026-02-03,117.07799999999999,1,-0.05160000000000004,Extreme_Risk_Stop
301558,2025-05-08,8.52,2025-05-09,8.78,1,0.028916431924882514,Maximum_Holding_Period
301563,2026-06-17,181.03,2026-06-18,198.59,1,0.09540049715516767,Maximum_Holding_Period
301563,2026-06-18,185.72,2026-06-22,201.24,1,0.08196665948740049,Maximum_Holding_Period
301565,2024-09-04,19.06,2024-09-05,18.44,1,-0.03412885624344159,Trend_Break_Stop
301565,2026-07-28,18.61,2026-07-29,19.44,1,0.042999677592692236,Maximum_Holding_Period
301566,2024-02-21,16.66,2024-02-22,17.81,1,0.06742761104441768,Maximum_Holding_Period
301567,2024-02-27,40.0,2024-02-28,39.2,1,-0.021599999999999907,Trend_Break_Stop
301578,2024-07-01,39.34,2024-07-02,37.373000000000005,1,-0.05159999999999993,Extreme_Risk_Stop
301578,2025-06-26,34.9,2025-06-27,35.22,1,0.007569054441260816,Maximum_Holding_Period
301580,2025-06-30,39.95,2025-07-01,40.89,1,0.021929411764705798,Maximum_Holding_Period
301581,2026-07-30,34.4,2026-07-31,34.44,1,-0.000437209302325668,Maximum_Holding_Period
301583,2026-08-11,159.0,2026-08-12,164.0,1,0.029846540880503137,Maximum_Holding_Period
301591,2024-06-19,45.2,2024-06-20,45.46,1,0.004152212389380507,Maximum_Holding_Period
301596,2024-09-02,62.99,2024-09-03,61.83,1,-0.020015621527226645,Trend_Break_Stop
301611,2026-06-04,96.0,2026-06-05,108.01,1,0.12350416666666679,Maximum_Holding_Period
301626,2025-09-09,137.19,2025-09-10,132.65,1,-0.034692791019753595,Trend_Break_Stop
301631,2026-07-27,57.01,2026-07-28,57.3,1,0.0034868268724784117,Maximum_Holding_Period
301632,2025-09-16,32.9,2025-09-17,32.13,1,-0.025004255319148804,Trend_Break_Stop
301636,2026-03-12,82.25,2026-03-13,78.1375,1,-0.05159999999999993,Extreme_Risk_Stop
301638,2026-04-09,26.52,2026-04-10,26.4,1,-0.006124886877828038,Maximum_Holding_Period
301662,2026-03-30,136.86,2026-03-31,135.01,1,-0.015117463100979233,Trend_Break_Stop
301667,2026-07-24,56.0,2026-07-27,56.94,1,0.015185714285714181,Maximum_Holding_Period
301678,2026-08-07,44.34,2026-08-10,45.77,1,0.030650789354984154,Maximum_Holding_Period
301680,2026-04-15,106.27,2026-04-16,106.4,1,-0.00037670085630931837,Trend_Break_Stop
301680,2026-07-24,89.99,2026-07-27,88.7,1,-0.015934926102900215,Maximum_Holding_Period
301683,2026-08-03,99.0,2026-08-04,101.6,1,0.02466262626262621,Maximum_Holding_Period
301687,2026-02-05,60.0,2026-02-06,58.52,1,-0.026266666666666615,Trend_Break_Stop
301687,2026-04-09,52.3,2026-04-10,53.3,1,0.017520458891013436,Maximum_Holding_Period
301696,2026-06-05,128.0,2026-06-08,137.8,1,0.07496250000000008,Maximum_Holding_Period
302132,2021-02-10,12.2,2021-02-18,12.61,1,0.03200655737704921,Maximum_Holding_Period
302132,2024-12-02,68.14,2024-12-03,67.82,1,-0.006296213677722438,Trend_Break_Stop
600009,2021-02-19,59.9,2021-02-22,60.91,1,0.015261435726210238,Maximum_Holding_Period
600021,2022-10-12,9.21,2022-10-13,9.92,1,0.07549011943539612,Maximum_Holding_Period
600032,2021-07-09,11.41,2021-07-12,11.22,1,-0.018252059596844793,Trend_Break_Stop
600051,2022-03-25,8.43,2022-03-28,8.66,1,0.025683511269276416,Maximum_Holding_Period
600063,2022-09-08,8.53,2022-09-09,8.37,1,-0.02035732708089095,Trend_Break_Stop
600067,2022-05-06,3.24,2022-05-09,3.32,1,0.023091358024691245,Maximum_Holding_Period
600067,2024-02-21,1.81,2024-02-22,1.91,1,0.05364861878453025,Maximum_Holding_Period
600067,2024-02-27,1.97,2024-02-28,1.91,1,-0.03205685279187815,Trend_Break_Stop
600067,2026-07-15,2.78,2026-07-16,2.84,1,0.019982733812949727,Maximum_Holding_Period
600070,2022-05-10,4.97,2022-05-11,4.96,1,-0.003612072434607548,Trend_Break_Stop
600070,2024-05-17,1.06,2024-05-20,1.1,1,0.03613584905660377,Maximum_Holding_Period
600070,2025-02-07,1.28,2025-02-10,1.35,1,0.0530875,Maximum_Holding_Period
600075,2022-05-06,5.84,2022-05-09,5.95,1,0.017235616438356294,Maximum_Holding_Period
600076,2024-08-02,1.52,2024-08-05,1.51,1,-0.008178947368421018,Trend_Break_Stop
600078,2022-01-10,10.1,2022-01-11,9.594999999999999,1,-0.05160000000000004,Extreme_Risk_Stop
600078,2024-02-26,5.57,2024-02-27,5.75,1,0.030715978456014304,Maximum_Holding_Period
600078,2024-02-27,5.62,2024-02-28,5.5,1,-0.02295231316725983,Trend_Break_Stop
600081,2021-01-20,13.7,2021-01-21,13.52,1,-0.014738686131386802,Trend_Break_Stop
600083,2024-07-04,1.76,2024-07-05,1.672,1,-0.05160000000000004,Extreme_Risk_Stop
600084,2026-05-21,4.98,2026-05-22,4.91,1,-0.015656224899598458,Trend_Break_Stop
600086,2020-05-07,1.63,2020-05-08,1.56,1,-0.04454478527607348,Maximum_Holding_Period
600088,2023-06-06,15.15,2023-06-07,18.5,1,0.21952211221122103,Maximum_Holding_Period
600088,2024-03-07,24.02,2024-03-08,22.819,1,-0.05160000000000004,Extreme_Risk_Stop
600093,2022-02-11,1.97,2022-02-14,1.8715,1,-0.05160000000000004,Extreme_Risk_Stop
600095,2020-02-10,8.52,2020-02-11,8.72,1,0.021874178403755985,Maximum_Holding_Period
600095,2020-09-16,15.11,2020-09-17,14.354499999999998,1,-0.05160000000000004,Extreme_Risk_Stop
600096,2021-10-20,24.2,2021-10-21,27.35,1,0.12856528925619842,Maximum_Holding_Period
600107,2020-06-10,7.35,2020-06-11,7.27,1,-0.012484353741496656,Trend_Break_Stop
600110,2022-05-06,8.58,2022-05-09,8.74,1,0.017048018648018682,Maximum_Holding_Period
600111,2026-03-26,47.35,2026-03-27,47.27,1,-0.003289545934530079,Maximum_Holding_Period
600118,2026-02-05,94.98,2026-02-06,90.231,1,-0.05160000000000004,Extreme_Risk_Stop
600118,2026-06-04,80.0,2026-06-05,84.95,1,0.06027500000000013,Maximum_Holding_Period
600118,2026-06-08,82.0,2026-06-09,77.89999999999999,1,-0.05160000000000015,Extreme_Risk_Stop
600118,2026-08-11,65.77,2026-08-12,65.57,1,-0.004640900106431543,Trend_Break_Stop
600119,2024-02-28,7.9,2024-02-29,7.505,1,-0.05160000000000004,Extreme_Risk_Stop
600119,2025-01-17,8.18,2025-01-20,8.28,1,0.010624938875305513,Maximum_Holding_Period
600120,2025-03-07,7.29,2025-03-10,7.05,1,-0.03452181069958855,Trend_Break_Stop
600121,2021-03-04,4.76,2021-03-05,5.87,1,0.23159327731092444,Maximum_Holding_Period
600121,2022-07-15,5.53,2022-07-18,5.64,1,0.01829150090415892,Maximum_Holding_Period
600122,2020-02-12,2.08,2020-02-13,2.1,1,0.00801538461538458,Maximum_Holding_Period
600122,2020-05-28,1.11,2020-05-29,1.09,1,-0.019618018018018057,Trend_Break_Stop
600130,2026-06-17,4.72,2026-06-18,4.73,1,0.0005186440677967157,Maximum_Holding_Period
600133,2022-05-06,5.37,2022-05-09,5.84,1,0.0859232774674115,Maximum_Holding_Period
600136,2022-05-06,3.54,2022-05-09,3.363,1,-0.05160000000000004,Extreme_Risk_Stop
600141,2021-10-20,40.5,2021-10-21,47.68,1,0.17568395061728387,Maximum_Holding_Period
600141,2026-03-30,33.5,2026-03-31,33.38,1,-0.00518208955223871,Trend_Break_Stop
600145,2020-08-05,1.52,2020-08-06,1.48,1,-0.027915789473684182,Trend_Break_Stop
600145,2021-11-15,1.48,2021-11-16,1.406,1,-0.05160000000000004,Extreme_Risk_Stop
600146,2020-07-31,2.01,2020-08-03,2.01,1,-0.0015999999999999999,Trend_Break_Stop
600148,2024-02-20,11.1,2024-02-21,12.47,1,0.12182342342342349,Maximum_Holding_Period
600151,2026-02-04,15.6,2026-02-05,15.9,1,0.017630769230769384,Maximum_Holding_Period
600152,2026-07-28,7.47,2026-07-29,7.7,1,0.029189825970549022,Maximum_Holding_Period
600156,2024-04-30,3.98,2024-05-06,4.02,1,0.008450251256281228,Maximum_Holding_Period
600156,2026-07-02,8.52,2026-07-03,9.52,1,0.11577089201877926,Maximum_Holding_Period
600156,2026-07-28,7.15,2026-07-29,7.39,1,0.03196643356643341,Maximum_Holding_Period
600157,2020-10-14,1.35,2020-10-15,1.37,1,0.013214814814814835,Maximum_Holding_Period
600157,2020-10-16,1.36,2020-10-19,1.35,1,-0.008952941176470563,Trend_Break_Stop
600158,2020-09-17,11.9,2020-09-18,12.8,1,0.07403025210084029,Maximum_Holding_Period
600159,2022-01-06,3.2,2022-01-07,3.38,1,0.054649999999999914,Maximum_Holding_Period
600159,2022-01-10,3.32,2022-01-11,3.33,1,0.001412048192771122,Maximum_Holding_Period
600159,2022-01-20,3.4,2022-01-21,3.23,1,-0.05159999999999993,Extreme_Risk_Stop
600159,2024-02-20,2.48,2024-02-21,2.61,1,0.050819354838709745,Maximum_Holding_Period
600160,2021-10-20,14.5,2021-10-21,15.1,1,0.03977931034482767,Maximum_Holding_Period
600160,2026-07-24,40.1,2026-07-27,40.16,1,-0.00010374064837921203,Maximum_Holding_Period
600162,2024-07-04,1.4,2024-07-05,1.36,1,-0.03017142857142847,Trend_Break_Stop
600163,2020-02-11,3.21,2020-02-12,3.28,1,0.020206853582554408,Maximum_Holding_Period
600165,2021-11-15,9.05,2021-11-16,9.1,1,0.003924861878452914,Trend_Break_Stop
600165,2024-06-19,1.36,2024-06-20,1.51,1,0.10869411764705865,Maximum_Holding_Period
600168,2020-03-27,7.68,2020-03-30,7.295999999999999,1,-0.05160000000000004,Extreme_Risk_Stop
600172,2020-04-10,3.01,2020-04-13,2.8594999999999997,1,-0.05160000000000004,Extreme_Risk_Stop
600172,2024-12-25,4.5,2024-12-26,4.2749999999999995,1,-0.05160000000000015,Extreme_Risk_Stop
600172,2025-01-06,4.17,2025-01-07,4.75,1,0.1374887290167866,Maximum_Holding_Period
600173,2022-05-05,5.14,2022-05-06,5.03,1,-0.023000778210116656,Trend_Break_Stop
600173,2022-05-06,5.14,2022-05-09,5.13,1,-0.0035455252918287867,Maximum_Holding_Period
600175,2020-02-21,1.54,2020-02-24,1.63,1,0.0568415584415583,Maximum_Holding_Period
600178,2024-01-17,13.01,2024-01-18,12.359499999999999,1,-0.05160000000000004,Extreme_Risk_Stop
600185,2022-05-06,5.15,2022-05-09,5.0,1,-0.03072621359223311,Trend_Break_Stop
600186,2026-06-08,9.68,2026-06-09,11.54,1,0.1905487603305785,Maximum_Holding_Period
600187,2026-06-01,1.31,2026-06-02,1.47,1,0.12053740458015265,Maximum_Holding_Period
600189,2020-09-21,5.71,2020-09-22,5.91,1,0.03342626970227674,Maximum_Holding_Period
600190,2022-04-06,3.85,2022-04-07,3.76,1,-0.024976623376623496,Trend_Break_Stop
600190,2022-05-10,3.23,2022-05-11,3.26,1,0.007687925696594313,Maximum_Holding_Period
600191,2020-04-22,7.53,2020-04-23,9.09,1,0.2055713147410359,Maximum_Holding_Period
600191,2020-05-08,6.99,2020-05-11,6.79,1,-0.030212303290414865,Trend_Break_Stop
600191,2021-03-05,3.8,2021-03-08,4.45,1,0.16945263157894758,Maximum_Holding_Period
600191,2021-05-13,2.62,2021-05-14,2.75,1,0.04801832061068705,Maximum_Holding_Period
600191,2024-02-27,4.73,2024-02-28,5.31,1,0.12102156448202943,Maximum_Holding_Period
600192,2022-01-06,6.03,2022-01-07,5.77,1,-0.04471774461028206,Trend_Break_Stop
600196,2021-08-26,68.86,2021-08-27,65.417,1,-0.05159999999999993,Extreme_Risk_Stop
600198,2021-02-24,6.38,2021-02-25,6.43,1,0.006236990595611271,Trend_Break_Stop
600198,2021-02-25,6.63,2021-02-26,6.2985,1,-0.05160000000000004,Extreme_Risk_Stop
600198,2024-11-12,12.68,2024-11-13,12.46,1,-0.018950157728706517,Maximum_Holding_Period
600199,2021-01-22,16.3,2021-01-25,15.485,1,-0.05160000000000004,Extreme_Risk_Stop
600199,2021-03-03,12.51,2021-03-04,11.8845,1,-0.05160000000000004,Extreme_Risk_Stop
600199,2022-04-01,23.7,2022-04-06,24.85,1,0.04692320675105504,Maximum_Holding_Period
600199,2022-04-06,24.16,2022-04-07,26.75,1,0.10560198675496694,Maximum_Holding_Period
600200,2020-03-10,8.38,2020-03-11,8.13,1,-0.031432935560859195,Trend_Break_Stop
600200,2025-05-30,2.75,2025-06-03,2.6125,1,-0.05160000000000004,Extreme_Risk_Stop
600201,2026-06-10,11.73,2026-06-11,11.93,1,0.01545029838022165,Maximum_Holding_Period
600203,2020-04-10,9.54,2020-04-13,9.062999999999999,1,-0.05160000000000004,Extreme_Risk_Stop
600203,2023-05-19,5.98,2023-05-22,6.0,1,0.0017444816053511685,Maximum_Holding_Period
600207,2026-04-20,5.64,2026-04-21,5.65,1,0.0001730496453902679,Maximum_Holding_Period
600211,2022-04-28,32.34,2022-04-29,35.13,1,0.0846708719851577,Maximum_Holding_Period
600213,2022-07-21,9.6,2022-07-22,9.64,1,0.002566666666666874,Maximum_Holding_Period
600215,2020-03-06,9.25,2020-03-09,8.81,1,-0.04916756756756752,Trend_Break_Stop
600215,2020-05-20,5.92,2020-05-21,6.01,1,0.01360270270270263,Maximum_Holding_Period
600215,2020-05-26,6.14,2020-05-27,5.89,1,-0.04231661237785018,Trend_Break_Stop
600218,2022-05-05,7.85,2022-05-06,7.89,1,0.0034955414012738844,Maximum_Holding_Period
600218,2022-05-06,7.83,2022-05-09,8.14,1,0.03799131545338446,Maximum_Holding_Period
600221,2024-11-21,1.8,2024-11-22,1.71,1,-0.05160000000000004,Extreme_Risk_Stop
600221,2024-11-29,1.75,2024-12-02,1.91,1,0.08982857142857141,Maximum_Holding_Period
600223,2020-03-30,6.98,2020-03-31,6.7,1,-0.04171461318051579,Trend_Break_Stop
600223,2021-03-19,11.56,2021-03-22,12.12,1,0.04684290657439432,Maximum_Holding_Period
600223,2022-05-06,8.41,2022-05-09,8.27,1,-0.01824684898929847,Trend_Break_Stop
600228,2023-05-25,11.63,2023-05-26,11.0485,1,-0.05160000000000004,Extreme_Risk_Stop
600228,2025-12-31,5.64,2026-01-05,5.72,1,0.012584397163120587,Maximum_Holding_Period
600230,2026-03-30,18.14,2026-03-31,18.6,1,0.02375832414553485,Maximum_Holding_Period
600232,2024-04-29,4.6,2024-04-30,4.75,1,0.031008695652174057,Maximum_Holding_Period
600232,2025-06-26,6.42,2025-06-27,6.41,1,-0.0031576323987538386,Maximum_Holding_Period
600235,2020-02-10,4.49,2020-02-11,4.59,1,0.020671714922048823,Maximum_Holding_Period
600238,2021-05-24,13.8,2021-05-25,15.31,1,0.10782028985507246,Maximum_Holding_Period
600238,2021-08-12,21.03,2021-08-13,20.48,1,-0.02775311459819314,Trend_Break_Stop
600238,2025-01-02,7.52,2025-01-03,7.38,1,-0.020217021276595703,Trend_Break_Stop
600239,2023-08-18,2.92,2023-08-21,2.85,1,-0.025572602739726013,Trend_Break_Stop
600239,2024-11-29,3.08,2024-12-02,3.17,1,0.027620779220779258,Maximum_Holding_Period
600241,2020-02-11,4.05,2020-02-12,4.15,1,0.023091358024691467,Maximum_Holding_Period
600242,2022-05-16,2.03,2022-05-17,1.9284999999999997,1,-0.05160000000000004,Extreme_Risk_Stop
600243,2021-10-11,5.11,2021-10-12,5.03,1,-0.017255577299412916,Trend_Break_Stop
600243,2025-04-17,2.74,2025-04-18,2.603,1,-0.05160000000000004,Extreme_Risk_Stop
600246,2022-05-06,7.96,2022-05-09,8.22,1,0.031063316582914658,Maximum_Holding_Period
600246,2024-07-24,6.2,2024-07-25,6.09,1,-0.01934193548387104,Trend_Break_Stop
600247,2020-06-01,1.81,2020-06-02,1.85,1,0.020499447513812098,Maximum_Holding_Period
600247,2020-12-30,1.21,2020-12-31,1.1495,1,-0.05160000000000004,Extreme_Risk_Stop
600249,2025-05-19,5.89,2025-05-20,6.21,1,0.05272937181663844,Maximum_Holding_Period
600255,2020-02-13,1.26,2020-02-14,1.25,1,-0.009536507936507909,Maximum_Holding_Period
600255,2024-02-21,1.6,2024-02-22,1.67,1,0.04214999999999996,Maximum_Holding_Period
600257,2021-05-11,6.01,2021-05-12,6.98,1,0.15979767054908495,Maximum_Holding_Period
600257,2022-02-10,6.1,2022-02-11,5.89,1,-0.036026229508196735,Trend_Break_Stop
600257,2022-05-18,5.42,2022-05-19,5.65,1,0.040835424354243526,Maximum_Holding_Period
600257,2024-02-21,4.55,2024-02-22,4.84,1,0.062136263736263735,Maximum_Holding_Period
600259,2021-10-20,49.0,2021-10-21,51.8,1,0.055542857142857165,Maximum_Holding_Period
600259,2021-10-22,51.0,2021-10-25,48.449999999999996,1,-0.05160000000000004,Extreme_Risk_Stop
600260,2022-01-05,3.2,2022-01-06,3.19,1,-0.004725000000000044,Maximum_Holding_Period
600262,2026-03-30,24.88,2026-03-31,24.35,1,-0.022902250803858392,Trend_Break_Stop
600272,2023-09-15,12.85,2023-09-18,13.52,1,0.05054007782101171,Maximum_Holding_Period
600277,2022-05-05,4.41,2022-05-06,4.5,1,0.018808163265306144,Maximum_Holding_Period
600280,2023-08-30,4.29,2023-08-31,4.19,1,-0.024910023310023188,Trend_Break_Stop
600280,2023-08-31,4.31,2023-09-01,4.61,1,0.06800556844547571,Maximum_Holding_Period
600280,2023-12-28,3.72,2023-12-29,3.78,1,0.014529032258064501,Maximum_Holding_Period
600280,2024-09-06,2.65,2024-09-09,2.67,1,0.005947169811320753,Maximum_Holding_Period
600280,2025-01-03,4.3,2025-01-06,4.085,1,-0.05159999999999993,Extreme_Risk_Stop
600280,2026-01-08,4.06,2026-01-09,4.32,1,0.06243940886699533,Maximum_Holding_Period
600283,2022-07-14,15.42,2022-07-15,14.649,1,-0.05160000000000004,Extreme_Risk_Stop
600289,2026-07-28,4.34,2026-07-29,4.6,1,0.05830783410138234,Maximum_Holding_Period
600290,2020-05-28,1.1,2020-05-29,1.11,1,0.0074909090909090386,Maximum_Holding_Period
600291,2020-08-05,10.94,2020-08-06,10.87,1,-0.007998537477148137,Trend_Break_Stop
600291,2021-02-26,3.52,2021-03-01,3.57,1,0.012604545454545413,Maximum_Holding_Period
600291,2021-05-25,2.21,2021-05-26,2.2,1,-0.006124886877827927,Maximum_Holding_Period
600291,2022-02-18,4.46,2022-02-21,4.46,1,-0.0015999999999999999,Maximum_Holding_Period
600292,2021-01-19,6.37,2021-01-20,6.18,1,-0.03142731554160134,Trend_Break_Stop
600295,2021-04-08,16.75,2021-04-09,16.6,1,-0.010555223880596886,Maximum_Holding_Period
600295,2021-10-20,28.44,2021-10-21,30.0,1,0.053252320675105484,Maximum_Holding_Period
600295,2021-10-28,32.0,2021-10-29,30.4,1,-0.05160000000000004,Extreme_Risk_Stop
600300,2021-02-02,3.88,2021-02-03,3.77,1,-0.029950515463917537,Trend_Break_Stop
600302,2025-04-16,4.94,2025-04-17,4.86,1,-0.01779433198380571,Trend_Break_Stop
600302,2026-07-03,8.51,2026-07-06,8.0845,1,-0.05159999999999993,Extreme_Risk_Stop
600302,2026-08-03,6.17,2026-08-04,6.12,1,-0.009703727714748766,Maximum_Holding_Period
600303,2022-05-20,3.5,2022-05-23,3.71,1,0.058400000000000056,Maximum_Holding_Period
600303,2024-02-22,3.02,2024-02-23,3.19,1,0.05469139072847678,Maximum_Holding_Period
600306,2020-02-11,4.76,2020-02-12,4.83,1,0.013105882352941346,Maximum_Holding_Period
600310,2024-06-14,3.81,2024-06-17,3.7,1,-0.030471391076115472,Trend_Break_Stop
600310,2026-04-27,4.99,2026-04-28,5.31,1,0.06252825651302589,Maximum_Holding_Period
600310,2026-04-28,5.16,2026-04-29,5.06,1,-0.020979844961240456,Trend_Break_Stop
600310,2026-04-29,5.18,2026-04-30,4.920999999999999,1,-0.05160000000000004,Extreme_Risk_Stop
600311,2020-02-14,2.9,2020-02-17,2.93,1,0.008744827586207028,Maximum_Holding_Period
600313,2020-02-10,2.79,2020-02-11,2.98,1,0.06650035842293915,Maximum_Holding_Period
600318,2020-03-23,9.9,2020-03-24,10.47,1,0.055975757575757616,Maximum_Holding_Period
600318,2020-08-04,11.77,2020-08-05,13.48,1,0.14368462192013604,Maximum_Holding_Period
600318,2022-01-13,11.81,2022-01-14,11.2195,1,-0.05160000000000004,Extreme_Risk_Stop
600318,2024-03-01,7.8,2024-03-04,7.56,1,-0.03236923076923077,Trend_Break_Stop
600318,2024-11-29,9.21,2024-12-02,10.0,1,0.08417633007600415,Maximum_Holding_Period
600318,2026-04-09,7.64,2026-04-10,7.67,1,0.0023267015706807575,Maximum_Holding_Period
600319,2024-04-29,4.01,2024-04-30,4.1,1,0.02084389027431426,Maximum_Holding_Period
600326,2020-09-22,8.61,2020-09-23,8.27,1,-0.04108896631823462,Trend_Break_Stop
600327,2020-02-12,4.31,2020-02-13,4.28,1,-0.00856055684454744,Trend_Break_Stop
600328,2021-10-20,20.71,2021-10-21,22.39,1,0.07952023177209071,Maximum_Holding_Period
600328,2021-10-22,21.83,2021-10-25,20.7385,1,-0.05160000000000004,Extreme_Risk_Stop
600329,2022-05-05,19.26,2022-05-06,19.56,1,0.01397632398753883,Maximum_Holding_Period
600329,2022-05-06,19.5,2022-05-09,20.02,1,0.025066666666666616,Maximum_Holding_Period
600335,2022-05-06,6.2,2022-05-09,6.37,1,0.025819354838709608,Maximum_Holding_Period
600336,2020-03-30,4.93,2020-03-31,4.77,1,-0.03405436105476673,Trend_Break_Stop
600336,2024-02-21,4.25,2024-02-22,4.45,1,0.04545882352941182,Maximum_Holding_Period
600338,2022-05-06,18.8,2022-05-09,19.47,1,0.03403829787234041,Maximum_Holding_Period
600340,2024-11-20,2.8,2024-11-21,2.88,1,0.02697142857142869,Maximum_Holding_Period
600340,2024-11-22,2.8,2024-11-25,2.73,1,-0.026599999999999912,Trend_Break_Stop
600340,2024-11-29,2.85,2024-12-02,3.17,1,0.11068070175438587,Maximum_Holding_Period
600340,2026-02-05,1.64,2026-02-06,1.68,1,0.022790243902439045,Maximum_Holding_Period
600343,2024-02-21,7.42,2024-02-22,7.66,1,0.030745013477089068,Maximum_Holding_Period
600343,2026-01-30,35.14,2026-02-02,36.51,1,0.03738690950483763,Maximum_Holding_Period
600343,2026-02-04,36.93,2026-02-05,35.0835,1,-0.05159999999999993,Extreme_Risk_Stop
600343,2026-08-11,19.58,2026-08-12,20.02,1,0.020871910112359605,Trend_Break_Stop
600345,2026-08-05,42.3,2026-08-06,46.42,1,0.09579952718676137,Maximum_Holding_Period
600348,2021-10-20,11.11,2021-10-21,11.55,1,0.03800396039603964,Trend_Break_Stop
600348,2022-04-29,10.74,2022-05-05,10.54,1,-0.02022197392923659,Maximum_Holding_Period
600351,2022-05-06,5.99,2022-05-09,6.26,1,0.04347512520868096,Maximum_Holding_Period
600354,2022-05-09,5.57,2022-05-10,5.94,1,0.06482728904847405,Maximum_Holding_Period
600354,2022-05-10,5.61,2022-05-11,5.73,1,0.019790374331550887,Trend_Break_Stop
600355,2020-04-08,3.24,2020-04-09,3.48,1,0.07247407407407395,Maximum_Holding_Period
600355,2022-05-10,2.72,2022-05-11,2.76,1,0.013105882352941123,Maximum_Holding_Period
600355,2025-01-17,3.18,2025-01-20,3.021,1,-0.05160000000000004,Extreme_Risk_Stop
600355,2025-04-11,3.12,2025-04-14,3.36,1,0.07532307692307687,Maximum_Holding_Period
600358,2022-05-06,5.28,2022-05-09,5.45,1,0.030596969696969723,Trend_Break_Stop
600360,2020-04-08,8.08,2020-04-09,8.11,1,0.0021128712871286053,Trend_Break_Stop
600360,2021-02-23,6.69,2021-02-24,6.84,1,0.020821524663676972,Maximum_Holding_Period
600360,2024-06-17,2.72,2024-06-18,2.8,1,0.027811764705882248,Maximum_Holding_Period
600363,2022-05-06,17.57,2022-05-09,17.88,1,0.01604371087080252,Maximum_Holding_Period
600363,2026-08-05,24.64,2026-08-06,23.407999999999998,1,-0.05160000000000015,Extreme_Risk_Stop
600365,2021-02-19,1.96,2021-02-22,2.07,1,0.054522448979591735,Maximum_Holding_Period
600367,2021-10-20,17.2,2021-10-21,18.2,1,0.056539534883721036,Maximum_Holding_Period
600367,2022-05-06,18.16,2022-05-09,18.44,1,0.01381850220264318,Trend_Break_Stop
600367,2022-05-12,19.17,2022-05-13,18.2115,1,-0.05160000000000004,Extreme_Risk_Stop
600367,2026-04-14,20.8,2026-04-15,20.23,1,-0.029003846153846168,Trend_Break_Stop
600368,2024-07-02,3.66,2024-07-03,3.68,1,0.003864480874316946,Maximum_Holding_Period
600368,2024-07-03,3.69,2024-07-04,3.65,1,-0.01244010840108407,Trend_Break_Stop
600368,2025-01-15,4.6,2025-01-16,4.46,1,-0.032034782608695585,Trend_Break_Stop
600370,2026-06-11,1.37,2026-06-12,1.46,1,0.06409343065693411,Maximum_Holding_Period
600371,2020-02-12,11.11,2020-02-13,11.77,1,0.05780594059405946,Maximum_Holding_Period
600375,2022-05-06,6.82,2022-05-09,6.83,1,-0.00013372434017595424,Maximum_Holding_Period
600375,2024-04-10,4.75,2024-04-11,5.29,1,0.11208421052631583,Maximum_Holding_Period
600376,2022-05-05,5.57,2022-05-06,5.2915,1,-0.05160000000000004,Extreme_Risk_Stop
600376,2025-10-23,6.3,2025-10-24,6.25,1,-0.009536507936507909,Trend_Break_Stop
600379,2022-05-06,9.03,2022-05-09,9.07,1,0.0028296788482836026,Maximum_Holding_Period
600379,2026-05-28,13.9,2026-05-29,13.205,1,-0.05160000000000004,Extreme_Risk_Stop
600379,2026-07-29,11.68,2026-07-30,11.096,1,-0.05159999999999993,Extreme_Risk_Stop
600381,2021-01-22,7.26,2021-01-25,7.29,1,0.002532231404958775,Trend_Break_Stop
600381,2022-05-06,15.19,2022-05-09,14.430499999999999,1,-0.05160000000000004,Extreme_Risk_Stop
600381,2026-02-12,3.15,2026-02-13,2.9924999999999997,1,-0.05160000000000004,Extreme_Risk_Stop
600387,2020-02-11,7.31,2020-02-12,7.49,1,0.023023803009576006,Maximum_Holding_Period
600387,2024-02-22,4.9,2024-02-23,5.09,1,0.037175510204081434,Maximum_Holding_Period
600389,2021-11-02,41.18,2021-11-03,42.63,1,0.03361126760563398,Maximum_Holding_Period
600390,2024-12-04,7.28,2024-12-05,7.23,1,-0.008468131868131844,Trend_Break_Stop
600391,2020-04-08,17.13,2020-04-09,18.27,1,0.06494991243432584,Maximum_Holding_Period
600395,2021-10-20,8.51,2021-10-21,9.19,1,0.0783059929494712,Trend_Break_Stop
600396,2026-06-30,15.8,2026-07-01,15.01,1,-0.05160000000000004,Extreme_Risk_Stop
600397,2020-02-12,2.35,2020-02-13,2.34,1,-0.005855319148936287,Trend_Break_Stop
600397,2026-04-09,14.58,2026-04-10,14.58,1,-0.0015999999999999999,Maximum_Holding_Period
600400,2020-02-25,4.05,2020-02-26,4.05,1,-0.0015999999999999999,Maximum_Holding_Period
600400,2025-10-15,2.86,2025-10-16,2.92,1,0.019379020979021045,Maximum_Holding_Period
600400,2026-07-23,2.64,2026-07-24,2.56,1,-0.03190303030303027,Maximum_Holding_Period
600400,2026-07-24,2.61,2026-07-27,2.67,1,0.021388505747126408,Maximum_Holding_Period
600403,2021-01-22,4.42,2021-01-25,4.199,1,-0.05160000000000004,Extreme_Risk_Stop
600403,2021-01-28,4.28,2021-01-29,4.066,1,-0.05160000000000004,Extreme_Risk_Stop
600403,2021-05-13,3.53,2021-05-14,3.3534999999999995,1,-0.05160000000000004,Extreme_Risk_Stop
600403,2022-05-06,5.07,2022-05-09,4.99,1,-0.017379092702169596,Trend_Break_Stop
600403,2025-12-03,8.18,2025-12-04,8.31,1,0.01429242053789741,Trend_Break_Stop
600405,2022-01-14,7.65,2022-01-17,7.63,1,-0.004214379084967422,Maximum_Holding_Period
600408,2020-05-28,1.79,2020-05-29,1.81,1,0.009573184357541998,Maximum_Holding_Period
600408,2025-12-05,5.14,2025-12-08,5.08,1,-0.013273151750972722,Trend_Break_Stop
600409,2021-03-17,11.76,2021-03-18,12.73,1,0.08088299319727903,Maximum_Holding_Period
600409,2022-05-06,6.55,2022-05-09,6.33,1,-0.03518778625954195,Trend_Break_Stop
600409,2026-03-30,7.2,2026-03-31,6.94,1,-0.03771111111111109,Trend_Break_Stop
600409,2026-04-08,7.21,2026-04-09,7.28,1,0.008108737864077665,Maximum_Holding_Period
600410,2025-01-13,6.99,2025-01-14,7.43,1,0.06134706723891275,Maximum_Holding_Period
600418,2022-05-05,7.78,2022-05-06,7.79,1,-0.0003146529562982432,Maximum_Holding_Period
600418,2022-05-06,7.84,2022-05-09,7.76,1,-0.011804081632653073,Trend_Break_Stop
600418,2022-10-13,13.96,2022-10-14,14.25,1,0.01917363896848139,Maximum_Holding_Period
600418,2022-10-17,14.11,2022-10-18,14.47,1,0.023913819985825802,Maximum_Holding_Period
600418,2026-06-17,32.8,2026-06-18,31.159999999999997,1,-0.05160000000000004,Extreme_Risk_Stop
600418,2026-07-13,24.21,2026-07-14,22.9995,1,-0.05159999999999993,Extreme_Risk_Stop
600422,2022-02-09,9.9,2022-02-10,10.52,1,0.06102626262626259,Maximum_Holding_Period
600423,2022-05-19,3.63,2022-05-20,3.74,1,0.028703030303030497,Maximum_Holding_Period
600423,2026-04-28,2.83,2026-04-29,3.07,1,0.08320565371024728,Maximum_Holding_Period
600423,2026-04-29,2.91,2026-04-30,3.09,1,0.06025567010309279,Maximum_Holding_Period
600425,2022-04-28,4.01,2022-04-29,4.2,1,0.04578154613466339,Maximum_Holding_Period
600426,2026-07-22,20.21,2026-07-23,21.42,1,0.058271350816427474,Maximum_Holding_Period
600444,2024-02-20,10.26,2024-02-21,11.75,1,0.14362417153996115,Maximum_Holding_Period
600448,2020-04-08,5.44,2020-04-09,5.45,1,0.00023823529411752965,Maximum_Holding_Period
600448,2025-06-06,3.84,2025-06-09,3.77,1,-0.01982916666666663,Maximum_Holding_Period
600448,2025-06-12,3.87,2025-06-13,3.6765,1,-0.05160000000000004,Extreme_Risk_Stop
600452,2026-04-09,11.48,2026-04-10,11.66,1,0.014079442508710783,Maximum_Holding_Period
600452,2026-04-13,11.59,2026-04-14,12.12,1,0.044129076790336445,Maximum_Holding_Period
600460,2026-08-11,31.81,2026-08-12,32.85,1,0.03109412134548899,Maximum_Holding_Period
600462,2025-01-10,1.47,2025-01-13,1.47,1,-0.0015999999999999999,Maximum_Holding_Period
600463,2024-06-17,8.16,2024-06-18,8.25,1,0.009429411764705842,Maximum_Holding_Period
600466,2022-01-11,2.19,2022-01-12,2.15,1,-0.0198648401826484,Trend_Break_Stop
600468,2023-08-31,5.73,2023-09-01,5.74,1,0.0001452006980802627,Maximum_Holding_Period
600470,2022-05-06,7.14,2022-05-09,7.3,1,0.020808963585434093,Maximum_Holding_Period
600470,2026-07-30,5.45,2026-07-31,5.41,1,-0.008939449541284405,Maximum_Holding_Period
600476,2022-05-09,11.68,2022-05-10,12.24,1,0.04634520547945203,Maximum_Holding_Period
600476,2024-02-20,12.53,2024-02-21,13.32,1,0.06144868316041512,Maximum_Holding_Period
600478,2020-02-10,4.16,2020-02-11,4.37,1,0.048880769230769165,Maximum_Holding_Period
600478,2022-05-10,5.22,2022-05-11,5.27,1,0.00797854406130254,Trend_Break_Stop
600479,2022-05-06,9.15,2022-05-09,9.42,1,0.02790819672131133,Maximum_Holding_Period
600481,2020-10-13,4.64,2020-10-14,4.55,1,-0.0209965517241379,Trend_Break_Stop
600481,2026-03-11,7.9,2026-03-12,7.505,1,-0.05160000000000004,Extreme_Risk_Stop
600481,2026-03-25,7.11,2026-03-26,6.95,1,-0.024103516174402272,Trend_Break_Stop
600483,2021-10-21,15.38,2021-10-22,14.68,1,-0.04711365409622898,Trend_Break_Stop
600490,2022-03-28,4.5,2022-03-29,4.39,1,-0.02604444444444449,Trend_Break_Stop
600490,2026-03-30,7.48,2026-03-31,7.63,1,0.018453475935828845,Maximum_Holding_Period
600497,2026-07-24,9.2,2026-07-27,9.2,1,-0.0015999999999999999,Maximum_Holding_Period
600499,2022-01-25,18.9,2022-01-26,18.72,1,-0.01112380952380949,Maximum_Holding_Period
600501,2022-05-06,8.83,2022-05-09,9.56,1,0.08107270668176673,Maximum_Holding_Period
600501,2022-05-09,9.07,2022-05-10,9.99,1,0.09983329658213895,Maximum_Holding_Period
600501,2024-08-23,16.02,2024-08-26,15.219,1,-0.05160000000000004,Extreme_Risk_Stop
600501,2026-01-26,29.0,2026-01-27,27.549999999999997,1,-0.05160000000000004,Extreme_Risk_Stop
600503,2026-07-06,2.12,2026-07-07,2.014,1,-0.05160000000000015,Extreme_Risk_Stop
600505,2026-07-02,11.22,2026-07-03,11.01,1,-0.020316577540107027,Maximum_Holding_Period
600506,2023-12-06,14.24,2023-12-07,13.61,1,-0.0458415730337079,Trend_Break_Stop
600506,2024-04-22,11.01,2024-04-23,10.66,1,-0.03338928247048129,Trend_Break_Stop
600506,2026-03-31,21.82,2026-04-01,21.57,1,-0.013057378551787301,Maximum_Holding_Period
600509,2026-07-21,7.44,2026-07-22,7.59,1,0.018561290322580516,Maximum_Holding_Period
600510,2022-05-06,8.6,2022-05-09,9.59,1,0.11351627906976751,Maximum_Holding_Period
600512,2022-04-28,3.59,2022-04-29,3.4105,1,-0.05160000000000004,Extreme_Risk_Stop
600513,2020-03-10,15.2,2020-03-11,14.44,1,-0.05159999999999993,Extreme_Risk_Stop
600513,2025-09-10,22.13,2025-09-11,21.0235,1,-0.05160000000000004,Extreme_Risk_Stop
600513,2026-04-16,23.3,2026-04-17,22.134999999999998,1,-0.05160000000000015,Extreme_Risk_Stop
600516,2020-07-03,6.55,2020-07-06,7.29,1,0.11137709923664123,Maximum_Holding_Period
600518,2020-10-16,3.41,2020-10-19,3.36,1,-0.016262756598240568,Trend_Break_Stop
600520,2020-04-17,8.67,2020-04-20,8.2365,1,-0.05160000000000004,Extreme_Risk_Stop
600520,2022-03-22,10.5,2022-03-23,11.24,1,0.06887619047619058,Maximum_Holding_Period
600520,2022-10-13,10.5,2022-10-14,11.02,1,0.04792380952380953,Maximum_Holding_Period
600520,2023-12-27,26.87,2023-12-28,26.98,1,0.00249378489021206,Trend_Break_Stop
600520,2024-11-29,36.09,2024-12-02,37.26,1,0.030818952618453733,Maximum_Holding_Period
600523,2022-05-05,17.4,2022-05-06,18.0,1,0.03288275862068973,Maximum_Holding_Period
600523,2022-05-06,17.48,2022-05-09,17.7,1,0.010985812356979308,Maximum_Holding_Period
600526,2021-04-08,7.29,2021-04-09,6.9254999999999995,1,-0.05160000000000004,Extreme_Risk_Stop
600527,2020-03-26,2.46,2020-03-27,2.42,1,-0.017860162601625994,Maximum_Holding_Period
600530,2020-05-13,2.74,2020-05-14,2.75,1,0.0020496350364962905,Maximum_Holding_Period
600531,2026-07-24,11.52,2026-07-27,11.69,1,0.013156944444444419,Maximum_Holding_Period
600533,2022-05-06,3.83,2022-05-09,3.92,1,0.021898694516971285,Maximum_Holding_Period
600533,2025-01-10,2.32,2025-01-13,2.2039999999999997,1,-0.05160000000000004,Extreme_Risk_Stop
600536,2021-02-23,58.02,2021-02-24,58.77,1,0.01132657704239919,Trend_Break_Stop
600536,2022-06-21,41.3,2022-06-22,39.23499999999999,1,-0.05160000000000015,Extreme_Risk_Stop
600536,2022-07-05,42.05,2022-07-06,39.9475,1,-0.05159999999999993,Extreme_Risk_Stop
600536,2024-12-02,55.26,2024-12-03,55.27,1,-0.0014190372783206657,Maximum_Holding_Period
600537,2024-02-21,4.06,2024-02-22,4.27,1,0.05012413793103448,Maximum_Holding_Period
600540,2021-11-03,5.7,2021-11-04,6.08,1,0.06506666666666665,Maximum_Holding_Period
600540,2022-05-06,4.48,2022-05-09,4.5,1,0.0028642857142855875,Maximum_Holding_Period
600540,2022-05-12,4.72,2022-05-13,4.78,1,0.011111864406779848,Maximum_Holding_Period
600540,2022-05-20,5.02,2022-05-23,5.25,1,0.04421673306772927,Maximum_Holding_Period
600540,2023-10-30,5.33,2023-10-31,5.43,1,0.017161726078799112,Maximum_Holding_Period
600540,2025-05-09,4.78,2025-05-12,4.64,1,-0.030888702928870426,Trend_Break_Stop
600540,2025-05-16,4.84,2025-05-19,4.8,1,-0.009864462809917329,Maximum_Holding_Period
600543,2025-01-17,4.57,2025-01-20,4.99,1,0.09030371991247259,Maximum_Holding_Period
600546,2021-01-22,7.43,2021-01-25,7.0584999999999996,1,-0.05160000000000004,Extreme_Risk_Stop
600547,2026-02-12,47.0,2026-02-13,45.4,1,-0.03564255319148941,Trend_Break_Stop
600547,2026-03-04,47.22,2026-03-05,46.85,1,-0.009435662854722481,Trend_Break_Stop
600549,2026-03-27,55.8,2026-03-30,57.2,1,0.02348960573476715,Trend_Break_Stop
600551,2022-03-21,9.0,2022-03-22,9.47,1,0.050622222222222395,Maximum_Holding_Period
600551,2022-03-22,8.98,2022-03-23,9.38,1,0.042943429844098095,Maximum_Holding_Period
600552,2022-05-06,7.61,2022-05-09,7.86,1,0.031251511169513795,Maximum_Holding_Period
600555,2020-02-11,1.74,2020-02-12,1.79,1,0.027135632183908066,Maximum_Holding_Period
600556,2022-05-05,7.08,2022-05-06,7.27,1,0.025236158192090397,Maximum_Holding_Period
600556,2022-05-06,7.12,2022-05-09,7.39,1,0.03632134831460659,Maximum_Holding_Period
600559,2021-02-05,26.0,2021-02-08,24.7,1,-0.05160000000000004,Extreme_Risk_Stop
600560,2020-04-21,9.35,2020-04-22,10.55,1,0.1267422459893049,Maximum_Holding_Period
600560,2025-01-17,14.9,2025-01-20,16.08,1,0.07759463087248313,Maximum_Holding_Period
600561,2024-08-22,4.47,2024-08-23,4.246499999999999,1,-0.05160000000000015,Extreme_Risk_Stop
600561,2024-08-23,4.58,2024-08-26,4.351,1,-0.05160000000000004,Extreme_Risk_Stop
600563,2026-07-28,132.0,2026-07-29,135.7,1,0.02643030303030285,Maximum_Holding_Period
600565,2022-05-09,2.27,2022-05-10,2.24,1,-0.014815859030836886,Trend_Break_Stop
600565,2024-01-26,1.45,2024-01-29,1.45,1,-0.0015999999999999999,Trend_Break_Stop
600565,2024-05-06,0.95,2024-05-07,0.9025,1,-0.05159999999999993,Extreme_Risk_Stop
600570,2022-08-29,31.99,2022-08-30,33.33,1,0.040288090028133765,Maximum_Holding_Period
600576,2021-02-24,3.72,2021-02-25,3.68,1,-0.012352688172043002,Trend_Break_Stop
600576,2022-05-05,4.82,2022-05-06,4.7,1,-0.026496265560166,Trend_Break_Stop
600577,2026-07-24,7.31,2026-07-27,7.28,1,-0.0057039671682625566,Maximum_Holding_Period
600577,2026-07-30,7.47,2026-07-31,7.75,1,0.035883266398929074,Maximum_Holding_Period
600579,2024-03-25,7.5,2024-03-26,7.125,1,-0.05160000000000004,Extreme_Risk_Stop
600580,2020-04-03,10.81,2020-04-07,10.93,1,0.009500832562442208,Maximum_Holding_Period
600581,2021-10-20,7.96,2021-10-21,7.89,1,-0.010393969849246298,Trend_Break_Stop
600581,2022-05-24,5.97,2022-05-25,5.671499999999999,1,-0.05160000000000015,Extreme_Risk_Stop
600586,2022-10-17,9.18,2022-10-18,9.14,1,-0.005957298474945481,Maximum_Holding_Period
600587,2024-06-26,16.32,2024-06-27,16.13,1,-0.013242156862745168,Trend_Break_Stop
600589,2021-05-28,1.98,2021-05-31,1.96,1,-0.011701010101010056,Trend_Break_Stop
600589,2023-12-29,3.19,2024-01-02,3.35,1,0.04855673981191227,Trend_Break_Stop
600589,2026-08-03,7.25,2026-08-04,8.38,1,0.15426206896551725,Maximum_Holding_Period
600590,2025-01-09,4.95,2025-01-10,4.79,1,-0.03392323232323231,Trend_Break_Stop
600590,2026-07-24,7.84,2026-07-27,8.04,1,0.023910204081632625,Maximum_Holding_Period
600592,2022-05-09,6.96,2022-05-10,7.07,1,0.014204597701149391,Maximum_Holding_Period
600592,2026-07-02,14.4,2026-07-03,16.12,1,0.11784444444444446,Maximum_Holding_Period
600593,2024-02-28,19.11,2024-02-29,18.1545,1,-0.05160000000000004,Extreme_Risk_Stop
600593,2024-05-13,20.88,2024-05-14,20.51,1,-0.019320306513409834,Trend_Break_Stop
600593,2025-01-17,32.47,2025-01-20,30.8465,1,-0.05160000000000004,Extreme_Risk_Stop
600594,2022-05-10,5.27,2022-05-11,5.32,1,0.007887666034155628,Maximum_Holding_Period
600596,2021-10-19,31.22,2021-10-20,32.82,1,0.049649199231262035,Maximum_Holding_Period
600596,2021-10-22,32.78,2021-10-25,32.36,1,-0.014412690665039762,Trend_Break_Stop
600599,2020-04-10,7.23,2020-04-13,6.8685,1,-0.05160000000000004,Extreme_Risk_Stop
600599,2024-02-26,10.02,2024-02-27,10.02,1,-0.0015999999999999999,Maximum_Holding_Period
600599,2025-05-22,7.69,2025-05-23,7.48,1,-0.028908192457737302,Trend_Break_Stop
600602,2022-05-06,6.19,2022-05-09,6.57,1,0.059789337641357014,Maximum_Holding_Period
600602,2025-01-16,13.26,2025-01-17,13.16,1,-0.009141478129713398,Maximum_Holding_Period
600603,2022-05-12,4.25,2022-05-13,4.37,1,0.026635294117647135,Maximum_Holding_Period
600604,2022-05-10,5.12,2022-05-11,5.29,1,0.031603125,Maximum_Holding_Period
600609,2021-01-21,4.6,2021-01-22,4.41,1,-0.042904347826086826,Trend_Break_Stop
600609,2021-01-29,4.28,2021-02-01,4.066,1,-0.05160000000000004,Extreme_Risk_Stop
600610,2024-01-30,7.0,2024-01-31,6.6499999999999995,1,-0.05160000000000004,Extreme_Risk_Stop
600611,2024-10-11,8.5,2024-10-14,8.075,1,-0.05160000000000004,Extreme_Risk_Stop
600611,2025-01-13,6.5,2025-01-14,6.65,1,0.021476923076923216,Maximum_Holding_Period
600611,2026-06-11,4.45,2026-06-12,4.2275,1,-0.05160000000000004,Extreme_Risk_Stop
600611,2026-06-18,4.4,2026-06-22,4.18,1,-0.05160000000000015,Extreme_Risk_Stop
600613,2022-05-05,5.01,2022-05-06,5.13,1,0.0223520958083832,Maximum_Holding_Period
600613,2022-05-06,5.05,2022-05-09,5.33,1,0.0538455445544555,Maximum_Holding_Period
600616,2021-01-22,8.87,2021-01-25,8.426499999999999,1,-0.05160000000000004,Extreme_Risk_Stop
600618,2021-10-22,14.71,2021-10-25,13.9745,1,-0.05160000000000004,Extreme_Risk_Stop
600619,2024-11-22,14.44,2024-11-25,13.717999999999998,1,-0.05160000000000004,Extreme_Risk_Stop
600620,2024-02-21,6.95,2024-02-22,7.08,1,0.017105035971223082,Maximum_Holding_Period
600622,2020-03-30,3.75,2020-03-31,3.65,1,-0.028266666666666728,Trend_Break_Stop
600622,2022-04-29,4.06,2022-05-05,4.5,1,0.10677438423645329,Maximum_Holding_Period
600622,2022-05-06,4.23,2022-05-09,4.0185,1,-0.05160000000000004,Extreme_Risk_Stop
600624,2025-01-09,6.48,2025-01-10,6.49,1,-5.679012345689415e-05,Maximum_Holding_Period
600624,2025-01-14,6.8,2025-01-15,6.73,1,-0.011894117647058788,Trend_Break_Stop
600624,2025-01-15,6.91,2025-01-16,6.94,1,0.002741534008683201,Maximum_Holding_Period
600626,2022-05-10,3.52,2022-05-11,3.65,1,0.035331818181818124,Maximum_Holding_Period
600626,2022-05-12,3.63,2022-05-13,3.88,1,0.06727052341597788,Maximum_Holding_Period
600626,2025-01-17,3.52,2025-01-20,3.56,1,0.009763636363636464,Maximum_Holding_Period
600629,2026-07-16,13.62,2026-07-17,12.938999999999998,1,-0.05160000000000004,Extreme_Risk_Stop
600630,2023-12-05,8.21,2023-12-06,8.72,1,0.06051936662606577,Maximum_Holding_Period
600633,2025-03-07,14.9,2025-03-10,14.44,1,-0.03247248322147662,Trend_Break_Stop
600633,2025-03-10,14.95,2025-03-11,14.202499999999999,1,-0.05160000000000004,Extreme_Risk_Stop
600636,2023-05-29,13.5,2023-05-30,14.54,1,0.07543703703703701,Maximum_Holding_Period
600636,2023-05-31,14.11,2023-06-01,14.24,1,0.007613323883770386,Maximum_Holding_Period
600637,2026-02-11,11.8,2026-02-12,11.65,1,-0.014311864406779739,Trend_Break_Stop
600638,2022-05-06,5.2,2022-05-09,5.3,1,0.01763076923076916,Maximum_Holding_Period
600640,2022-02-10,12.11,2022-02-11,11.504499999999998,1,-0.05160000000000004,Extreme_Risk_Stop
600641,2022-05-05,15.33,2022-05-06,15.25,1,-0.0068185257664709715,Maximum_Holding_Period
600641,2022-05-06,15.16,2022-05-09,15.25,1,0.00433667546174137,Trend_Break_Stop
600644,2026-07-06,8.4,2026-07-07,7.9799999999999995,1,-0.05160000000000004,Extreme_Risk_Stop
600645,2022-05-06,18.58,2022-05-09,19.35,1,0.039842411194833276,Maximum_Holding_Period
600647,2021-01-21,10.75,2021-01-22,10.4,1,-0.03415813953488373,Trend_Break_Stop
600650,2024-09-23,10.31,2024-09-24,10.51,1,0.017798642095053375,Maximum_Holding_Period
600651,2020-02-12,3.34,2020-02-13,3.28,1,-0.019564071856287456,Trend_Break_Stop
600654,2024-12-05,4.06,2024-12-06,4.42,1,0.08706995073891637,Maximum_Holding_Period
600657,2022-04-15,6.4,2022-04-18,6.08,1,-0.05160000000000004,Extreme_Risk_Stop
600661,2022-04-07,10.12,2022-04-08,9.613999999999999,1,-0.05160000000000004,Extreme_Risk_Stop
600661,2024-01-05,10.63,2024-01-08,10.36,1,-0.02699981185324569,Trend_Break_Stop
600666,2020-03-30,1.95,2020-03-31,2.04,1,0.044553846153846215,Maximum_Holding_Period
600666,2020-04-01,2.02,2020-04-02,1.9189999999999998,1,-0.05160000000000004,Extreme_Risk_Stop
600666,2025-01-17,2.3,2025-01-20,2.32,1,0.007095652173912993,Maximum_Holding_Period
600666,2026-06-04,4.7,2026-06-05,4.63,1,-0.016493617021276673,Trend_Break_Stop
600671,2020-07-16,7.42,2020-07-17,7.0489999999999995,1,-0.05160000000000004,Extreme_Risk_Stop
600671,2021-01-19,7.0,2021-01-20,7.56,1,0.07839999999999984,Maximum_Holding_Period
600675,2024-02-20,3.07,2024-02-21,3.15,1,0.024458631921824115,Maximum_Holding_Period
600675,2024-02-21,3.1,2024-02-22,3.18,1,0.02420645161290329,Maximum_Holding_Period
600676,2025-01-17,4.38,2025-01-20,4.36,1,-0.0061662100456620446,Trend_Break_Stop
600677,2020-03-06,4.9,2020-03-09,5.03,1,0.024930612244897832,Maximum_Holding_Period
600678,2022-05-05,5.6,2022-05-06,5.36,1,-0.0444571428571427,Trend_Break_Stop
600678,2022-05-11,5.72,2022-05-12,5.66,1,-0.012089510489510413,Maximum_Holding_Period
600683,2021-10-19,6.23,2021-10-20,6.35,1,0.017661637239165185,Maximum_Holding_Period
600683,2024-02-20,3.77,2024-02-21,3.96,1,0.048797877984084796,Maximum_Holding_Period
600683,2024-02-26,4.06,2024-02-27,4.27,1,0.05012413793103448,Maximum_Holding_Period
600683,2026-05-26,16.41,2026-05-27,16.34,1,-0.005865691651432091,Maximum_Holding_Period
600683,2026-06-08,15.1,2026-06-09,14.344999999999999,1,-0.05160000000000004,Extreme_Risk_Stop
600686,2025-01-10,13.15,2025-01-13,12.79,1,-0.028976425855513365,Trend_Break_Stop
600691,2022-05-06,3.71,2022-05-09,3.73,1,0.003790835579514919,Maximum_Holding_Period
600691,2024-02-21,2.34,2024-02-22,2.52,1,0.07532307692307709,Maximum_Holding_Period
600691,2026-04-08,3.2,2026-04-09,3.34,1,0.04214999999999996,Maximum_Holding_Period
600692,2022-05-06,5.58,2022-05-09,5.82,1,0.04141075268817201,Maximum_Holding_Period
600692,2022-05-10,5.68,2022-05-11,5.67,1,-0.003360563380281632,Trend_Break_Stop
600693,2022-05-12,4.54,2022-05-13,4.46,1,-0.019221145374449366,Trend_Break_Stop
600693,2026-02-03,15.0,2026-02-04,15.91,1,0.05906666666666665,Maximum_Holding_Period
600695,2022-04-11,2.28,2022-04-12,2.17,1,-0.049845614035087644,Trend_Break_Stop
600696,2023-12-22,18.08,2023-12-25,17.84,1,-0.014874336283185751,Maximum_Holding_Period
600696,2024-04-24,11.49,2024-04-25,11.51,1,0.00014064403829410366,Maximum_Holding_Period
600696,2025-01-02,11.8,2025-01-03,11.21,1,-0.05159999999999993,Extreme_Risk_Stop
600696,2025-01-03,12.3,2025-01-06,11.685,1,-0.05160000000000004,Extreme_Risk_Stop
600696,2025-12-10,4.47,2025-12-11,4.246499999999999,1,-0.05160000000000015,Extreme_Risk_Stop
600696,2025-12-24,3.44,2025-12-25,3.46,1,0.0042139534883721035,Maximum_Holding_Period
600696,2026-02-02,2.07,2026-02-03,1.97,1,-0.04990917874396134,Trend_Break_Stop
600696,2026-02-12,2.01,2026-02-13,2.0,1,-0.006575124378109319,Trend_Break_Stop
600698,2025-01-03,4.7,2025-01-06,5.0,1,0.06222978723404254,Maximum_Holding_Period
600699,2022-05-06,10.65,2022-05-09,10.52,1,-0.013806572769953073,Trend_Break_Stop
600703,2022-05-05,18.25,2022-05-06,17.87,1,-0.02242191780821907,Trend_Break_Stop
600706,2022-05-10,10.17,2022-05-11,10.31,1,0.012165978367748399,Maximum_Holding_Period
600706,2022-05-17,10.95,2022-05-18,10.83,1,-0.012558904109588997,Maximum_Holding_Period
600706,2023-05-23,16.86,2023-05-24,16.017,1,-0.05160000000000004,Extreme_Risk_Stop
600706,2023-10-26,13.72,2023-10-27,14.08,1,0.024639067055393583,Maximum_Holding_Period
600706,2024-02-22,12.3,2024-02-23,12.67,1,0.028481300813008082,Maximum_Holding_Period
600706,2024-05-13,12.16,2024-05-14,12.32,1,0.011557894736842034,Maximum_Holding_Period
600708,2022-05-06,2.71,2022-05-09,2.5745,1,-0.05159999999999993,Extreme_Risk_Stop
600711,2021-10-19,11.11,2021-10-20,11.27,1,0.012801440144014454,Maximum_Holding_Period
600711,2026-03-27,11.86,2026-03-30,12.55,1,0.056578752107926004,Maximum_Holding_Period
600712,2022-05-10,4.01,2022-05-11,4.14,1,0.030818952618453733,Maximum_Holding_Period
600712,2024-01-11,5.24,2024-01-12,5.1,1,-0.028317557251908498,Trend_Break_Stop
600712,2024-01-12,5.3,2024-01-15,5.034999999999999,1,-0.05160000000000015,Extreme_Risk_Stop
600712,2024-05-07,3.9,2024-05-08,3.94,1,0.00865641025641022,Maximum_Holding_Period
600715,2022-05-10,2.07,2022-05-11,2.05,1,-0.011261835748792314,Maximum_Holding_Period
600719,2026-07-21,7.22,2026-07-22,6.858999999999999,1,-0.05160000000000004,Extreme_Risk_Stop
600721,2021-12-16,7.7,2021-12-17,7.47,1,-0.03147012987012993,Trend_Break_Stop
600721,2023-10-30,8.21,2023-10-31,8.7,1,0.058083313032886434,Maximum_Holding_Period
600722,2021-04-08,6.85,2021-04-09,6.9,1,0.005699270072992803,Maximum_Holding_Period
600726,2026-07-22,5.87,2026-07-23,6.98,1,0.18749710391822833,Maximum_Holding_Period
600727,2021-10-20,11.98,2021-10-21,12.52,1,0.04347512520868096,Maximum_Holding_Period
600727,2021-10-21,12.16,2021-10-22,12.46,1,0.02307105263157898,Maximum_Holding_Period
600732,2024-02-20,13.94,2024-02-21,14.43,1,0.03355064562410331,Maximum_Holding_Period
600732,2024-02-21,14.2,2024-02-22,14.65,1,0.03009014084507049,Maximum_Holding_Period
600734,2020-02-13,4.98,2020-02-14,4.731,1,-0.05160000000000015,Extreme_Risk_Stop
600734,2020-04-10,3.97,2020-04-13,3.7715,1,-0.05160000000000004,Extreme_Risk_Stop
600734,2020-05-06,2.98,2020-05-07,3.12,1,0.045379865771812126,Maximum_Holding_Period
600734,2020-05-07,3.06,2020-05-08,3.09,1,0.008203921568627415,Maximum_Holding_Period
600734,2020-05-08,3.05,2020-05-11,3.03,1,-0.008157377049180358,Trend_Break_Stop
600734,2025-12-29,5.06,2025-12-30,4.91,1,-0.031244268774703498,Trend_Break_Stop
600735,2025-10-24,5.46,2025-10-27,6.02,1,0.10096410256410242,Maximum_Holding_Period
600735,2025-11-26,6.04,2025-11-27,6.27,1,0.03647947019867553,Maximum_Holding_Period
600738,2021-07-13,6.21,2021-07-14,6.19,1,-0.004820611916263993,Maximum_Holding_Period
600738,2025-05-20,5.06,2025-05-21,5.34,1,0.05373596837944677,Maximum_Holding_Period
600740,2021-06-10,5.32,2021-06-11,5.38,1,0.009678195488721775,Maximum_Holding_Period
600740,2021-10-22,8.18,2021-10-25,7.770999999999999,1,-0.05160000000000004,Extreme_Risk_Stop
600743,2024-02-20,1.17,2024-02-21,1.23,1,0.049682051282051325,Maximum_Holding_Period
600743,2024-11-29,1.85,2024-12-02,1.96,1,0.0578594594594593,Maximum_Holding_Period
600744,2021-08-12,8.05,2021-08-13,7.86,1,-0.025202484472049713,Trend_Break_Stop
600744,2024-02-22,2.77,2024-02-23,2.92,1,0.052551624548736346,Maximum_Holding_Period
600745,2026-06-29,16.77,2026-06-30,16.82,1,0.0013815146094216428,Maximum_Holding_Period
600745,2026-08-05,16.92,2026-08-06,16.76,1,-0.011056264775413726,Trend_Break_Stop
600746,2020-03-06,7.37,2020-03-09,7.49,1,0.014682225237449043,Maximum_Holding_Period
600748,2024-02-21,3.17,2024-02-22,3.29,1,0.03625488958990535,Maximum_Holding_Period
600749,2024-02-21,9.22,2024-02-22,9.65,1,0.04503774403470722,Maximum_Holding_Period
600749,2025-09-18,22.0,2025-09-19,24.34,1,0.10476363636363643,Maximum_Holding_Period
600756,2022-05-05,11.01,2022-05-06,12.1,1,0.09740090826521346,Maximum_Holding_Period
600758,2026-07-16,3.09,2026-07-17,3.02,1,-0.02425372168284785,Trend_Break_Stop
600759,2026-04-14,5.52,2026-04-15,5.31,1,-0.03964347826086951,Trend_Break_Stop
600759,2026-06-04,2.92,2026-06-05,2.774,1,-0.05159999999999993,Extreme_Risk_Stop
600760,2021-03-22,62.8,2021-03-23,63.98,1,0.017189808917197392,Maximum_Holding_Period
600765,2022-04-28,32.01,2022-04-29,35.96,1,0.12179893783192756,Maximum_Holding_Period
600766,2021-05-14,3.68,2021-05-17,3.496,1,-0.05160000000000004,Extreme_Risk_Stop
600767,2022-05-24,4.51,2022-05-25,4.65,1,0.0294421286031044,Maximum_Holding_Period
600767,2022-05-25,4.6,2022-05-26,4.57,1,-0.008121739130434635,Trend_Break_Stop
600768,2022-03-22,9.55,2022-03-23,10.21,1,0.06750994764397915,Maximum_Holding_Period
600769,2021-05-25,5.33,2021-05-26,5.46,1,0.022790243902439045,Maximum_Holding_Period
600769,2022-05-05,6.49,2022-05-06,6.64,1,0.02151248073959926,Maximum_Holding_Period
600770,2026-07-30,4.95,2026-07-31,5.02,1,0.01254141414141401,Maximum_Holding_Period
600771,2022-02-10,30.8,2022-02-11,29.77,1,-0.03504155844155849,Trend_Break_Stop
600771,2022-02-11,31.05,2022-02-14,29.4975,1,-0.05160000000000004,Extreme_Risk_Stop
600774,2021-05-27,13.81,2021-05-28,14.77,1,0.0679148443157132,Maximum_Holding_Period
600774,2022-03-22,12.72,2022-03-23,12.77,1,0.0023308176100627536,Maximum_Holding_Period
600776,2022-05-06,8.36,2022-05-09,8.56,1,0.02232344497607679,Maximum_Holding_Period
600778,2024-12-26,7.54,2024-12-27,7.51,1,-0.005578779840848823,Trend_Break_Stop
600778,2024-12-27,7.61,2024-12-30,7.2295,1,-0.05160000000000004,Extreme_Risk_Stop
600783,2022-05-06,10.9,2022-05-09,11.36,1,0.04060183486238516,Maximum_Holding_Period
600787,2022-04-29,5.32,2022-05-05,5.59,1,0.049151879699248106,Maximum_Holding_Period
600789,2024-06-13,7.77,2024-06-14,7.62,1,-0.020905019305019267,Trend_Break_Stop
600789,2025-02-06,9.26,2025-02-07,9.99,1,0.07723369330453571,Maximum_Holding_Period
600793,2021-03-05,12.86,2021-03-08,13.86,1,0.07616049766718506,Maximum_Holding_Period
600793,2026-07-29,12.91,2026-07-30,12.6,1,-0.025612393493415996,Trend_Break_Stop
600794,2022-05-10,3.04,2022-05-11,3.16,1,0.03787368421052633,Maximum_Holding_Period
600797,2022-05-06,5.04,2022-05-09,5.31,1,0.051971428571428384,Maximum_Holding_Period
600797,2022-05-09,5.19,2022-05-10,5.47,1,0.05234990366088615,Maximum_Holding_Period
600797,2022-05-10,5.21,2022-05-11,5.38,1,0.03102955854126681,Maximum_Holding_Period
600802,2020-02-10,8.19,2020-02-11,9.43,1,0.14980415140415154,Maximum_Holding_Period
600802,2025-12-24,6.94,2025-12-25,7.09,1,0.02001383285302576,Maximum_Holding_Period
600804,2020-03-23,6.4,2020-03-24,7.11,1,0.10933749999999991,Maximum_Holding_Period
600804,2022-05-25,4.19,2022-05-26,3.9805,1,-0.05160000000000004,Extreme_Risk_Stop
600804,2024-10-17,1.39,2024-10-18,1.3204999999999998,1,-0.05160000000000004,Extreme_Risk_Stop
600809,2021-03-19,310.0,2021-03-22,315.8,1,0.01710967741935492,Maximum_Holding_Period
600810,2020-03-23,7.98,2020-03-24,7.581,1,-0.05160000000000004,Extreme_Risk_Stop
600811,2025-01-17,2.2,2025-01-20,2.09,1,-0.05160000000000015,Extreme_Risk_Stop
600815,2022-05-06,2.68,2022-05-09,2.8,1,0.043176119402984985,Maximum_Holding_Period
600815,2024-02-22,2.27,2024-02-23,2.36,1,0.03804757709251088,Maximum_Holding_Period
600816,2020-02-18,3.16,2020-02-19,3.23,1,0.02055189873417711,Maximum_Holding_Period
600816,2024-02-21,2.71,2024-02-22,2.84,1,0.04637047970479707,Maximum_Holding_Period
600816,2024-02-22,2.74,2024-02-23,2.84,1,0.03489635036496335,Maximum_Holding_Period
600818,2021-01-18,7.22,2021-01-19,7.48,1,0.034411080332410075,Maximum_Holding_Period
600818,2026-05-19,6.08,2026-05-20,6.53,1,0.07241315789473694,Maximum_Holding_Period
600818,2026-05-21,6.21,2026-05-22,5.8995,1,-0.05160000000000004,Extreme_Risk_Stop
600821,2022-01-24,8.25,2022-01-25,8.07,1,-0.023418181818181737,Trend_Break_Stop
600821,2022-01-25,8.33,2022-01-26,8.34,1,-0.00039951980792314167,Maximum_Holding_Period
600821,2026-04-17,8.71,2026-04-20,9.39,1,0.07647118254879452,Maximum_Holding_Period
600821,2026-04-20,8.9,2026-04-21,9.12,1,0.023119101123595432,Maximum_Holding_Period
600822,2022-05-05,7.27,2022-05-06,7.24,1,-0.005726547455295615,Maximum_Holding_Period
600822,2022-05-06,7.28,2022-05-09,7.96,1,0.09180659340659329,Maximum_Holding_Period
600823,2022-05-06,3.0,2022-05-09,2.98,1,-0.00826666666666671,Trend_Break_Stop
600823,2023-06-08,1.22,2023-06-09,1.18,1,-0.03438688524590167,Trend_Break_Stop
600829,2022-05-06,5.47,2022-05-09,5.68,1,0.036791224862888376,Maximum_Holding_Period
600829,2025-01-07,7.76,2025-01-08,7.372,1,-0.05159999999999993,Extreme_Risk_Stop
600830,2024-02-29,7.1,2024-03-01,7.42,1,0.04347042253521121,Trend_Break_Stop
600831,2024-07-24,1.95,2024-07-25,1.8524999999999998,1,-0.05160000000000004,Extreme_Risk_Stop
600831,2024-08-01,1.98,2024-08-02,2.07,1,0.04385454545454542,Maximum_Holding_Period
600834,2020-07-02,12.51,2020-07-03,12.56,1,0.0023968025579537604,Maximum_Holding_Period
600834,2020-08-10,13.0,2020-08-11,12.8,1,-0.01698461538461533,Trend_Break_Stop
600834,2024-08-16,7.8,2024-08-19,7.409999999999999,1,-0.05160000000000004,Extreme_Risk_Stop
600843,2024-07-18,7.07,2024-07-19,6.7165,1,-0.05160000000000004,Extreme_Risk_Stop
600843,2024-11-22,13.43,2024-11-25,16.01,1,0.19050722263588998,Maximum_Holding_Period
600844,2026-05-06,3.66,2026-05-07,3.62,1,-0.012528961748633893,Trend_Break_Stop
600847,2022-02-16,17.5,2022-02-17,17.13,1,-0.02274285714285724,Maximum_Holding_Period
600847,2022-08-02,19.23,2022-08-03,18.2685,1,-0.05160000000000004,Extreme_Risk_Stop
600850,2026-07-13,15.3,2026-07-14,14.535,1,-0.05160000000000004,Extreme_Risk_Stop
600853,2022-04-28,3.27,2022-04-29,3.38,1,0.032039143730886725,Maximum_Holding_Period
600858,2022-05-06,5.3,2022-05-09,5.53,1,0.041796226415094444,Maximum_Holding_Period
600858,2022-05-10,5.44,2022-05-11,5.41,1,-0.0071147058823530325,Trend_Break_Stop
600858,2022-05-24,5.97,2022-05-25,5.671499999999999,1,-0.05160000000000015,Extreme_Risk_Stop
600858,2024-02-22,4.15,2024-02-23,4.42,1,0.0634602409638552,Maximum_Holding_Period
600860,2020-02-13,4.56,2020-02-14,4.55,1,-0.003792982456140302,Trend_Break_Stop
600860,2022-05-10,16.36,2022-05-11,17.87,1,0.09069828850855748,Maximum_Holding_Period
600861,2022-05-05,17.8,2022-05-06,16.91,1,-0.05160000000000004,Extreme_Risk_Stop
600862,2021-03-17,23.84,2021-03-18,25.96,1,0.0873261744966443,Maximum_Holding_Period
600863,2021-11-05,3.65,2021-11-08,3.4675,1,-0.05160000000000004,Extreme_Risk_Stop
600865,2026-01-09,16.74,2026-01-12,17.71,1,0.05634504181600968,Maximum_Holding_Period
600866,2020-03-06,5.61,2020-03-09,6.03,1,0.07326631016042788,Maximum_Holding_Period
600866,2020-03-10,5.8,2020-03-11,5.9,1,0.015641379310344972,Maximum_Holding_Period
600868,2025-01-08,2.57,2025-01-09,2.68,1,0.041201556420233536,Maximum_Holding_Period
600869,2022-09-22,5.79,2022-09-23,5.76,1,-0.006781347150259086,Maximum_Holding_Period
600877,2026-07-28,12.05,2026-07-29,12.25,1,0.014997510373443924,Maximum_Holding_Period
600880,2022-03-07,6.44,2022-03-08,6.118,1,-0.05160000000000004,Extreme_Risk_Stop
600880,2022-04-20,5.93,2022-04-21,5.6335,1,-0.05160000000000004,Extreme_Risk_Stop
600881,2025-01-03,1.95,2025-01-06,1.8524999999999998,1,-0.05160000000000004,Extreme_Risk_Stop
600881,2025-01-07,1.93,2025-01-08,2.0,1,0.0346694300518136,Maximum_Holding_Period
600883,2020-03-26,8.64,2020-03-27,8.208,1,-0.05160000000000004,Extreme_Risk_Stop
600883,2022-05-12,7.44,2022-05-13,7.43,1,-0.002944086021505486,Maximum_Holding_Period
600884,2022-05-06,21.39,2022-05-09,20.9,1,-0.024507900888265665,Trend_Break_Stop
600884,2024-07-12,7.84,2024-07-15,7.71,1,-0.01818163265306123,Trend_Break_Stop
600891,2020-02-13,1.25,2020-02-14,1.23,1,-0.017600000000000015,Trend_Break_Stop
600892,2020-05-12,2.71,2020-05-13,3.02,1,0.11279114391143912,Maximum_Holding_Period
600892,2022-10-13,3.8,2022-10-14,3.89,1,0.022084210526315973,Maximum_Holding_Period
600898,2020-02-12,6.18,2020-02-13,6.43,1,0.03885307443365687,Maximum_Holding_Period
600898,2022-06-17,6.4,2022-06-20,6.31,1,-0.01566250000000009,Trend_Break_Stop
600898,2024-04-15,1.44,2024-04-16,1.37,1,-0.05021111111111105,Trend_Break_Stop
600909,2026-07-27,8.74,2026-07-28,8.302999999999999,1,-0.05160000000000015,Extreme_Risk_Stop
600918,2020-07-30,17.4,2020-07-31,17.15,1,-0.015967816091954034,Maximum_Holding_Period
600936,2022-05-05,3.02,2022-05-06,3.13,1,0.034823841059602505,Maximum_Holding_Period
600936,2022-05-06,3.06,2022-05-09,3.28,1,0.07029542483660127,Maximum_Holding_Period
600936,2026-07-06,4.51,2026-07-07,4.39,1,-0.028207538802660758,Trend_Break_Stop
600939,2022-03-18,5.0,2022-03-21,5.19,1,0.036400000000000036,Maximum_Holding_Period
600939,2022-03-22,5.15,2022-03-23,4.8925,1,-0.05160000000000004,Extreme_Risk_Stop
600956,2021-01-21,8.21,2021-01-22,7.95,1,-0.03326869671132777,Trend_Break_Stop
600956,2021-05-10,12.2,2021-05-11,13.29,1,0.08774426229508196,Maximum_Holding_Period
600956,2021-05-11,12.89,2021-05-12,12.69,1,-0.01711590380139656,Trend_Break_Stop
600956,2021-05-12,12.92,2021-05-13,12.274,1,-0.05160000000000004,Extreme_Risk_Stop
600960,2021-01-21,3.81,2021-01-22,3.89,1,0.0193973753280841,Maximum_Holding_Period
600960,2022-06-28,4.1,2022-06-29,3.97,1,-0.033307317073170646,Trend_Break_Stop
600963,2021-09-03,8.42,2021-09-06,8.29,1,-0.017039429928741145,Trend_Break_Stop
600963,2026-03-30,4.8,2026-03-31,4.73,1,-0.01618333333333317,Trend_Break_Stop
600965,2022-02-10,6.71,2022-02-11,6.56,1,-0.023954694485842042,Trend_Break_Stop
600965,2022-02-11,6.83,2022-02-14,6.59,1,-0.03673909224011713,Trend_Break_Stop
600965,2022-05-06,5.98,2022-05-09,6.07,1,0.013450167224080146,Maximum_Holding_Period
600969,2024-02-20,4.76,2024-02-21,4.95,1,0.038315966386554705,Maximum_Holding_Period
600969,2024-02-21,4.78,2024-02-22,5.03,1,0.05070125523012541,Maximum_Holding_Period
600973,2026-07-24,5.7,2026-07-27,5.86,1,0.026470175438596578,Maximum_Holding_Period
600973,2026-07-28,5.76,2026-07-29,5.85,1,0.014025,Maximum_Holding_Period
600976,2021-08-06,48.21,2021-08-09,45.7995,1,-0.05159999999999993,Extreme_Risk_Stop
600976,2021-08-11,48.5,2021-08-12,48.49,1,-0.0018061855670102418,Maximum_Holding_Period
600980,2024-02-21,12.46,2024-02-22,13.22,1,0.0593951845906902,Maximum_Holding_Period
600981,2022-05-17,2.96,2022-05-18,2.93,1,-0.011735135135135088,Maximum_Holding_Period
600984,2024-05-10,3.21,2024-05-13,3.12,1,-0.029637383177570097,Trend_Break_Stop
600986,2022-02-15,6.49,2022-02-16,6.59,1,0.013808320493066174,Maximum_Holding_Period
600986,2022-05-06,4.82,2022-05-09,4.92,1,0.019146887966804905,Maximum_Holding_Period
600990,2022-08-09,32.47,2022-08-10,33.19,1,0.02057431475207876,Maximum_Holding_Period
600990,2022-08-10,33.1,2022-08-11,33.49,1,0.010182477341389707,Maximum_Holding_Period
600990,2024-04-19,15.49,2024-04-22,17.47,1,0.1262244028405422,Maximum_Holding_Period
600992,2022-05-06,9.52,2022-05-09,10.5,1,0.10134117647058831,Maximum_Holding_Period
600997,2022-05-06,7.06,2022-05-09,7.0,1,-0.010098583569405028,Trend_Break_Stop
600997,2022-05-18,7.15,2022-05-19,6.7925,1,-0.05159999999999993,Extreme_Risk_Stop
600999,2020-07-30,21.78,2020-07-31,21.53,1,-0.013078420569329684,Maximum_Holding_Period
601001,2022-04-29,12.5,2022-05-05,12.14,1,-0.030399999999999937,Trend_Break_Stop
601001,2022-05-12,12.51,2022-05-13,12.34,1,-0.01518912869704232,Maximum_Holding_Period
601007,2022-10-19,7.39,2022-10-20,7.48,1,0.010578619756427755,Maximum_Holding_Period
601007,2024-02-22,6.52,2024-02-23,6.72,1,0.029074846625766915,Maximum_Holding_Period
601011,2024-06-27,1.65,2024-06-28,1.6,1,-0.03190303030303016,Trend_Break_Stop
601012,2020-03-30,23.65,2020-03-31,24.84,1,0.04871712473572947,Maximum_Holding_Period
601012,2021-03-15,88.96,2021-03-16,84.51199999999999,1,-0.05160000000000004,Extreme_Risk_Stop
601015,2021-03-05,8.12,2021-03-08,7.713999999999999,1,-0.05160000000000004,Extreme_Risk_Stop
601015,2021-03-15,8.49,2021-03-16,8.0655,1,-0.05160000000000004,Extreme_Risk_Stop
601015,2021-04-09,7.05,2021-04-12,6.95,1,-0.015784397163120478,Trend_Break_Stop
601015,2021-07-15,8.78,2021-07-16,8.77,1,-0.002738952164009055,Trend_Break_Stop
601019,2023-05-31,10.03,2023-06-01,10.49,1,0.04426241276171488,Maximum_Holding_Period
601020,2024-02-22,7.5,2024-02-23,7.87,1,0.047733333333333454,Maximum_Holding_Period
601020,2026-03-30,27.95,2026-03-31,28.19,1,0.006986762075134313,Maximum_Holding_Period
601020,2026-07-24,18.63,2026-07-27,18.64,1,-0.0010632313472893158,Maximum_Holding_Period
601022,2024-02-21,8.61,2024-02-22,8.97,1,0.040211846689895574,Maximum_Holding_Period
601059,2024-02-21,14.75,2024-02-22,15.55,1,0.052637288135593256,Maximum_Holding_Period
601059,2024-02-22,15.0,2024-02-23,15.66,1,0.04240000000000004,Maximum_Holding_Period
601069,2026-02-25,35.56,2026-02-26,35.44,1,-0.004974578177727905,Maximum_Holding_Period
601086,2025-01-17,4.8,2025-01-20,4.78,1,-0.005766666666666541,Maximum_Holding_Period
601096,2024-02-21,5.18,2024-02-22,5.44,1,0.04859305019305032,Maximum_Holding_Period
601096,2024-02-22,5.23,2024-02-23,5.49,1,0.048113193116634805,Maximum_Holding_Period
601096,2024-02-27,5.48,2024-02-28,5.71,1,0.0403708029197079,Maximum_Holding_Period
601100,2020-07-23,59.5,2020-07-24,59.19,1,-0.006810084033613449,Trend_Break_Stop
601113,2024-02-20,3.05,2024-02-21,3.11,1,0.01807213114754096,Maximum_Holding_Period
601121,2023-04-18,8.76,2023-04-19,9.35,1,0.06575159817351599,Maximum_Holding_Period
601127,2021-01-04,16.54,2021-01-05,16.55,1,-0.000995405078597143,Maximum_Holding_Period
601127,2024-01-26,64.0,2024-01-29,60.8,1,-0.05160000000000004,Extreme_Risk_Stop
601137,2022-05-06,10.84,2022-05-09,11.15,1,0.02699778597785989,Maximum_Holding_Period
601155,2022-05-06,25.9,2022-05-09,24.604999999999997,1,-0.05160000000000004,Extreme_Risk_Stop
601168,2021-03-12,14.5,2021-03-15,14.31,1,-0.014703448275862074,Maximum_Holding_Period
601179,2020-05-11,6.14,2020-05-12,6.16,1,0.0016573289902280146,Maximum_Holding_Period
601222,2021-10-20,10.55,2021-10-21,10.9,1,0.03157535545023698,Maximum_Holding_Period
601226,2022-05-06,4.31,2022-05-09,4.37,1,0.01232111368909532,Maximum_Holding_Period
601226,2026-04-09,9.25,2026-04-10,9.17,1,-0.010248648648648672,Maximum_Holding_Period
601231,2020-04-03,16.9,2020-04-07,17.23,1,0.017926627218934944,Maximum_Holding_Period
601231,2026-08-05,22.99,2026-08-06,27.52,1,0.19544219225750342,Maximum_Holding_Period
601233,2021-03-19,22.69,2021-03-22,21.5555,1,-0.05160000000000015,Extreme_Risk_Stop
601233,2022-03-22,17.76,2022-03-23,17.88,1,0.005156756756756577,Maximum_Holding_Period
601279,2021-06-23,10.61,2021-06-24,12.17,1,0.14543110273327048,Maximum_Holding_Period
601279,2022-07-19,6.5,2022-07-20,6.49,1,-0.0031384615384614884,Maximum_Holding_Period
601279,2022-07-20,6.57,2022-07-21,6.4,1,-0.027475190258751846,Trend_Break_Stop
601311,2022-05-06,8.15,2022-05-09,8.17,1,0.0008539877300613357,Trend_Break_Stop
601456,2022-05-06,9.4,2022-05-09,9.73,1,0.033506382978723485,Maximum_Holding_Period
601566,2025-12-03,13.69,2025-12-04,13.37,1,-0.024974726077428854,Trend_Break_Stop
601567,2021-11-03,12.64,2021-11-04,13.82,1,0.09175443037974688,Maximum_Holding_Period
601567,2022-05-06,8.65,2022-05-09,8.61,1,-0.006224277456647507,Maximum_Holding_Period
601595,2023-05-31,29.58,2023-06-01,30.59,1,0.032544692359702636,Maximum_Holding_Period
601600,2021-10-19,7.38,2021-10-20,7.010999999999999,1,-0.05160000000000004,Extreme_Risk_Stop
601607,2022-05-06,17.75,2022-05-09,18.52,1,0.041780281690140746,Maximum_Holding_Period
601607,2022-05-10,18.18,2022-05-11,20.37,1,0.11886204620462064,Maximum_Holding_Period
601608,2021-10-22,4.68,2021-10-25,4.446,1,-0.05160000000000004,Extreme_Risk_Stop
601611,2021-10-20,8.62,2021-10-21,8.68,1,0.005360556844547661,Maximum_Holding_Period
601611,2026-04-13,14.01,2026-04-14,14.17,1,0.00982041399000715,Maximum_Holding_Period
601615,2021-03-15,17.85,2021-03-16,17.32,1,-0.031291876750700394,Trend_Break_Stop
601618,2021-10-20,4.19,2021-10-21,4.22,1,0.005559904534606021,Maximum_Holding_Period
601636,2021-10-18,17.89,2021-10-19,18.0,1,0.0045486864169926216,Trend_Break_Stop
601636,2026-08-06,5.91,2026-08-07,6.13,1,0.0356250423011844,Maximum_Holding_Period
601677,2022-05-06,32.0,2022-05-09,33.78,1,0.05402500000000004,Maximum_Holding_Period
601698,2026-08-06,26.53,2026-08-07,27.42,1,0.03194692800603099,Maximum_Holding_Period
601699,2022-05-18,13.94,2022-05-19,13.242999999999999,1,-0.05160000000000004,Extreme_Risk_Stop
601702,2026-07-07,14.6,2026-07-08,14.31,1,-0.021463013698630084,Trend_Break_Stop
601702,2026-07-08,14.8,2026-07-09,14.06,1,-0.05160000000000004,Extreme_Risk_Stop
601778,2020-06-30,7.86,2020-07-01,7.7,1,-0.021956234096692184,Trend_Break_Stop
601789,2022-03-17,6.9,2022-03-18,6.94,1,0.004197101449275477,Maximum_Holding_Period
601789,2022-03-18,6.75,2022-03-21,7.63,1,0.12877037037037026,Maximum_Holding_Period
601798,2022-01-07,9.61,2022-01-10,9.129499999999998,1,-0.05160000000000015,Extreme_Risk_Stop
601798,2022-05-06,5.62,2022-05-09,5.75,1,0.02153167259786475,Maximum_Holding_Period
601798,2022-05-10,5.65,2022-05-11,5.8,1,0.0249486725663715,Maximum_Holding_Period
601798,2024-03-22,8.19,2024-03-25,7.780499999999999,1,-0.05160000000000004,Extreme_Risk_Stop
601858,2023-07-14,32.8,2023-07-17,33.98,1,0.034375609756097485,Maximum_Holding_Period
601858,2023-07-18,33.32,2023-07-19,31.654,1,-0.05160000000000004,Extreme_Risk_Stop
601869,2025-10-22,86.74,2025-10-23,85.48,1,-0.016126170163707498,Trend_Break_Stop
601869,2026-07-16,391.2,2026-07-17,371.64,1,-0.05160000000000004,Extreme_Risk_Stop
601886,2022-05-05,4.91,2022-05-06,4.98,1,0.012656619144602966,Maximum_Holding_Period
601890,2022-05-06,6.13,2022-05-09,6.4,1,0.04244567699836881,Maximum_Holding_Period
601890,2022-05-10,6.39,2022-05-11,6.43,1,0.004659780907668322,Maximum_Holding_Period
601900,2023-07-17,20.0,2023-07-18,19.0,1,-0.05160000000000004,Extreme_Risk_Stop
601929,2022-02-22,2.57,2022-02-23,2.61,1,0.013964202334630294,Maximum_Holding_Period
601929,2022-02-24,2.57,2022-02-25,2.4414999999999996,1,-0.05160000000000015,Extreme_Risk_Stop
601929,2025-01-17,1.79,2025-01-20,1.79,1,-0.0015999999999999999,Maximum_Holding_Period
601929,2026-06-17,2.49,2026-06-18,2.3655,1,-0.05160000000000015,Extreme_Risk_Stop
601949,2023-06-05,12.54,2023-06-06,15.28,1,0.21690079744816587,Maximum_Holding_Period
601958,2021-10-19,7.63,2021-10-20,7.76,1,0.015438007863696025,Maximum_Holding_Period
601958,2026-07-24,21.02,2026-07-27,21.16,1,0.005060323501427312,Trend_Break_Stop
601969,2021-10-27,15.87,2021-10-28,15.0765,1,-0.05160000000000004,Extreme_Risk_Stop
601975,2026-07-15,3.48,2026-07-16,3.38,1,-0.030335632183908067,Trend_Break_Stop
601975,2026-07-16,3.51,2026-07-17,3.3345,1,-0.05160000000000004,Extreme_Risk_Stop
601996,2024-02-21,2.07,2024-02-22,2.38,1,0.1481584541062802,Maximum_Holding_Period
601999,2020-02-26,8.68,2020-02-27,8.245999999999999,1,-0.05160000000000015,Extreme_Risk_Stop
601999,2023-06-08,7.61,2023-06-09,7.78,1,0.02073902759526929,Maximum_Holding_Period
603003,2020-04-03,7.4,2020-04-07,7.35,1,-0.0083567567567568,Maximum_Holding_Period
603003,2020-05-07,8.36,2020-05-08,8.52,1,0.017538755980861343,Maximum_Holding_Period
603003,2024-05-06,8.95,2024-05-07,8.5025,1,-0.05159999999999993,Extreme_Risk_Stop
603004,2026-07-29,18.01,2026-07-30,17.26,1,-0.04324353137146026,Trend_Break_Stop
603005,2022-06-17,21.68,2022-06-20,23.12,1,0.06482066420664205,Maximum_Holding_Period
603006,2020-03-26,10.33,2020-03-27,10.31,1,-0.0035361084220715917,Maximum_Holding_Period
603007,2024-12-05,13.56,2024-12-06,14.77,1,0.0876330383480826,Maximum_Holding_Period
603011,2024-04-02,8.38,2024-04-03,7.961,1,-0.05160000000000004,Extreme_Risk_Stop
603011,2025-11-26,20.66,2025-11-27,20.5,1,-0.00934443368828659,Maximum_Holding_Period
603016,2021-04-01,29.96,2021-04-02,31.79,1,0.059481441922563376,Maximum_Holding_Period
603026,2022-05-12,102.01,2022-05-13,102.76,1,0.005752220370551832,Maximum_Holding_Period
603026,2026-07-29,64.0,2026-07-30,64.77,1,0.010431249999999937,Maximum_Holding_Period
603026,2026-07-30,65.59,2026-07-31,63.83,1,-0.028433358743710956,Trend_Break_Stop
603027,2021-03-15,35.56,2021-03-16,35.76,1,0.004024296962879472,Maximum_Holding_Period
603027,2021-03-19,36.92,2021-03-22,36.5,1,-0.012975947995666325,Trend_Break_Stop
603028,2020-02-11,10.41,2020-02-12,10.68,1,0.024336599423631134,Maximum_Holding_Period
603028,2020-02-12,10.54,2020-02-13,10.7,1,0.013580265654648916,Maximum_Holding_Period
603029,2022-03-23,18.0,2022-03-24,17.099999999999998,1,-0.05160000000000015,Extreme_Risk_Stop
603029,2022-05-05,13.56,2022-05-06,13.91,1,0.02421120943952797,Maximum_Holding_Period
603029,2022-05-06,13.52,2022-05-09,14.42,1,0.06496804733727805,Maximum_Holding_Period
603029,2024-02-20,15.23,2024-02-21,15.61,1,0.023350755088640752,Maximum_Holding_Period
603030,2024-04-30,2.04,2024-05-06,1.938,1,-0.05160000000000004,Extreme_Risk_Stop
603031,2024-04-19,29.15,2024-04-22,29.71,1,0.017610977701543896,Trend_Break_Stop
603031,2026-08-05,36.61,2026-08-06,39.3,1,0.07187719202403713,Maximum_Holding_Period
603032,2025-12-18,18.66,2025-12-19,19.83,1,0.06110096463022501,Maximum_Holding_Period
603035,2020-03-26,12.51,2020-03-27,12.35,1,-0.014389768185451634,Maximum_Holding_Period
603037,2024-07-16,13.28,2024-07-17,12.616,1,-0.05159999999999993,Extreme_Risk_Stop
603039,2020-06-03,63.02,2020-06-04,63.3,1,0.0028430339574736967,Maximum_Holding_Period
603039,2022-05-23,36.93,2022-05-24,35.39,1,-0.043300514486867066,Trend_Break_Stop
603045,2020-04-08,13.28,2020-04-09,13.61,1,0.02324939759036142,Maximum_Holding_Period
603045,2020-04-09,13.58,2020-04-10,13.27,1,-0.024427687776141415,Trend_Break_Stop
603048,2025-01-09,13.75,2025-01-10,14.08,1,0.02240000000000002,Maximum_Holding_Period
603050,2020-04-21,13.16,2020-04-22,13.74,1,0.04247294832826758,Maximum_Holding_Period
603050,2023-06-29,15.37,2023-06-30,16.11,1,0.04654573845152892,Maximum_Holding_Period
603050,2026-06-15,20.11,2026-06-16,20.03,1,-0.005578120338140156,Maximum_Holding_Period
603053,2020-02-11,16.16,2020-02-12,16.19,1,0.00025643564356441374,Maximum_Holding_Period
603056,2022-04-12,14.93,2022-04-13,14.183499999999999,1,-0.05160000000000004,Extreme_Risk_Stop
603059,2024-02-22,19.24,2024-02-23,19.87,1,0.03114428274428298,Maximum_Holding_Period
603061,2023-05-18,125.11,2023-05-19,134.0,1,0.06945746942690438,Maximum_Holding_Period
603063,2021-02-05,17.18,2021-02-08,16.320999999999998,1,-0.05160000000000015,Extreme_Risk_Stop
603063,2022-04-20,28.96,2022-04-21,27.512,1,-0.05160000000000004,Extreme_Risk_Stop
603065,2026-07-29,14.6,2026-07-30,13.87,1,-0.05160000000000004,Extreme_Risk_Stop
603065,2026-08-12,16.84,2026-08-13,15.998,1,-0.05160000000000004,Extreme_Risk_Stop
603067,2022-09-07,17.14,2022-09-08,16.71,1,-0.026687514585764304,Trend_Break_Stop
603069,2021-01-19,19.78,2021-01-20,19.95,1,0.0069945399393325685,Maximum_Holding_Period
603069,2021-01-20,19.8,2021-01-21,19.18,1,-0.0329131313131314,Trend_Break_Stop
603070,2025-04-15,12.01,2025-04-16,11.84,1,-0.015754870940882636,Trend_Break_Stop
603071,2022-01-19,23.9,2022-01-20,22.705,1,-0.05160000000000004,Extreme_Risk_Stop
603078,2020-04-03,36.27,2020-04-07,36.38,1,0.0014328094844223054,Maximum_Holding_Period
603078,2022-05-20,24.98,2022-05-23,24.8,1,-0.008805764611689314,Maximum_Holding_Period
603078,2022-06-07,24.14,2022-06-08,24.25,1,0.002956752278376042,Maximum_Holding_Period
603082,2026-06-08,36.01,2026-06-09,36.21,1,0.003954012774229511,Trend_Break_Stop
603083,2020-11-10,16.04,2020-11-11,15.5,1,-0.035265835411471276,Trend_Break_Stop
603083,2023-11-10,39.0,2023-11-13,39.47,1,0.010451282051281919,Maximum_Holding_Period
603083,2026-08-05,133.88,2026-08-06,152.8,1,0.13972058559904404,Maximum_Holding_Period
603085,2020-02-11,6.62,2020-02-12,6.76,1,0.01954803625377637,Maximum_Holding_Period
603088,2022-06-08,6.81,2022-06-09,6.92,1,0.014552716593245352,Maximum_Holding_Period
603090,2024-02-21,14.99,2024-02-22,18.49,1,0.23188899266177448,Maximum_Holding_Period
603092,2026-06-15,58.88,2026-06-16,58.6,1,-0.006355434782608758,Maximum_Holding_Period
603093,2021-01-14,16.38,2021-01-15,16.16,1,-0.015031013431013384,Maximum_Holding_Period
603093,2024-02-26,10.59,2024-02-27,10.9,1,0.027672898961284265,Maximum_Holding_Period
603097,2022-06-22,23.3,2022-06-23,24.91,1,0.06749871244635179,Maximum_Holding_Period
603098,2022-05-10,30.0,2022-05-11,32.0,1,0.06506666666666665,Maximum_Holding_Period
603099,2024-03-06,23.98,2024-03-07,26.75,1,0.113912927439533,Maximum_Holding_Period
603103,2020-02-10,14.75,2020-02-11,15.7,1,0.06280677966101682,Maximum_Holding_Period
603105,2022-05-06,8.84,2022-05-09,8.98,1,0.014237104072398355,Maximum_Holding_Period
603106,2023-09-25,7.1,2023-09-26,7.11,1,-0.00019154929577464962,Trend_Break_Stop
603106,2024-10-18,8.15,2024-10-21,9.01,1,0.10392147239263787,Maximum_Holding_Period
603106,2024-12-02,9.2,2024-12-03,9.75,1,0.05818260869565233,Maximum_Holding_Period
603109,2020-02-11,21.45,2020-02-12,21.72,1,0.010987412587412582,Maximum_Holding_Period
603117,2024-12-04,7.19,2024-12-05,7.39,1,0.026216411682892727,Maximum_Holding_Period
603118,2026-06-05,12.99,2026-06-08,12.3405,1,-0.05159999999999993,Extreme_Risk_Stop
603118,2026-06-08,12.89,2026-06-09,12.2455,1,-0.05160000000000004,Extreme_Risk_Stop
603122,2026-01-14,21.29,2026-01-15,20.225499999999997,1,-0.05160000000000015,Extreme_Risk_Stop
603122,2026-01-26,18.46,2026-01-27,17.537,1,-0.05160000000000004,Extreme_Risk_Stop
603122,2026-05-12,16.05,2026-05-13,15.72,1,-0.022160747663551427,Trend_Break_Stop
603123,2022-03-24,18.53,2022-03-25,18.25,1,-0.016710631408526754,Trend_Break_Stop
603123,2022-05-12,14.25,2022-05-13,14.24,1,-0.00230175438596487,Trend_Break_Stop
603124,2026-07-28,124.49,2026-07-29,118.26549999999999,1,-0.05160000000000004,Extreme_Risk_Stop
603126,2021-04-21,10.12,2021-04-22,10.3,1,0.016186561264822253,Trend_Break_Stop
603128,2020-08-19,6.38,2020-08-20,6.29,1,-0.015706583072100332,Trend_Break_Stop
603128,2022-05-06,9.17,2022-05-09,9.12,1,-0.007052562704471142,Maximum_Holding_Period
603131,2026-02-05,24.86,2026-02-06,24.4,1,-0.020103620273531807,Trend_Break_Stop
603132,2022-05-06,11.64,2022-05-09,12.07,1,0.03534158075601362,Maximum_Holding_Period
603132,2022-05-10,11.89,2022-05-11,12.17,1,0.021949201009251507,Maximum_Holding_Period
603132,2022-05-11,12.22,2022-05-12,12.24,1,3.6661211129153555e-05,Maximum_Holding_Period
603132,2026-02-13,17.01,2026-02-24,17.48,1,0.026030805408583203,Maximum_Holding_Period
603133,2023-05-09,7.9,2023-05-10,7.505,1,-0.05160000000000004,Extreme_Risk_Stop
603137,2024-02-21,15.29,2024-02-22,15.76,1,0.029139045127534447,Maximum_Holding_Period
603138,2022-05-09,12.22,2022-05-10,12.79,1,0.04504484451718476,Maximum_Holding_Period
603138,2022-05-10,12.28,2022-05-11,13.14,1,0.06843257328990231,Maximum_Holding_Period
603138,2024-04-22,12.18,2024-04-23,12.28,1,0.0066101806239736065,Maximum_Holding_Period
603139,2022-05-09,15.08,2022-05-10,16.12,1,0.06736551724137944,Maximum_Holding_Period
603139,2025-07-08,22.72,2025-07-09,22.9,1,0.006322535211267512,Trend_Break_Stop
603139,2026-08-03,32.91,2026-08-04,33.63,1,0.020277848678213407,Maximum_Holding_Period
603155,2022-06-14,36.0,2022-06-15,36.98,1,0.025622222222222036,Maximum_Holding_Period
603155,2026-04-09,15.97,2026-04-10,16.06,1,0.004035566687538951,Maximum_Holding_Period
603156,2020-06-17,21.76,2020-06-18,21.53,1,-0.012169852941176517,Trend_Break_Stop
603156,2026-07-28,36.94,2026-07-29,37.35,1,0.009499079588521964,Maximum_Holding_Period
603157,2020-05-07,3.2,2020-05-08,3.24,1,0.010899999999999955,Maximum_Holding_Period
603158,2022-05-06,8.4,2022-05-09,8.47,1,0.006733333333333304,Maximum_Holding_Period
603158,2022-07-15,8.21,2022-07-18,8.4,1,0.021542509135200883,Maximum_Holding_Period
603159,2026-07-17,19.71,2026-07-20,18.7245,1,-0.05160000000000004,Extreme_Risk_Stop
603162,2023-09-01,17.66,2023-09-04,18.09,1,0.022748810872027115,Maximum_Holding_Period
603166,2024-06-14,4.98,2024-06-17,4.83,1,-0.03172048192771088,Trend_Break_Stop
603166,2024-06-27,4.99,2024-06-28,4.9,1,-0.019636072144288596,Maximum_Holding_Period
603169,2026-02-05,10.73,2026-02-06,10.71,1,-0.0034639328984155766,Maximum_Holding_Period
603170,2024-02-20,14.71,2024-02-21,15.53,1,0.054144391570360155,Maximum_Holding_Period
603176,2022-03-11,11.2,2022-03-14,10.639999999999999,1,-0.05160000000000004,Extreme_Risk_Stop
603178,2021-02-19,7.81,2021-02-22,8.08,1,0.03297106274007682,Maximum_Holding_Period
603178,2023-11-17,34.01,2023-11-20,41.69,1,0.2242159364892678,Maximum_Holding_Period
603178,2024-01-18,38.0,2024-01-19,36.1,1,-0.05159999999999993,Extreme_Risk_Stop
603178,2025-01-16,17.75,2025-01-17,17.78,1,9.014084507046483e-05,Maximum_Holding_Period
603178,2026-06-17,16.91,2026-06-18,16.0645,1,-0.05160000000000004,Extreme_Risk_Stop
603179,2022-04-21,29.0,2022-04-22,28.55,1,-0.01711724137931032,Trend_Break_Stop
603181,2020-10-15,18.81,2020-10-16,18.94,1,0.005311217437533424,Maximum_Holding_Period
603185,2021-11-22,234.28,2021-11-23,230.1,1,-0.019441898582892313,Trend_Break_Stop
603186,2023-05-18,28.71,2023-05-19,29.81,1,0.03671417624521061,Maximum_Holding_Period
603186,2023-05-24,30.55,2023-05-25,30.78,1,0.005928641571194816,Maximum_Holding_Period
603186,2024-04-19,21.81,2024-04-22,20.719499999999996,1,-0.05160000000000015,Extreme_Risk_Stop
603187,2020-04-23,26.9,2020-04-24,26.9,1,-0.0015999999999999999,Maximum_Holding_Period
603187,2021-06-16,44.85,2021-06-17,45.91,1,0.022034336677814893,Maximum_Holding_Period
603187,2021-06-18,45.6,2021-06-21,44.44,1,-0.02703859649122815,Trend_Break_Stop
603189,2022-05-10,11.37,2022-05-11,11.73,1,0.0300622691292876,Maximum_Holding_Period
603196,2025-04-16,13.82,2025-04-17,13.64,1,-0.01462460202604916,Trend_Break_Stop
603197,2022-05-06,30.65,2022-05-09,29.117499999999996,1,-0.05160000000000004,Extreme_Risk_Stop
603197,2022-09-07,51.44,2022-09-08,53.51,1,0.0386410575427683,Maximum_Holding_Period
603203,2026-06-17,57.53,2026-06-18,60.98,1,0.058368711976360114,Maximum_Holding_Period
603203,2026-08-11,43.5,2026-08-12,44.28,1,0.016331034482758567,Maximum_Holding_Period
603208,2022-05-12,52.03,2022-05-13,54.57,1,0.047217989621372296,Maximum_Holding_Period
603211,2022-10-17,14.25,2022-10-18,15.11,1,0.05875087719298238,Maximum_Holding_Period
603211,2023-12-26,18.0,2023-12-27,18.86,1,0.0461777777777777,Maximum_Holding_Period
603211,2023-12-28,18.5,2023-12-29,19.24,1,0.038399999999999816,Maximum_Holding_Period
603212,2021-05-20,23.2,2021-05-21,23.01,1,-0.009789655172413658,Maximum_Holding_Period
603212,2024-02-21,12.26,2024-02-22,12.93,1,0.05304926590538344,Maximum_Holding_Period
603213,2024-02-27,8.7,2024-02-28,8.39,1,-0.037232183908045786,Trend_Break_Stop
603215,2022-03-23,19.19,2022-03-24,20.5,1,0.06666472120896287,Maximum_Holding_Period
603215,2022-03-28,20.02,2022-03-29,19.019,1,-0.05160000000000004,Extreme_Risk_Stop
603217,2026-07-29,18.58,2026-07-30,19.32,1,0.038227771797632086,Maximum_Holding_Period
603218,2021-05-26,26.0,2021-05-27,26.5,1,0.01763076923076916,Maximum_Holding_Period
603218,2022-05-06,16.2,2022-05-09,16.21,1,-0.0009827160493826688,Maximum_Holding_Period
603220,2024-04-25,28.09,2024-04-26,31.06,1,0.10413157707369174,Maximum_Holding_Period
603220,2024-08-02,20.51,2024-08-05,19.4845,1,-0.05160000000000004,Extreme_Risk_Stop
603220,2024-08-19,19.23,2024-08-20,19.18,1,-0.0042001040041602196,Maximum_Holding_Period
603220,2026-06-17,24.1,2026-06-18,25.22,1,0.04487302904564299,Maximum_Holding_Period
603222,2022-02-09,15.21,2022-02-10,15.32,1,0.005632084155160967,Maximum_Holding_Period
603222,2022-02-18,15.47,2022-02-21,16.14,1,0.041709631544925733,Maximum_Holding_Period
603222,2022-02-22,15.87,2022-02-23,16.36,1,0.0292758664146187,Maximum_Holding_Period
603223,2022-06-22,22.03,2022-06-23,21.25,1,-0.037006264185202094,Trend_Break_Stop
603225,2021-03-19,17.02,2021-03-22,16.76,1,-0.01687614571092817,Trend_Break_Stop
603225,2026-03-27,16.52,2026-03-30,17.06,1,0.031087651331719136,Maximum_Holding_Period
603226,2024-04-29,3.97,2024-04-30,3.7715,1,-0.05160000000000004,Extreme_Risk_Stop
603226,2025-01-09,4.48,2025-01-10,4.67,1,0.04081071428571419,Maximum_Holding_Period
603228,2020-06-12,34.0,2020-06-15,32.3,1,-0.05160000000000004,Extreme_Risk_Stop
603228,2020-06-23,34.91,2020-06-24,34.5,1,-0.013344485820681661,Trend_Break_Stop
603229,2024-08-02,7.3,2024-08-05,7.34,1,0.003879452054794498,Maximum_Holding_Period
603229,2025-02-06,8.7,2025-02-07,8.84,1,0.014491954022988463,Maximum_Holding_Period
603230,2022-02-11,15.6,2022-02-14,15.57,1,-0.003523076923076916,Trend_Break_Stop
603230,2022-05-05,10.76,2022-05-06,11.08,1,0.028139776951672957,Maximum_Holding_Period
603231,2024-02-22,17.4,2024-02-23,18.25,1,0.04725057471264376,Maximum_Holding_Period
603232,2026-04-09,19.71,2026-04-10,19.88,1,0.007025063419583912,Maximum_Holding_Period
603232,2026-06-24,16.85,2026-06-25,16.0075,1,-0.05160000000000004,Extreme_Risk_Stop
603236,2020-06-23,187.0,2020-06-24,196.99,1,0.05182245989304817,Maximum_Holding_Period
603236,2021-07-30,138.0,2021-08-02,142.62,1,0.03187826086956518,Maximum_Holding_Period
603236,2026-06-08,55.88,2026-06-09,58.15,1,0.03902276306370794,Maximum_Holding_Period
603256,2024-04-25,6.34,2024-04-26,6.46,1,0.017327444794952785,Maximum_Holding_Period
603258,2020-03-26,29.32,2020-03-27,29.11,1,-0.008762346521146002,Maximum_Holding_Period
603258,2022-05-05,21.5,2022-05-06,20.425,1,-0.05159999999999993,Extreme_Risk_Stop
603258,2025-04-16,19.75,2025-04-17,19.95,1,0.008526582278481066,Maximum_Holding_Period
603259,2024-02-08,53.65,2024-02-19,50.967499999999994,1,-0.05160000000000004,Extreme_Risk_Stop
603259,2024-02-23,54.04,2024-02-26,54.65,1,0.009687934863064341,Maximum_Holding_Period
603260,2021-10-20,173.87,2021-10-21,183.2,1,0.05206078104330807,Maximum_Holding_Period
603260,2022-04-19,92.77,2022-04-20,88.88,1,-0.043531658941468106,Trend_Break_Stop
603260,2026-08-05,34.89,2026-08-06,35.11,1,0.004705531670965925,Maximum_Holding_Period
603261,2024-04-11,36.08,2024-04-12,34.275999999999996,1,-0.05160000000000004,Extreme_Risk_Stop
603261,2026-07-27,40.5,2026-07-28,44.29,1,0.09198024691358024,Maximum_Holding_Period
603266,2022-05-11,14.2,2022-05-12,16.4,1,0.15332957746478876,Maximum_Holding_Period
603266,2023-12-06,31.68,2023-12-07,30.096,1,-0.05159999999999993,Extreme_Risk_Stop
603267,2026-08-03,48.36,2026-08-04,50.75,1,0.047821009098428395,Maximum_Holding_Period
603268,2022-05-10,18.5,2022-05-11,20.38,1,0.10002162162162147,Maximum_Holding_Period
603268,2024-02-21,15.59,2024-02-22,17.25,1,0.10487851186658119,Maximum_Holding_Period
603269,2022-03-24,14.3,2022-03-25,14.25,1,-0.0050965034965035445,Maximum_Holding_Period
603269,2024-06-24,10.22,2024-06-25,9.93,1,-0.029975733855185992,Trend_Break_Stop
603269,2025-06-26,9.08,2025-06-27,9.35,1,0.0281356828193831,Maximum_Holding_Period
603269,2026-04-09,13.64,2026-04-10,14.43,1,0.056317888563049805,Maximum_Holding_Period
603276,2024-07-23,13.6,2024-07-24,13.06,1,-0.041305882352941144,Trend_Break_Stop
603276,2025-04-15,12.58,2025-04-16,12.32,1,-0.022267726550079425,Trend_Break_Stop
603278,2026-06-08,12.29,2026-06-09,13.51,1,0.09766769731489026,Maximum_Holding_Period
603278,2026-06-17,12.65,2026-06-18,12.54,1,-0.010295652173913105,Maximum_Holding_Period
603282,2024-02-22,20.2,2024-02-23,21.06,1,0.040974257425742615,Maximum_Holding_Period
603283,2020-03-23,44.09,2020-03-24,41.8855,1,-0.05160000000000004,Extreme_Risk_Stop
603283,2020-04-03,39.52,2020-04-07,40.04,1,0.011557894736842034,Maximum_Holding_Period
603283,2020-04-08,39.63,2020-04-09,39.99,1,0.0074840272520817945,Maximum_Holding_Period
603283,2022-05-06,15.36,2022-05-09,15.74,1,0.02313958333333348,Maximum_Holding_Period
603285,2025-04-16,21.61,2025-04-17,21.94,1,0.013670708005552968,Maximum_Holding_Period
603289,2022-09-07,10.77,2022-09-08,10.66,1,-0.01181355617455888,Trend_Break_Stop
603290,2024-06-14,93.4,2024-06-17,99.07,1,0.0591066381156316,Maximum_Holding_Period
603291,2023-06-30,15.34,2023-07-03,15.3,1,-0.00420756192959577,Trend_Break_Stop
603297,2022-05-09,72.06,2022-05-10,68.457,1,-0.05160000000000015,Extreme_Risk_Stop
603297,2024-11-29,87.4,2024-12-02,93.18,1,0.06453272311212825,Maximum_Holding_Period
603300,2022-07-04,8.05,2022-07-05,8.67,1,0.07541863354037263,Maximum_Holding_Period
603301,2020-03-31,41.05,2020-04-01,38.997499999999995,1,-0.05160000000000004,Extreme_Risk_Stop
603301,2020-04-07,42.0,2020-04-08,40.79,1,-0.03040952380952384,Trend_Break_Stop
603301,2020-04-08,42.0,2020-04-09,39.9,1,-0.05160000000000004,Extreme_Risk_Stop
603305,2022-04-18,27.8,2022-04-19,28.49,1,0.023220143884892065,Maximum_Holding_Period
603308,2026-07-28,46.03,2026-07-29,43.7285,1,-0.05160000000000004,Extreme_Risk_Stop
603311,2022-05-06,8.91,2022-05-09,9.23,1,0.03431470258136931,Maximum_Holding_Period
603311,2026-07-27,25.16,2026-07-28,24.91,1,-0.011536406995230574,Trend_Break_Stop
603312,2024-02-27,28.88,2024-02-28,27.87,1,-0.03657229916897504,Trend_Break_Stop
603313,2026-08-13,6.41,2026-08-14,6.34,1,-0.01252043681747279,Trend_Break_Stop
603316,2022-04-28,5.8,2022-04-29,5.51,1,-0.05160000000000004,Extreme_Risk_Stop
603316,2024-04-26,4.27,2024-04-29,4.39,1,0.02650304449648715,Maximum_Holding_Period
603316,2026-06-17,20.0,2026-06-18,21.16,1,0.056400000000000054,Maximum_Holding_Period
603317,2021-06-25,29.21,2021-06-28,28.55,1,-0.024195001711742558,Trend_Break_Stop
603317,2021-08-03,25.12,2021-08-04,25.11,1,-0.0019980891719745915,Trend_Break_Stop
603319,2022-02-18,21.66,2022-02-21,22.28,1,0.027024192059095054,Maximum_Holding_Period
603320,2024-08-01,13.49,2024-08-02,13.59,1,0.005812898443291294,Maximum_Holding_Period
603320,2025-04-15,15.73,2025-04-16,15.58,1,-0.01113591862682779,Trend_Break_Stop
603324,2024-02-27,24.4,2024-02-28,23.36,1,-0.04422295081967204,Trend_Break_Stop
603325,2024-02-21,60.0,2024-02-22,62.3,1,0.03673333333333333,Maximum_Holding_Period
603326,2020-07-10,14.58,2020-07-13,15.21,1,0.04160987654320985,Maximum_Holding_Period
603326,2022-05-06,7.1,2022-05-09,7.29,1,0.025160563380281654,Maximum_Holding_Period
603327,2022-09-07,18.8,2022-09-08,18.98,1,0.007974468085106424,Maximum_Holding_Period
603327,2026-07-20,7.92,2026-07-21,8.18,1,0.031228282828282872,Trend_Break_Stop
603328,2026-07-30,9.01,2026-07-31,9.46,1,0.04834450610432866,Maximum_Holding_Period
603329,2024-02-19,12.75,2024-02-20,13.27,1,0.03918431372549019,Maximum_Holding_Period
603329,2024-02-21,13.0,2024-02-22,13.41,1,0.029938461538461515,Maximum_Holding_Period
603330,2020-08-17,25.2,2020-08-18,26.86,1,0.06427301587301586,Maximum_Holding_Period
603330,2025-01-13,6.5,2025-01-14,6.72,1,0.03224615384615386,Trend_Break_Stop
603330,2026-07-30,6.59,2026-07-31,6.93,1,0.04999332321699539,Maximum_Holding_Period
603335,2022-01-14,6.47,2022-01-17,6.1465,1,-0.05160000000000004,Extreme_Risk_Stop
603336,2022-05-06,6.12,2022-05-09,6.18,1,0.008203921568627415,Maximum_Holding_Period
603339,2026-07-28,11.59,2026-07-29,12.2,1,0.051031578947368365,Maximum_Holding_Period
603345,2021-03-15,194.29,2021-03-16,193.26,1,-0.006901353646610773,Trend_Break_Stop
603348,2020-03-26,18.2,2020-03-27,17.71,1,-0.028523076923076828,Trend_Break_Stop
603348,2022-02-24,48.35,2022-02-25,47.65,1,-0.016077766287487093,Maximum_Holding_Period
603348,2022-03-11,38.02,2022-03-14,36.119,1,-0.05160000000000004,Extreme_Risk_Stop
603351,2022-05-05,20.16,2022-05-06,20.91,1,0.035602380952380934,Maximum_Holding_Period
603353,2021-03-26,38.9,2021-03-29,41.88,1,0.07500668380462731,Maximum_Holding_Period
603353,2025-04-22,15.34,2025-04-23,15.22,1,-0.009422685788787421,Maximum_Holding_Period
603353,2026-01-06,26.93,2026-01-07,29.1,1,0.07897927961381361,Maximum_Holding_Period
603353,2026-06-16,40.27,2026-06-17,41.1,1,0.019010876583064374,Maximum_Holding_Period
603353,2026-06-17,40.26,2026-06-18,40.75,1,0.010570889220069591,Maximum_Holding_Period
603353,2026-06-18,40.8,2026-06-22,39.85,1,-0.024884313725490114,Trend_Break_Stop
603356,2026-07-28,13.62,2026-07-29,14.17,1,0.03878179148311305,Maximum_Holding_Period
603356,2026-07-29,13.95,2026-07-30,13.63,1,-0.024539068100358285,Trend_Break_Stop
603358,2021-06-21,17.35,2021-06-22,18.4,1,0.058918731988472355,Maximum_Holding_Period
603358,2021-06-23,18.1,2021-06-24,18.08,1,-0.002704972375690738,Trend_Break_Stop
603358,2022-05-06,15.56,2022-05-09,15.38,1,-0.013168123393316144,Maximum_Holding_Period
603359,2025-04-24,5.76,2025-04-25,6.36,1,0.10256666666666674,Maximum_Holding_Period
603359,2025-10-22,8.99,2025-10-23,8.71,1,-0.03274571746384864,Trend_Break_Stop
603360,2025-06-13,20.59,2025-06-16,20.33,1,-0.014227489072365328,Maximum_Holding_Period
603360,2026-02-25,29.4,2026-02-26,28.71,1,-0.02506938775510199,Trend_Break_Stop
603360,2026-06-08,19.91,2026-06-09,18.9145,1,-0.05160000000000004,Extreme_Risk_Stop
603360,2026-06-11,19.57,2026-06-12,18.83,1,-0.039412979049565706,Trend_Break_Stop
603363,2022-11-07,13.7,2022-11-08,13.4,1,-0.023497810218978076,Trend_Break_Stop
603366,2025-01-20,11.5,2025-01-21,11.19,1,-0.028556521739130435,Trend_Break_Stop
603366,2025-12-03,9.85,2025-12-04,9.47,1,-0.040178680203045554,Trend_Break_Stop
603366,2025-12-11,9.94,2025-12-12,9.65,1,-0.03077505030181078,Trend_Break_Stop
603373,2024-02-26,29.47,2024-02-27,30.4,1,0.029957516118086103,Maximum_Holding_Period
603379,2026-07-24,60.99,2026-07-27,60.21,1,-0.014388981800295197,Maximum_Holding_Period
603388,2022-05-06,6.12,2022-05-09,6.47,1,0.05558954248366015,Maximum_Holding_Period
603388,2025-09-19,1.82,2025-09-22,1.73,1,-0.051050549450549494,Trend_Break_Stop
603389,2020-02-18,4.81,2020-02-19,4.91,1,0.0191900207900209,Maximum_Holding_Period
603389,2026-07-30,43.39,2026-07-31,41.2205,1,-0.05159999999999993,Extreme_Risk_Stop
603390,2023-11-22,11.37,2023-11-23,10.801499999999999,1,-0.05160000000000004,Extreme_Risk_Stop
603390,2024-06-13,6.85,2024-06-14,6.91,1,0.007159124087591275,Maximum_Holding_Period
603390,2024-06-14,6.81,2024-06-17,6.88,1,0.00867900146842886,Maximum_Holding_Period
603390,2024-08-23,8.5,2024-08-26,8.075,1,-0.05160000000000004,Extreme_Risk_Stop
603390,2025-06-26,13.42,2025-06-27,13.45,1,0.0006354694485842154,Trend_Break_Stop
603392,2021-06-02,228.43,2021-06-03,223.51,1,-0.023138326839732114,Trend_Break_Stop
603392,2021-06-11,241.55,2021-06-15,251.39,1,0.03913690747257297,Maximum_Holding_Period
603392,2021-09-22,185.34,2021-09-23,213.5,1,0.15033698068414797,Maximum_Holding_Period
603392,2022-06-17,134.8,2022-06-20,149.28,1,0.10581839762611271,Maximum_Holding_Period
603393,2021-10-20,29.0,2021-10-21,30.2,1,0.03977931034482767,Maximum_Holding_Period
603395,2025-01-10,48.0,2025-01-13,45.599999999999994,1,-0.05160000000000015,Extreme_Risk_Stop
603396,2020-02-10,22.54,2020-02-11,24.1,1,0.06761029281277735,Maximum_Holding_Period
603396,2022-05-06,47.48,2022-05-09,49.26,1,0.035889469250210575,Maximum_Holding_Period
603396,2022-10-17,91.01,2022-10-18,89.18,1,-0.02170768047467304,Trend_Break_Stop
603396,2024-02-21,38.29,2024-02-22,40.28,1,0.0503717942021416,Maximum_Holding_Period
603398,2024-11-27,24.47,2024-11-28,27.96,1,0.1410236207601146,Maximum_Holding_Period
603398,2025-12-22,7.4,2025-12-23,7.76,1,0.0470486486486486,Maximum_Holding_Period
603398,2025-12-23,7.74,2025-12-24,7.71,1,-0.005475968992248069,Maximum_Holding_Period
603399,2026-06-01,17.57,2026-06-02,17.04,1,-0.03176505406943659,Trend_Break_Stop
603399,2026-06-02,18.13,2026-06-03,17.223499999999998,1,-0.05160000000000004,Extreme_Risk_Stop
603400,2026-07-28,37.05,2026-07-29,47.14,1,0.2707346828609987,Maximum_Holding_Period
603421,2024-04-25,5.94,2024-04-26,6.04,1,0.015235016835016869,Maximum_Holding_Period
603429,2021-01-18,29.83,2021-01-19,34.02,1,0.138862621521958,Maximum_Holding_Period
603429,2024-02-21,5.56,2024-02-22,5.82,1,0.04516258992805771,Maximum_Holding_Period
603439,2022-05-10,12.15,2022-05-11,12.21,1,0.003338271604938205,Trend_Break_Stop
603456,2020-02-20,17.65,2020-02-21,17.62,1,-0.0032997167138809165,Trend_Break_Stop
603459,2026-07-27,82.39,2026-07-28,88.55,1,0.07316635514018692,Maximum_Holding_Period
603466,2025-01-17,8.65,2025-01-20,8.72,1,0.0064924855491328886,Maximum_Holding_Period
603466,2025-04-16,8.82,2025-04-17,9.48,1,0.0732299319727892,Maximum_Holding_Period
603486,2021-08-11,185.99,2021-08-12,188.7,1,0.012970675842787039,Maximum_Holding_Period
603488,2020-06-15,6.86,2020-06-16,6.517,1,-0.05160000000000004,Extreme_Risk_Stop
603496,2024-04-22,25.0,2024-04-23,25.31,1,0.010799999999999966,Maximum_Holding_Period
603496,2024-04-25,26.4,2024-04-26,28.49,1,0.0775666666666666,Maximum_Holding_Period
603496,2025-04-15,25.77,2025-04-16,24.481499999999997,1,-0.05160000000000015,Extreme_Risk_Stop
603496,2026-02-11,29.38,2026-02-12,30.2,1,0.026310142954390648,Maximum_Holding_Period
603500,2021-02-08,11.51,2021-02-09,10.9345,1,-0.05160000000000004,Extreme_Risk_Stop
603500,2021-02-23,11.75,2021-02-24,12.09,1,0.027336170212765954,Maximum_Holding_Period
603501,2020-03-26,145.0,2020-03-27,149.3,1,0.02805517241379323,Maximum_Holding_Period
603505,2021-10-25,41.56,2021-10-26,44.26,1,0.06336631376323369,Maximum_Holding_Period
603505,2026-07-28,16.0,2026-07-29,16.09,1,0.004024999999999991,Maximum_Holding_Period
603507,2024-07-29,22.71,2024-07-30,21.5745,1,-0.05160000000000004,Extreme_Risk_Stop
603507,2026-08-06,24.2,2026-08-07,24.48,1,0.009970247933884391,Maximum_Holding_Period
603516,2023-07-20,17.93,2023-07-21,17.72,1,-0.01331221416620194,Maximum_Holding_Period
603516,2025-04-16,38.0,2025-04-17,38.6,1,0.014189473684210575,Trend_Break_Stop
603516,2026-07-28,92.66,2026-07-29,92.93,1,0.0013138786963092135,Maximum_Holding_Period
603517,2021-03-19,73.54,2021-03-22,74.05,1,0.005335001359803961,Maximum_Holding_Period
603520,2022-04-29,42.69,2022-05-05,45.97,1,0.07523298196298893,Maximum_Holding_Period
603520,2022-05-06,44.5,2022-05-09,47.78,1,0.07210786516853944,Maximum_Holding_Period
603527,2022-05-06,8.45,2022-05-09,8.42,1,-0.0051502958579880504,Maximum_Holding_Period
603530,2022-05-05,9.86,2022-05-06,10.03,1,0.01564137931034475,Maximum_Holding_Period
603533,2022-05-05,13.33,2022-05-06,13.21,1,-0.010602250562640591,Trend_Break_Stop
603533,2023-05-30,24.21,2023-05-31,28.12,1,0.15990351094589023,Maximum_Holding_Period
603535,2022-05-10,23.8,2022-05-11,25.81,1,0.08285378151260496,Maximum_Holding_Period
603535,2025-04-18,9.47,2025-04-21,9.39,1,-0.010047729672650507,Maximum_Holding_Period
603536,2020-03-23,12.31,2020-03-24,11.6945,1,-0.05160000000000004,Extreme_Risk_Stop
603538,2022-05-10,48.3,2022-05-11,47.75,1,-0.012987163561076497,Trend_Break_Stop
603538,2026-05-21,52.29,2026-05-22,49.6755,1,-0.05160000000000004,Extreme_Risk_Stop
603538,2026-05-22,52.44,2026-05-25,49.818,1,-0.05160000000000004,Extreme_Risk_Stop
603538,2026-08-11,28.6,2026-08-12,33.33,1,0.16378461538461525,Maximum_Holding_Period
603538,2026-08-14,31.65,2026-08-17,30.0675,1,-0.05159999999999993,Extreme_Risk_Stop
603555,2020-06-05,1.92,2020-06-08,1.86,1,-0.032849999999999886,Trend_Break_Stop
603557,2021-04-14,9.25,2021-04-15,9.18,1,-0.009167567567567602,Trend_Break_Stop
603559,2022-05-06,9.1,2022-05-09,9.62,1,0.055542857142857165,Maximum_Holding_Period
603559,2024-12-04,11.21,2024-12-05,11.49,1,0.023377698483496846,Maximum_Holding_Period
603567,2026-07-06,4.74,2026-07-07,4.65,1,-0.02058734177215189,Trend_Break_Stop
603568,2026-06-10,15.53,2026-06-11,16.18,1,0.04025447520927244,Maximum_Holding_Period
603569,2022-05-10,8.6,2022-05-11,8.94,1,0.03793488372093017,Maximum_Holding_Period
603578,2026-07-07,11.95,2026-07-08,12.31,1,0.028525523012552335,Maximum_Holding_Period
603579,2024-02-21,17.78,2024-02-22,18.43,1,0.034957930258717566,Maximum_Holding_Period
603579,2024-02-22,18.21,2024-02-23,18.54,1,0.01652191103789118,Maximum_Holding_Period
603583,2022-03-21,29.99,2022-03-22,30.06,1,0.0007341113704569151,Maximum_Holding_Period
603585,2026-07-31,9.8,2026-08-03,10.16,1,0.03513469387755102,Maximum_Holding_Period
603596,2026-05-27,34.0,2026-05-28,33.97,1,-0.002482352941176556,Trend_Break_Stop
603598,2023-06-01,10.4,2023-06-02,10.93,1,0.049361538461538505,Maximum_Holding_Period
603603,2022-05-19,3.03,2022-05-20,3.36,1,0.107310891089109,Maximum_Holding_Period
603603,2022-08-18,7.11,2022-08-19,6.7545,1,-0.05160000000000004,Extreme_Risk_Stop
603606,2026-06-16,41.12,2026-06-17,40.87,1,-0.007679766536964959,Trend_Break_Stop
603607,2020-07-13,16.82,2020-07-14,18.4,1,0.09233579072532687,Maximum_Holding_Period
603607,2024-04-22,12.89,2024-04-23,13.06,1,0.011588518231187051,Maximum_Holding_Period
603608,2024-06-06,2.59,2024-06-07,2.4604999999999997,1,-0.05160000000000004,Extreme_Risk_Stop
603612,2026-04-09,26.0,2026-04-10,26.25,1,0.00801538461538458,Maximum_Holding_Period
603612,2026-04-13,25.93,2026-04-14,26.75,1,0.030023602005399264,Maximum_Holding_Period
603615,2024-07-31,10.25,2024-08-01,11.01,1,0.0725463414634147,Maximum_Holding_Period
603616,2022-04-28,7.4,2022-04-29,7.39,1,-0.0029513513513514484,Trend_Break_Stop
603616,2026-07-08,5.77,2026-07-09,5.53,1,-0.04319445407279016,Trend_Break_Stop
603617,2021-01-21,9.91,2021-01-22,9.83,1,-0.009672653884964699,Maximum_Holding_Period
603617,2023-10-18,7.9,2023-10-19,7.66,1,-0.031979746835443086,Trend_Break_Stop
603617,2023-10-26,7.74,2023-10-27,7.61,1,-0.018395865633074892,Maximum_Holding_Period
603617,2025-01-22,7.81,2025-01-23,8.09,1,0.03425147247119092,Maximum_Holding_Period
603618,2025-04-16,6.35,2025-04-17,6.2,1,-0.025222047244094447,Trend_Break_Stop
603619,2020-02-11,13.45,2020-02-12,13.81,1,0.025165799256505573,Maximum_Holding_Period
603626,2025-04-11,7.24,2025-04-14,7.8,1,0.07574806629834256,Maximum_Holding_Period
603626,2026-03-30,21.21,2026-03-31,22.08,1,0.039418387553040994,Maximum_Holding_Period
603628,2022-09-07,15.68,2022-09-08,16.14,1,0.02773673469387754,Maximum_Holding_Period
603628,2024-06-14,14.0,2024-06-17,13.6,1,-0.03017142857142858,Trend_Break_Stop
603629,2024-04-22,23.25,2024-04-23,22.93,1,-0.015363440860215082,Trend_Break_Stop
603633,2020-08-04,16.0,2020-08-05,15.89,1,-0.008474999999999965,Maximum_Holding_Period
603633,2026-07-28,5.64,2026-07-29,5.79,1,0.02499574468085113,Maximum_Holding_Period
603636,2022-04-01,14.8,2022-04-06,14.06,1,-0.05160000000000004,Extreme_Risk_Stop
603636,2026-06-17,9.42,2026-06-18,9.15,1,-0.0302624203821656,Trend_Break_Stop
603638,2026-07-30,19.71,2026-07-31,19.59,1,-0.0076882800608828,Maximum_Holding_Period
603639,2020-07-08,21.6,2020-07-09,22.38,1,0.034511111111110986,Maximum_Holding_Period
603650,2021-12-13,52.04,2021-12-14,55.9,1,0.07257371252882398,Maximum_Holding_Period
603650,2022-05-06,24.31,2022-05-09,25.12,1,0.03171962155491586,Maximum_Holding_Period
603655,2021-04-01,21.72,2021-04-02,23.1,1,0.06193591160221006,Maximum_Holding_Period
603656,2021-08-03,12.85,2021-08-04,12.7,1,-0.013273151750972833,Maximum_Holding_Period
603657,2026-06-17,24.31,2026-06-18,23.094499999999996,1,-0.05160000000000004,Extreme_Risk_Stop
603658,2021-09-07,51.03,2021-09-08,51.05,1,-0.0012080736821477684,Maximum_Holding_Period
603660,2024-04-25,6.48,2024-04-26,6.92,1,0.06630123456790109,Maximum_Holding_Period
603662,2021-07-28,20.57,2021-07-29,22.35,1,0.08493378706854653,Maximum_Holding_Period
603662,2022-07-27,15.85,2022-07-28,16.46,1,0.036885804416403815,Maximum_Holding_Period
603663,2022-07-19,16.8,2022-07-20,18.21,1,0.08232857142857135,Maximum_Holding_Period
603663,2024-02-21,9.43,2024-02-22,9.82,1,0.03975737009544016,Maximum_Holding_Period
603665,2020-07-07,19.6,2020-07-08,19.38,1,-0.012824489795918503,Trend_Break_Stop
603666,2022-05-06,43.08,2022-05-09,41.57,1,-0.036651067780872744,Trend_Break_Stop
603667,2025-04-16,33.57,2025-04-17,33.03,1,-0.01768579088471851,Trend_Break_Stop
603669,2020-06-18,8.28,2020-06-19,8.53,1,0.028593236714975757,Maximum_Holding_Period
603669,2022-05-06,5.65,2022-05-09,6.2,1,0.09574513274336276,Maximum_Holding_Period
603669,2026-08-11,6.07,2026-08-12,6.2,1,0.019816803953871576,Maximum_Holding_Period
603679,2024-04-23,11.45,2024-04-24,12.05,1,0.050801746724890955,Trend_Break_Stop
603679,2024-04-26,12.19,2024-04-29,13.23,1,0.08371583264971298,Maximum_Holding_Period
603679,2026-07-27,15.9,2026-07-28,17.97,1,0.1285886792452829,Maximum_Holding_Period
603683,2024-06-13,8.27,2024-06-14,8.14,1,-0.01731946795646906,Maximum_Holding_Period
603686,2025-01-17,10.2,2025-01-20,10.68,1,0.04545882352941182,Maximum_Holding_Period
603688,2024-07-12,27.68,2024-07-15,27.14,1,-0.021108670520231198,Trend_Break_Stop
603690,2020-04-08,31.2,2020-04-09,31.27,1,0.0006435897435897358,Trend_Break_Stop
603693,2021-05-11,12.67,2021-05-12,12.8,1,0.008660457774269981,Maximum_Holding_Period
603696,2022-05-16,10.4,2022-05-17,9.879999999999999,1,-0.05160000000000015,Extreme_Risk_Stop
603696,2025-05-16,12.8,2025-05-19,13.0,1,0.014025,Maximum_Holding_Period
603701,2022-09-21,11.42,2022-09-22,12.47,1,0.09034395796847643,Maximum_Holding_Period
603703,2026-07-28,8.43,2026-07-29,8.6,1,0.01856607354685651,Maximum_Holding_Period
603707,2020-07-31,46.86,2020-08-03,46.88,1,-0.0011731967562953012,Maximum_Holding_Period
603707,2021-08-02,29.03,2021-08-03,33.68,1,0.15857912504305888,Maximum_Holding_Period
603709,2021-04-14,21.2,2021-04-15,21.4,1,0.00783396226415083,Maximum_Holding_Period
603709,2021-04-15,21.25,2021-04-16,21.45,1,0.007811764705882231,Maximum_Holding_Period
603709,2024-04-26,12.55,2024-04-29,13.59,1,0.08126852589641435,Maximum_Holding_Period
603709,2025-10-13,14.48,2025-10-14,14.76,1,0.01773701657458564,Maximum_Holding_Period
603711,2025-01-10,15.29,2025-01-13,14.5255,1,-0.05160000000000004,Extreme_Risk_Stop
603716,2023-09-01,11.63,2023-09-04,11.0485,1,-0.05160000000000004,Extreme_Risk_Stop
603716,2025-04-16,9.88,2025-04-17,9.386000000000001,1,-0.05159999999999993,Extreme_Risk_Stop
603717,2025-04-11,7.4,2025-04-14,7.29,1,-0.016464864864864936,Trend_Break_Stop
603718,2020-09-04,31.99,2020-09-07,30.390499999999996,1,-0.05160000000000004,Extreme_Risk_Stop
603719,2024-02-20,15.0,2024-02-21,15.55,1,0.03506666666666663,Maximum_Holding_Period
603721,2021-06-21,20.3,2021-06-22,21.69,1,0.06687290640394088,Maximum_Holding_Period
603721,2024-04-12,32.2,2024-04-15,30.59,1,-0.05160000000000004,Extreme_Risk_Stop
603721,2024-04-15,31.78,2024-04-16,30.191,1,-0.05160000000000004,Extreme_Risk_Stop
603726,2026-07-27,22.5,2026-07-28,23.85,1,0.058400000000000056,Maximum_Holding_Period
603727,2021-10-20,23.71,2021-10-21,24.97,1,0.05154213412062419,Maximum_Holding_Period
603727,2022-05-06,10.6,2022-05-09,10.85,1,0.021984905660377408,Maximum_Holding_Period
603729,2023-11-20,20.9,2023-11-21,22.11,1,0.056294736842105224,Maximum_Holding_Period
603729,2023-11-22,21.7,2023-11-23,21.03,1,-0.0324755760368663,Trend_Break_Stop
603729,2023-12-04,20.1,2023-12-05,20.77,1,0.03173333333333322,Maximum_Holding_Period
603729,2026-03-09,17.98,2026-03-10,18.59,1,0.03232658509454938,Maximum_Holding_Period
603730,2020-08-20,25.0,2020-08-21,24.34,1,-0.02799999999999998,Trend_Break_Stop
603730,2020-09-04,25.84,2020-09-07,27.03,1,0.04445263157894735,Maximum_Holding_Period
603733,2022-05-06,20.03,2022-05-09,20.97,1,0.045329605591612414,Maximum_Holding_Period
603733,2026-07-22,19.6,2026-07-23,21.01,1,0.07033877551020411,Maximum_Holding_Period
603738,2023-06-27,17.31,2023-06-28,16.444499999999998,1,-0.05160000000000004,Extreme_Risk_Stop
603757,2022-09-22,24.43,2022-09-23,25.61,1,0.04670126893164133,Maximum_Holding_Period
603758,2024-02-21,8.09,2024-02-22,8.48,1,0.046607663782447566,Maximum_Holding_Period
603767,2023-08-04,12.8,2023-08-07,13.1,1,0.0218375,Maximum_Holding_Period
603768,2022-11-03,17.9,2022-11-04,18.67,1,0.04141675977653652,Maximum_Holding_Period
603768,2023-11-07,22.11,2023-11-08,22.85,1,0.03186901854364548,Maximum_Holding_Period
603768,2023-11-09,22.16,2023-11-10,21.052,1,-0.05160000000000004,Extreme_Risk_Stop
603773,2025-04-15,21.86,2025-04-16,20.767,1,-0.05160000000000004,Extreme_Risk_Stop
603777,2020-09-22,15.64,2020-09-23,15.43,1,-0.015027109974424645,Trend_Break_Stop
603777,2021-07-15,16.0,2021-07-16,15.84,1,-0.01160000000000001,Maximum_Holding_Period
603777,2026-07-24,12.82,2026-07-27,13.2,1,0.028041185647425904,Maximum_Holding_Period
603777,2026-07-27,12.73,2026-07-28,13.1,1,0.02746520031421822,Maximum_Holding_Period
603777,2026-07-28,12.99,2026-07-29,13.43,1,0.03227220939183977,Maximum_Holding_Period
603778,2024-02-22,3.53,2024-02-23,3.78,1,0.06922152974504252,Maximum_Holding_Period
603778,2024-02-27,3.79,2024-02-28,3.6005,1,-0.05160000000000004,Extreme_Risk_Stop
603778,2024-07-02,2.96,2024-07-03,2.91,1,-0.018491891891891887,Maximum_Holding_Period
603778,2026-01-27,18.0,2026-01-28,17.099999999999998,1,-0.05160000000000015,Extreme_Risk_Stop
603778,2026-07-29,8.98,2026-07-30,8.531,1,-0.05159999999999993,Extreme_Risk_Stop
603786,2020-03-26,50.1,2020-03-27,48.78,1,-0.027947305389221588,Maximum_Holding_Period
603789,2022-05-06,7.29,2022-05-09,7.51,1,0.028578326474622707,Maximum_Holding_Period
603797,2020-07-16,9.66,2020-07-17,9.66,1,-0.0015999999999999999,Maximum_Holding_Period
603798,2026-07-27,11.55,2026-07-28,11.41,1,-0.0137212121212122,Trend_Break_Stop
603799,2020-04-08,31.46,2020-04-09,33.05,1,0.048940368722186815,Maximum_Holding_Period
603799,2026-03-30,59.0,2026-03-31,58.73,1,-0.006176271186440772,Trend_Break_Stop
603801,2022-05-19,19.7,2022-05-20,19.73,1,-7.715736040609777e-05,Trend_Break_Stop
603803,2020-04-08,13.15,2020-04-09,14.06,1,0.0676015209125476,Maximum_Holding_Period
603810,2020-07-21,38.8,2020-07-22,38.38,1,-0.012424742268041088,Maximum_Holding_Period
603810,2022-05-06,11.83,2022-05-09,12.1,1,0.02122333051563823,Maximum_Holding_Period
603810,2024-04-26,10.28,2024-04-29,10.8,1,0.04898365758754868,Maximum_Holding_Period
603811,2023-07-06,12.72,2023-07-07,12.85,1,0.00862012578616338,Maximum_Holding_Period
603815,2020-02-12,14.24,2020-02-13,15.03,1,0.0538775280898876,Maximum_Holding_Period
603815,2020-03-19,23.64,2020-03-20,22.458,1,-0.05160000000000004,Extreme_Risk_Stop
603815,2022-04-28,7.9,2022-04-29,8.48,1,0.07181772151898728,Maximum_Holding_Period
603817,2021-05-17,5.95,2021-05-18,5.88,1,-0.013364705882353011,Trend_Break_Stop
603819,2024-02-21,10.73,2024-02-22,11.45,1,0.06550158434296365,Maximum_Holding_Period
603822,2022-05-09,33.56,2022-05-10,38.2,1,0.13665983313468427,Maximum_Holding_Period
603822,2025-12-04,85.53,2025-12-05,82.41,1,-0.03807842862153638,Trend_Break_Stop
603825,2022-05-06,14.2,2022-05-09,14.96,1,0.051921126760563534,Maximum_Holding_Period
603825,2024-12-27,13.88,2024-12-30,13.186,1,-0.05160000000000004,Extreme_Risk_Stop
603828,2022-05-10,3.29,2022-05-11,3.32,1,0.00751854103343468,Maximum_Holding_Period
603829,2023-07-14,16.7,2023-07-17,16.84,1,0.006783233532934131,Maximum_Holding_Period
603833,2022-11-03,87.13,2022-11-04,89.91,1,0.03030634683805804,Maximum_Holding_Period
603839,2024-09-02,4.32,2024-09-03,4.3,1,-0.006229629629629761,Maximum_Holding_Period
603839,2025-01-10,5.47,2025-01-13,5.1964999999999995,1,-0.05160000000000004,Extreme_Risk_Stop
603843,2022-03-18,5.53,2022-03-21,5.82,1,0.05084122965641962,Maximum_Holding_Period
603843,2022-04-28,4.47,2022-04-29,4.246499999999999,1,-0.05160000000000015,Extreme_Risk_Stop
603843,2026-01-06,5.52,2026-01-07,6.21,1,0.1234,Maximum_Holding_Period
603858,2022-02-11,20.94,2022-02-14,19.893,1,-0.05160000000000004,Extreme_Risk_Stop
603860,2023-04-06,32.31,2023-04-07,30.6945,1,-0.05160000000000004,Extreme_Risk_Stop
603860,2024-02-20,24.7,2024-02-21,26.01,1,0.05143643724696361,Maximum_Holding_Period
603861,2026-03-27,16.31,2026-03-30,16.59,1,0.015567381974249051,Maximum_Holding_Period
603861,2026-03-30,16.56,2026-03-31,15.98,1,-0.03662415458937191,Trend_Break_Stop
603867,2022-07-18,27.65,2022-07-19,29.15,1,0.05264954792043391,Maximum_Holding_Period
603871,2020-06-29,22.03,2020-06-30,21.59,1,-0.021572764412165334,Trend_Break_Stop
603871,2022-04-01,18.24,2022-04-06,18.8,1,0.029101754385965118,Maximum_Holding_Period
603876,2022-05-06,25.9,2022-05-09,27.21,1,0.048979150579150636,Maximum_Holding_Period
603879,2023-09-14,8.4,2023-09-15,7.9799999999999995,1,-0.05160000000000004,Extreme_Risk_Stop
603880,2020-02-27,16.57,2020-02-28,17.49,1,0.053922027761013784,Maximum_Holding_Period
603880,2020-07-22,18.13,2020-07-23,17.223499999999998,1,-0.05160000000000004,Extreme_Risk_Stop
603880,2022-05-06,5.05,2022-05-09,5.26,1,0.039984158415841624,Maximum_Holding_Period
603880,2024-02-22,3.59,2024-02-23,3.78,1,0.05132479108635107,Maximum_Holding_Period
603881,2022-05-10,24.21,2022-05-11,24.59,1,0.014095993391160678,Maximum_Holding_Period
603881,2026-07-02,25.41,2026-07-03,25.21,1,-0.00947091696182607,Maximum_Holding_Period
603887,2022-02-11,8.33,2022-02-14,8.88,1,0.06442641056422586,Maximum_Holding_Period
603887,2024-11-12,15.6,2024-11-13,17.24,1,0.10352820512820497,Maximum_Holding_Period
603887,2024-12-12,14.31,2024-12-13,16.64,1,0.16122320055904954,Maximum_Holding_Period
603887,2025-01-22,15.3,2025-01-23,14.69,1,-0.04146928104575171,Trend_Break_Stop
603888,2022-02-10,19.3,2022-02-11,18.73,1,-0.031133678756476723,Trend_Break_Stop
603888,2023-05-05,31.75,2023-05-08,30.162499999999998,1,-0.05160000000000004,Extreme_Risk_Stop
603889,2023-06-09,7.07,2023-06-12,7.4,1,0.045076096181046625,Maximum_Holding_Period
603889,2026-06-11,6.02,2026-06-12,6.06,1,0.005044518272425293,Maximum_Holding_Period
603895,2022-03-18,24.44,2022-03-21,23.92,1,-0.022876595744680882,Maximum_Holding_Period
603895,2024-04-29,18.95,2024-04-30,19.34,1,0.01898047493403703,Maximum_Holding_Period
603897,2024-02-21,15.19,2024-02-22,15.72,1,0.033291375905200975,Maximum_Holding_Period
603899,2021-03-12,74.49,2021-03-15,70.76549999999999,1,-0.05160000000000004,Extreme_Risk_Stop
603899,2021-03-15,74.67,2021-03-16,72.3,1,-0.03333965447971083,Trend_Break_Stop
603899,2021-03-19,75.66,2021-03-22,75.85,1,0.0009112344699973478,Maximum_Holding_Period
603900,2024-05-21,6.24,2024-05-22,6.34,1,0.014425641025640968,Maximum_Holding_Period
603900,2024-07-19,4.93,2024-07-22,4.6834999999999996,1,-0.05160000000000004,Extreme_Risk_Stop
603900,2025-03-31,6.25,2025-04-01,6.4,1,0.02240000000000002,Maximum_Holding_Period
603912,2020-03-23,20.79,2020-03-24,19.7505,1,-0.05160000000000004,Extreme_Risk_Stop
603912,2022-05-06,14.42,2022-05-09,15.49,1,0.07260249653259358,Maximum_Holding_Period
603912,2023-06-02,13.46,2023-06-05,13.71,1,0.01697355126300142,Maximum_Holding_Period
603912,2023-06-20,11.41,2023-06-21,10.8395,1,-0.05160000000000004,Extreme_Risk_Stop
603912,2024-04-25,6.93,2024-04-26,7.24,1,0.04313304473304474,Maximum_Holding_Period
603915,2022-06-22,19.54,2022-06-23,20.89,1,0.06748904810644833,Maximum_Holding_Period
603916,2026-07-30,9.76,2026-07-31,10.0,1,0.022990163934426145,Maximum_Holding_Period
603918,2024-01-02,18.3,2024-01-03,17.85,1,-0.026190163934426147,Trend_Break_Stop
603918,2025-01-10,11.79,2025-01-13,11.200499999999998,1,-0.05160000000000004,Extreme_Risk_Stop
603919,2020-02-12,14.5,2020-02-13,14.41,1,-0.007806896551724128,Trend_Break_Stop
603919,2021-02-22,31.99,2021-02-23,30.390499999999996,1,-0.05160000000000004,Extreme_Risk_Stop
603922,2022-05-05,18.66,2022-05-06,18.25,1,-0.023572132904608755,Trend_Break_Stop
603926,2026-07-27,14.3,2026-07-28,15.15,1,0.05784055944055937,Maximum_Holding_Period
603929,2021-01-07,11.84,2021-01-08,11.248,1,-0.05160000000000004,Extreme_Risk_Stop
603931,2020-09-17,49.1,2020-09-18,50.3,1,0.02283991853360483,Maximum_Holding_Period
603931,2021-06-21,30.6,2021-06-22,30.9,1,0.008203921568627415,Maximum_Holding_Period
603936,2022-05-06,8.89,2022-05-09,9.09,1,0.02089718785151855,Maximum_Holding_Period
603938,2024-02-21,13.2,2024-02-22,13.67,1,0.034006060606060644,Maximum_Holding_Period
603938,2026-03-30,23.89,2026-03-31,24.1,1,0.007190288823775638,Trend_Break_Stop
603939,2020-05-29,73.55,2020-06-01,80.34,1,0.09071815091774309,Maximum_Holding_Period
603948,2020-04-08,26.79,2020-04-09,26.33,1,-0.018770586039567005,Trend_Break_Stop
603948,2026-07-29,19.01,2026-07-30,19.08,1,0.002082272488163996,Trend_Break_Stop
603948,2026-07-30,19.39,2026-07-31,19.39,1,-0.0015999999999999999,Maximum_Holding_Period
603950,2026-07-28,62.8,2026-07-29,59.66,1,-0.05160000000000004,Extreme_Risk_Stop
603955,2022-05-12,12.52,2022-05-13,12.99,1,0.035939936102236385,Maximum_Holding_Period
603955,2024-04-22,11.4,2024-04-23,11.21,1,-0.018266666666666608,Trend_Break_Stop
603955,2024-12-04,24.51,2024-12-05,25.94,1,0.05674353325173392,Maximum_Holding_Period
603955,2024-12-06,24.9,2024-12-09,23.654999999999998,1,-0.05160000000000004,Extreme_Risk_Stop
603958,2024-02-08,12.4,2024-02-19,16.68,1,0.3435612903225807,Maximum_Holding_Period
603958,2026-07-29,13.5,2026-07-30,12.825,1,-0.05160000000000004,Extreme_Risk_Stop
603959,2024-04-29,4.19,2024-05-06,4.11,1,-0.020693078758949945,Trend_Break_Stop
603959,2024-05-06,4.11,2024-05-07,3.9045,1,-0.05160000000000004,Extreme_Risk_Stop
603959,2025-02-10,4.08,2025-02-11,4.05,1,-0.008952941176470674,Trend_Break_Stop
603959,2026-05-12,4.83,2026-05-13,5.15,1,0.0646525879917184,Maximum_Holding_Period
603960,2022-05-09,14.8,2022-05-10,15.76,1,0.06326486486486486,Maximum_Holding_Period
603960,2026-03-30,20.03,2026-03-31,20.4,1,0.01687229156265584,Maximum_Holding_Period
603963,2024-04-11,10.2,2024-04-12,9.69,1,-0.05159999999999993,Extreme_Risk_Stop
603966,2020-02-11,9.34,2020-02-12,9.52,1,0.017671948608136968,Maximum_Holding_Period
603968,2024-02-21,9.76,2024-02-22,10.39,1,0.06294918032786882,Maximum_Holding_Period
603969,2022-05-06,4.15,2022-05-09,4.3,1,0.0345445783132528,Maximum_Holding_Period
603976,2020-11-12,75.5,2020-11-13,71.725,1,-0.05160000000000004,Extreme_Risk_Stop
603976,2024-02-23,13.79,2024-02-26,14.88,1,0.07744278462654113,Maximum_Holding_Period
603979,2021-10-20,21.36,2021-10-21,21.99,1,0.027894382022471787,Maximum_Holding_Period
603982,2020-06-03,19.01,2020-06-04,18.84,1,-0.010542661756970117,Maximum_Holding_Period
603985,2020-06-30,16.45,2020-07-01,16.05,1,-0.025916109422492294,Trend_Break_Stop
603985,2021-07-09,17.37,2021-07-12,17.1,1,-0.017144041450777147,Trend_Break_Stop
603986,2023-05-17,104.0,2023-05-18,107.2,1,0.02916923076923088,Maximum_Holding_Period
603989,2026-08-11,28.55,2026-08-12,29.52,1,0.03237548161120834,Maximum_Holding_Period
603990,2021-04-13,23.6,2021-04-14,24.19,1,0.02339999999999991,Maximum_Holding_Period
603990,2021-04-14,23.49,2021-04-15,24.25,1,0.030754193273733677,Maximum_Holding_Period
603990,2022-03-21,20.5,2022-03-22,20.06,1,-0.02306341463414636,Maximum_Holding_Period
603993,2021-10-13,6.25,2021-10-14,6.45,1,0.030400000000000028,Maximum_Holding_Period
603996,2021-12-03,2.65,2021-12-06,2.76,1,0.039909433962264144,Maximum_Holding_Period
603996,2022-01-06,2.16,2022-01-07,2.052,1,-0.05160000000000004,Extreme_Risk_Stop
603997,2022-05-06,7.11,2022-05-09,7.21,1,0.012464697609001308,Trend_Break_Stop
603998,2024-02-08,8.36,2024-02-19,9.32,1,0.11323253588516762,Maximum_Holding_Period
605001,2025-01-09,6.55,2025-01-10,6.222499999999999,1,-0.05160000000000004,Extreme_Risk_Stop
605001,2025-01-10,6.56,2025-01-13,6.231999999999999,1,-0.05160000000000004,Extreme_Risk_Stop
605003,2024-02-20,14.53,2024-02-21,15.26,1,0.04864088093599444,Maximum_Holding_Period
605003,2024-02-27,15.98,2024-02-28,15.21,1,-0.04978523153942422,Trend_Break_Stop
605006,2021-03-12,10.8,2021-03-15,11.2,1,0.03543703703703698,Maximum_Holding_Period
605008,2021-05-28,19.25,2021-05-31,19.19,1,-0.004716883116883073,Trend_Break_Stop
605011,2021-08-12,18.75,2021-08-13,20.14,1,0.07253333333333338,Maximum_Holding_Period
605011,2022-05-06,14.76,2022-05-09,15.19,1,0.027532791327913354,Maximum_Holding_Period
605016,2025-07-02,20.58,2025-07-03,22.7,1,0.10141263362487866,Maximum_Holding_Period
605018,2020-11-10,16.6,2020-11-11,17.45,1,0.04960481927710841,Maximum_Holding_Period
605018,2021-02-09,16.73,2021-02-10,16.81,1,0.0031818290496113304,Trend_Break_Stop
605018,2026-07-02,14.25,2026-07-03,14.92,1,0.04541754385964918,Maximum_Holding_Period
605018,2026-07-06,14.78,2026-07-07,14.040999999999999,1,-0.05160000000000004,Extreme_Risk_Stop
605020,2021-10-21,34.11,2021-10-22,33.48,1,-0.020069656992084472,Trend_Break_Stop
605028,2021-08-18,23.65,2021-08-19,23.33,1,-0.015130655391120528,Trend_Break_Stop
605033,2022-01-14,19.55,2022-01-17,19.31,1,-0.013876214833759736,Trend_Break_Stop
605033,2022-02-10,17.88,2022-02-11,17.53,1,-0.02117494407158822,Trend_Break_Stop
605055,2021-03-12,7.96,2021-03-15,8.44,1,0.058701507537688484,Maximum_Holding_Period
605056,2021-08-27,19.57,2021-08-30,20.02,1,0.021394379151762833,Maximum_Holding_Period
605068,2024-02-22,16.37,2024-02-23,17.33,1,0.05704386072083061,Maximum_Holding_Period
605069,2022-02-09,20.85,2022-02-10,21.18,1,0.014227338129496215,Maximum_Holding_Period
605069,2024-04-25,6.22,2024-04-26,6.2,1,-0.004815434083601254,Maximum_Holding_Period
605089,2021-07-02,93.11,2021-07-05,88.4545,1,-0.05160000000000004,Extreme_Risk_Stop
605089,2021-08-02,67.0,2021-08-03,69.54,1,0.036310447761194235,Maximum_Holding_Period
605089,2021-08-03,67.92,2021-08-04,67.0,1,-0.015145347467608938,Trend_Break_Stop
605089,2021-08-04,69.0,2021-08-05,65.55,1,-0.05160000000000004,Extreme_Risk_Stop
605089,2024-02-21,26.73,2024-02-22,28.1,1,0.0496532734754958,Maximum_Holding_Period
605090,2021-10-19,30.59,2021-10-20,30.52,1,-0.0038883295194507934,Maximum_Holding_Period
605090,2022-05-27,21.18,2022-05-30,20.46,1,-0.03559433427762033,Trend_Break_Stop
605090,2026-03-31,40.2,2026-04-01,38.46,1,-0.044883582089552294,Trend_Break_Stop
605099,2021-08-02,34.56,2021-08-03,35.9,1,0.03717314814814814,Maximum_Holding_Period
605099,2025-07-03,34.51,2025-07-04,34.0,1,-0.016378325123152692,Trend_Break_Stop
605100,2025-04-01,23.16,2025-04-02,22.5,1,-0.03009740932642486,Trend_Break_Stop
605100,2026-07-27,29.36,2026-07-28,30.8,1,0.04744632152588562,Maximum_Holding_Period
605100,2026-07-29,30.65,2026-07-30,29.117499999999996,1,-0.05160000000000004,Extreme_Risk_Stop
605108,2022-02-15,20.1,2022-02-16,19.54,1,-0.029460696517413076,Trend_Break_Stop
605111,2024-02-21,30.81,2024-02-22,31.83,1,0.0315061343719572,Maximum_Holding_Period
605111,2024-07-10,30.38,2024-07-11,31.36,1,0.030658064516129003,Maximum_Holding_Period
605111,2024-07-12,30.95,2024-07-15,30.39,1,-0.01969369951534734,Trend_Break_Stop
605111,2026-08-11,55.5,2026-08-12,57.38,1,0.032273873873873975,Maximum_Holding_Period
605117,2022-04-18,190.0,2022-04-19,204.0,1,0.07208421052631579,Maximum_Holding_Period
605117,2023-08-31,93.38,2023-09-01,91.48,1,-0.021946969372456503,Trend_Break_Stop
605118,2023-06-30,17.33,2023-07-03,17.09,1,-0.015448817080207688,Trend_Break_Stop
605118,2026-08-05,28.92,2026-08-06,29.27,1,0.010502351313969528,Maximum_Holding_Period
605128,2021-09-22,35.53,2021-09-23,36.7,1,0.03132991837883475,Maximum_Holding_Period
605128,2022-09-07,47.08,2022-09-08,52.94,1,0.12286898895497016,Maximum_Holding_Period
605138,2022-01-06,12.69,2022-01-07,12.15,1,-0.04415319148936165,Trend_Break_Stop
605155,2024-02-27,12.41,2024-02-28,11.7895,1,-0.05159999999999993,Extreme_Risk_Stop
605167,2026-07-28,13.14,2026-07-29,12.94,1,-0.016820700152207112,Maximum_Holding_Period
605168,2025-01-20,31.58,2025-01-21,31.09,1,-0.01711614946168456,Trend_Break_Stop
605169,2021-06-04,15.25,2021-06-22,16.63,1,0.08889180327868855,Maximum_Holding_Period
605169,2021-06-24,15.87,2021-06-25,15.2,1,-0.043818021424070604,Trend_Break_Stop
605169,2021-11-05,17.16,2021-11-08,18.28,1,0.06366806526806527,Maximum_Holding_Period
605169,2022-06-13,12.14,2022-06-14,12.35,1,0.015698187808896025,Maximum_Holding_Period
605179,2024-12-26,22.5,2024-12-27,21.375,1,-0.05160000000000004,Extreme_Risk_Stop
605180,2022-07-12,19.09,2022-07-13,18.51,1,-0.0319823991618648,Trend_Break_Stop
605186,2021-01-21,24.15,2021-01-22,24.5,1,0.01289275362318847,Maximum_Holding_Period
605188,2025-05-09,11.0,2025-05-12,10.65,1,-0.03341818181818174,Trend_Break_Stop
605188,2025-05-15,11.18,2025-05-16,13.31,1,0.18891878354203945,Maximum_Holding_Period
605196,2021-06-21,13.49,2021-06-22,14.15,1,0.04732512972572272,Maximum_Holding_Period
605196,2021-06-23,13.75,2021-06-24,13.27,1,-0.03650909090909089,Trend_Break_Stop
605196,2026-03-27,45.0,2026-03-30,48.69,1,0.08039999999999985,Maximum_Holding_Period
605199,2022-05-06,15.36,2022-05-09,16.12,1,0.04787916666666674,Maximum_Holding_Period
605208,2021-05-10,25.92,2021-05-11,24.624,1,-0.05160000000000015,Extreme_Risk_Stop
605208,2021-05-11,25.9,2021-05-12,24.604999999999997,1,-0.05160000000000004,Extreme_Risk_Stop
605218,2022-05-06,9.9,2022-05-09,10.07,1,0.01557171717171717,Maximum_Holding_Period
605222,2026-07-28,18.18,2026-07-29,18.64,1,0.023702530253025423,Maximum_Holding_Period
605228,2021-02-26,10.01,2021-03-01,10.46,1,0.0433550449550451,Maximum_Holding_Period
605228,2021-03-02,10.28,2021-03-03,9.765999999999998,1,-0.05160000000000015,Extreme_Risk_Stop
605228,2026-08-07,10.99,2026-08-10,10.97,1,-0.0034198362147406887,Maximum_Holding_Period
605258,2021-01-06,37.32,2021-01-07,35.454,1,-0.05160000000000004,Extreme_Risk_Stop
605268,2022-05-06,8.98,2022-05-09,9.25,1,0.028466815144766056,Maximum_Holding_Period
605277,2022-05-06,21.25,2022-05-09,21.37,1,0.004047058823529561,Maximum_Holding_Period
605277,2023-07-03,16.06,2023-07-04,16.02,1,-0.004090660024906499,Maximum_Holding_Period
605277,2024-04-25,14.24,2024-04-26,14.99,1,0.05106853932584259,Maximum_Holding_Period
605277,2024-07-01,12.85,2024-07-02,12.91,1,0.0030692607003890886,Maximum_Holding_Period
605277,2024-07-02,13.04,2024-07-03,12.66,1,-0.03074110429447847,Trend_Break_Stop
605286,2021-04-29,26.0,2021-04-30,24.7,1,-0.05160000000000004,Extreme_Risk_Stop
605286,2022-04-15,23.05,2022-04-18,24.76,1,0.0725865509761388,Maximum_Holding_Period
605286,2024-02-21,19.65,2024-02-22,20.29,1,0.030969974554707447,Maximum_Holding_Period
605287,2026-07-28,31.99,2026-07-29,33.36,1,0.041225883088465136,Maximum_Holding_Period
605287,2026-08-04,34.19,2026-08-05,36.9,1,0.0776629423808131,Maximum_Holding_Period
605289,2022-01-06,40.99,2022-01-07,38.9405,1,-0.05160000000000004,Extreme_Risk_Stop
605296,2021-06-29,49.2,2021-06-30,47.2,1,-0.04225040650406504,Trend_Break_Stop
605299,2021-01-18,11.19,2021-01-19,11.69,1,0.04308275245755149,Maximum_Holding_Period
605299,2021-01-20,11.57,2021-01-21,11.58,1,-0.0007356957649093483,Maximum_Holding_Period
605299,2022-05-06,9.41,2022-05-09,9.56,1,0.014340488841657884,Maximum_Holding_Period
605300,2021-08-03,23.8,2021-08-04,23.26,1,-0.02428907563025202,Trend_Break_Stop
605303,2021-05-12,19.0,2021-05-13,18.49,1,-0.028442105263158,Trend_Break_Stop
605303,2026-07-13,22.21,2026-07-14,21.0995,1,-0.05160000000000004,Extreme_Risk_Stop
605303,2026-07-14,21.84,2026-07-15,21.32,1,-0.025409523809523837,Trend_Break_Stop
605303,2026-07-28,19.5,2026-07-29,18.525,1,-0.05160000000000004,Extreme_Risk_Stop
605318,2022-01-14,16.03,2022-01-17,15.74,1,-0.01969107922645048,Trend_Break_Stop
605319,2022-05-06,11.98,2022-05-09,12.13,1,0.010920868113522487,Maximum_Holding_Period
605333,2022-02-24,19.81,2022-02-25,20.29,1,0.0226301867743564,Maximum_Holding_Period
605336,2026-07-28,9.5,2026-07-29,10.03,1,0.05418947368421039,Maximum_Holding_Period
605337,2021-03-18,30.95,2021-03-19,34.71,1,0.11988626817447505,Maximum_Holding_Period
605338,2022-02-18,30.75,2022-02-21,30.52,1,-0.009079674796747938,Maximum_Holding_Period
605358,2022-05-19,59.25,2022-05-20,62.0,1,0.04481350210970474,Maximum_Holding_Period
605365,2021-08-19,24.7,2021-08-20,23.465,1,-0.05159999999999993,Extreme_Risk_Stop
605365,2023-10-11,17.41,2023-10-12,17.24,1,-0.011364503159104044,Maximum_Holding_Period
605365,2024-02-22,15.6,2024-02-23,16.48,1,0.054810256410256435,Maximum_Holding_Period
605369,2025-07-03,19.58,2025-07-04,20.72,1,0.056622676200204274,Maximum_Holding_Period
605376,2022-09-07,48.96,2022-09-08,48.18,1,-0.017531372549019663,Maximum_Holding_Period
605378,2021-05-20,33.62,2021-05-21,33.44,1,-0.006953955978584124,Maximum_Holding_Period
605388,2020-09-17,22.01,2020-09-18,22.21,1,0.007486778736937751,Maximum_Holding_Period
605398,2022-05-06,29.6,2022-05-09,30.92,1,0.0429945945945947,Maximum_Holding_Period
605398,2025-03-03,39.1,2025-03-04,37.145,1,-0.05159999999999993,Extreme_Risk_Stop
605399,2026-08-06,10.35,2026-08-07,10.75,1,0.037047342995169034,Maximum_Holding_Period
605488,2025-04-16,38.68,2025-04-17,37.68,1,-0.02745315408479838,Trend_Break_Stop
605499,2026-06-03,148.35,2026-06-04,140.93249999999998,1,-0.05160000000000015,Extreme_Risk_Stop
605555,2023-06-16,14.88,2023-06-19,15.4,1,0.03334623655913976,Maximum_Holding_Period
605567,2022-02-11,16.84,2022-02-14,15.998,1,-0.05160000000000004,Extreme_Risk_Stop
605567,2022-05-06,14.36,2022-05-09,14.95,1,0.03948635097493041,Maximum_Holding_Period
605567,2022-05-10,14.69,2022-05-11,14.84,1,0.008611027910143055,Trend_Break_Stop
605577,2021-10-13,12.23,2021-10-14,15.19,1,0.24042780049059692,Maximum_Holding_Period
605577,2021-11-08,12.07,2021-11-09,12.15,1,0.005028003314001596,Maximum_Holding_Period
605577,2021-11-09,12.13,2021-11-10,12.71,1,0.0462153338829348,Maximum_Holding_Period
605577,2021-11-11,12.5,2021-11-12,12.54,1,0.0015999999999998698,Maximum_Holding_Period
605577,2021-11-12,12.74,2021-11-15,13.05,1,0.022732810047095865,Maximum_Holding_Period
605580,2023-05-23,11.18,2023-05-24,12.11,1,0.0815842576028623,Maximum_Holding_Period
605588,2023-10-31,55.54,2023-11-01,53.72,1,-0.034369175369103395,Trend_Break_Stop
605589,2022-05-05,21.97,2022-05-06,22.52,1,0.023434137460173022,Maximum_Holding_Period
605589,2022-05-06,22.09,2022-05-09,23.18,1,0.0477435943866003,Maximum_Holding_Period
688003,2025-04-16,45.18,2025-04-17,44.18,1,-0.02373368747233291,Trend_Break_Stop
688003,2026-03-30,58.97,2026-03-31,58.23,1,-0.014148753603527253,Trend_Break_Stop
688004,2024-04-26,17.0,2024-04-29,18.35,1,0.07781176470588251,Maximum_Holding_Period
688005,2020-03-26,31.5,2020-03-27,30.65,1,-0.028584126984127,Maximum_Holding_Period
688006,2023-06-21,33.26,2023-06-26,32.46,1,-0.0256529164161154,Trend_Break_Stop
688008,2026-08-06,203.8,2026-08-07,215.52,1,0.05590736015701663,Maximum_Holding_Period
688010,2024-11-05,27.19,2024-11-06,28.68,1,0.0531995586612724,Trend_Break_Stop
688011,2022-05-06,19.42,2022-05-09,19.85,1,0.020542121524201918,Maximum_Holding_Period
688012,2026-06-24,362.5,2026-06-25,399.13,1,0.09944827586206899,Maximum_Holding_Period
688017,2021-03-01,122.88,2021-03-02,116.73599999999999,1,-0.05160000000000004,Extreme_Risk_Stop
688017,2022-07-06,133.0,2022-07-07,140.05,1,0.051407518796992506,Maximum_Holding_Period
688017,2024-10-22,86.0,2024-10-23,90.82,1,0.05444651162790697,Maximum_Holding_Period
688017,2025-01-09,104.68,2025-01-10,120.04,1,0.14513290026748177,Maximum_Holding_Period
688019,2020-07-24,368.0,2020-07-27,349.59999999999997,1,-0.05160000000000004,Extreme_Risk_Stop
688019,2026-07-22,255.0,2026-07-23,242.25,1,-0.05160000000000004,Extreme_Risk_Stop
688019,2026-07-28,256.5,2026-07-29,243.67499999999998,1,-0.05160000000000004,Extreme_Risk_Stop
688020,2022-05-12,34.02,2022-05-13,35.55,1,0.04337354497354489,Maximum_Holding_Period
688021,2020-07-31,67.0,2020-08-03,75.87,1,0.1307880597014926,Maximum_Holding_Period
688021,2020-08-03,69.0,2020-08-04,72.59,1,0.05042898550724644,Maximum_Holding_Period
688021,2022-05-06,23.8,2022-05-09,23.49,1,-0.014625210084033679,Maximum_Holding_Period
688023,2022-05-06,118.28,2022-05-09,118.05,1,-0.003544538383496841,Trend_Break_Stop
688026,2022-06-20,46.65,2022-06-21,47.09,1,0.00783193997856384,Maximum_Holding_Period
688027,2020-09-16,223.6,2020-09-17,229.56,1,0.02505474060822892,Maximum_Holding_Period
688029,2022-07-06,89.58,2022-07-07,85.101,1,-0.05160000000000004,Extreme_Risk_Stop
688030,2020-03-23,44.2,2020-03-24,41.99,1,-0.05160000000000004,Extreme_Risk_Stop
688031,2023-07-17,122.0,2023-07-18,116.6,1,-0.045862295081967215,Trend_Break_Stop
688031,2025-01-17,41.31,2025-01-20,41.1,1,-0.006683514887436524,Trend_Break_Stop
688031,2026-07-13,105.0,2026-07-14,99.75,1,-0.05160000000000004,Extreme_Risk_Stop
688032,2024-02-20,205.2,2024-02-21,212.65,1,0.0347060428849904,Trend_Break_Stop
688032,2024-10-24,150.18,2024-10-25,142.671,1,-0.05160000000000004,Extreme_Risk_Stop
688033,2022-01-19,25.25,2022-01-20,24.57,1,-0.028530693069306955,Trend_Break_Stop
688035,2023-05-04,58.75,2023-05-05,55.8125,1,-0.05160000000000004,Extreme_Risk_Stop
688036,2024-11-01,94.5,2024-11-04,96.0,1,0.014273015873015816,Maximum_Holding_Period
688036,2024-11-06,98.08,2024-11-07,102.99,1,0.04846117455138659,Maximum_Holding_Period
688037,2020-03-12,105.36,2020-03-13,131.85,1,0.24982369020501133,Maximum_Holding_Period
688037,2020-03-13,107.09,2020-03-16,128.99,1,0.20290088710430482,Maximum_Holding_Period
688037,2022-05-06,101.5,2022-05-09,106.6,1,0.04864630541871922,Maximum_Holding_Period
688037,2024-02-07,89.1,2024-02-08,96.4,1,0.08033041526374878,Maximum_Holding_Period
688037,2026-03-26,165.17,2026-03-27,171.6,1,0.03732958769752375,Maximum_Holding_Period
688037,2026-03-30,167.99,2026-03-31,167.56,1,-0.004159676171200675,Trend_Break_Stop
688037,2026-08-06,290.0,2026-08-07,310.87,1,0.07036551724137934,Maximum_Holding_Period
688038,2025-04-11,12.98,2025-04-14,12.94,1,-0.0046816640986133235,Maximum_Holding_Period
688039,2025-04-15,29.28,2025-04-16,28.8,1,-0.01799344262295084,Trend_Break_Stop
688041,2026-08-06,283.32,2026-08-07,295.75,1,0.042272652830721395,Maximum_Holding_Period
688045,2024-07-10,29.23,2024-07-11,29.59,1,0.010716113581936294,Maximum_Holding_Period
688047,2023-05-18,140.0,2023-05-19,147.17,1,0.04961428571428566,Maximum_Holding_Period
688048,2022-10-17,105.13,2022-10-18,99.87349999999999,1,-0.05160000000000004,Extreme_Risk_Stop
688049,2023-05-12,32.63,2023-05-15,33.91,1,0.03762770456634983,Maximum_Holding_Period
688049,2024-07-10,21.13,2024-07-11,22.33,1,0.055191292001892926,Maximum_Holding_Period
688050,2020-12-07,175.0,2020-12-08,174.0,1,-0.007314285714285672,Maximum_Holding_Period
688051,2020-08-26,129.0,2020-08-27,122.55,1,-0.05160000000000004,Extreme_Risk_Stop
688052,2024-02-20,107.63,2024-02-21,109.31,1,0.014009030939329304,Trend_Break_Stop
688055,2026-06-17,4.71,2026-06-18,5.28,1,0.11941910828025475,Maximum_Holding_Period
688056,2022-05-05,30.09,2022-05-06,31.75,1,0.053567829843801866,Maximum_Holding_Period
688056,2024-02-21,21.03,2024-02-22,22.81,1,0.0830409890632429,Maximum_Holding_Period
688058,2020-04-21,124.94,2020-04-22,129.86,1,0.037778901872899166,Maximum_Holding_Period
688059,2021-10-14,149.0,2021-10-15,159.1,1,0.06618523489932886,Maximum_Holding_Period
688059,2024-02-08,53.97,2024-02-19,56.42,1,0.04379559014267192,Maximum_Holding_Period
688059,2024-10-24,52.17,2024-10-25,53.12,1,0.01660969906076275,Maximum_Holding_Period
688063,2026-06-18,58.0,2026-06-22,59.98,1,0.03253793103448271,Maximum_Holding_Period
688065,2022-07-27,83.28,2022-07-28,81.65,1,-0.021172526416906767,Trend_Break_Stop
688066,2024-04-23,21.25,2024-04-24,22.8,1,0.07134117647058828,Maximum_Holding_Period
688069,2022-06-27,31.8,2022-06-28,32.69,1,0.026387421383647736,Maximum_Holding_Period
688070,2021-03-22,37.48,2021-03-23,36.62,1,-0.02454557097118466,Trend_Break_Stop
688071,2023-08-09,50.91,2023-08-10,52.56,1,0.030810135533294192,Maximum_Holding_Period
688071,2024-04-19,25.57,2024-04-22,24.2915,1,-0.05160000000000004,Extreme_Risk_Stop
688071,2024-04-22,25.24,2024-04-23,26.27,1,0.03920824088748014,Maximum_Holding_Period
688071,2024-04-25,26.0,2024-04-26,27.4,1,0.05224615384615388,Maximum_Holding_Period
688071,2026-06-04,35.08,2026-06-05,33.32599999999999,1,-0.05160000000000015,Extreme_Risk_Stop
688071,2026-06-25,35.0,2026-06-26,33.25,1,-0.05160000000000004,Extreme_Risk_Stop
688072,2026-08-06,646.0,2026-08-07,690.65,1,0.0675176470588235,Maximum_Holding_Period
688075,2022-04-27,211.99,2022-04-28,201.3905,1,-0.05160000000000004,Extreme_Risk_Stop
688076,2021-09-22,48.9,2021-09-23,52.0,1,0.0617946830265848,Maximum_Holding_Period
688076,2021-11-12,41.57,2021-11-15,42.46,1,0.019809670435410088,Maximum_Holding_Period
688076,2022-02-28,34.6,2022-03-01,34.46,1,-0.005646242774566444,Maximum_Holding_Period
688076,2025-07-07,38.97,2025-07-08,38.26,1,-0.019819142930459343,Maximum_Holding_Period
688077,2020-08-20,63.01,2020-08-21,59.8595,1,-0.05160000000000004,Extreme_Risk_Stop
688077,2021-03-31,39.78,2021-04-01,38.2,1,-0.04131845148315733,Trend_Break_Stop
688077,2022-04-21,71.46,2022-04-22,67.88699999999999,1,-0.05160000000000015,Extreme_Risk_Stop
688077,2022-05-06,61.22,2022-05-09,69.5,1,0.13364991832734413,Maximum_Holding_Period
688077,2026-07-30,22.85,2026-07-31,23.0,1,0.004964551422319376,Maximum_Holding_Period
688079,2022-05-05,9.58,2022-05-06,10.19,1,0.06207432150313146,Maximum_Holding_Period
688079,2026-06-16,25.01,2026-06-17,31.94,1,0.27548916433426635,Maximum_Holding_Period
688081,2023-06-30,19.23,2023-07-03,18.68,1,-0.030201144045761862,Trend_Break_Stop
688081,2025-10-31,30.9,2025-11-03,32.35,1,0.04532556634304213,Maximum_Holding_Period
688082,2022-02-18,86.41,2022-02-21,87.29,1,0.008584006480731477,Maximum_Holding_Period
688083,2023-07-04,149.46,2023-07-05,159.07,1,0.06269813997056066,Maximum_Holding_Period
688083,2024-12-02,96.55,2024-12-03,99.39,1,0.027814810978767524,Maximum_Holding_Period
688085,2021-03-22,29.2,2021-03-23,30.01,1,0.02613972602739727,Maximum_Holding_Period
688086,2022-02-25,16.1,2022-02-28,15.74,1,-0.02396024844720508,Trend_Break_Stop
688086,2022-05-06,7.39,2022-05-09,7.020499999999999,1,-0.05160000000000004,Extreme_Risk_Stop
688086,2023-01-11,2.45,2023-01-12,2.38,1,-0.030171428571428693,Maximum_Holding_Period
688088,2020-03-04,76.0,2020-03-05,75.58,1,-0.007126315789473712,Maximum_Holding_Period
688088,2023-05-04,35.29,2023-05-05,34.8,1,-0.015484953244545307,Trend_Break_Stop
688088,2023-05-11,35.71,2023-05-12,36.18,1,0.011561579389526778,Maximum_Holding_Period
688089,2022-05-05,26.5,2022-05-06,27.93,1,0.05236226415094341,Maximum_Holding_Period
688089,2022-05-06,27.4,2022-05-09,27.61,1,0.006064233576642365,Maximum_Holding_Period
688089,2024-10-21,18.5,2024-10-22,19.78,1,0.06758918918918914,Maximum_Holding_Period
688089,2024-12-03,22.26,2024-12-04,21.147000000000002,1,-0.05159999999999993,Extreme_Risk_Stop
688091,2025-09-16,60.09,2025-09-17,58.9,1,-0.021403627891496146,Trend_Break_Stop
688093,2022-06-29,20.02,2022-06-30,19.019,1,-0.05160000000000004,Extreme_Risk_Stop
688093,2026-07-30,25.76,2026-07-31,26.04,1,0.00926956521739113,Maximum_Holding_Period
688095,2023-08-09,102.58,2023-08-10,102.89,1,0.00142203158510439,Trend_Break_Stop
688095,2024-04-02,68.0,2024-04-03,64.6,1,-0.05160000000000004,Extreme_Risk_Stop
688097,2024-04-19,21.18,2024-04-22,21.13,1,-0.003960717658168143,Maximum_Holding_Period
688103,2022-05-06,30.0,2022-05-09,30.2,1,0.005066666666666599,Trend_Break_Stop
688103,2023-05-18,56.51,2023-05-19,59.57,1,0.052549708016280276,Maximum_Holding_Period
688106,2020-07-23,42.6,2020-07-24,40.47,1,-0.05160000000000004,Extreme_Risk_Stop
688106,2022-05-06,16.33,2022-05-09,16.72,1,0.02228242498469073,Maximum_Holding_Period
688106,2026-06-04,26.4,2026-06-05,27.03,1,0.02226363636363642,Maximum_Holding_Period
688106,2026-08-11,29.9,2026-08-12,29.92,1,-0.000931103678929633,Trend_Break_Stop
688108,2025-09-01,32.6,2025-09-02,32.2,1,-0.013869938650306678,Trend_Break_Stop
688110,2023-05-15,30.89,2023-05-16,33.11,1,0.07026791842020068,Maximum_Holding_Period
688111,2021-09-08,252.0,2021-09-09,239.39999999999998,1,-0.05160000000000004,Extreme_Risk_Stop
688112,2022-02-24,68.2,2022-02-25,64.79,1,-0.05159999999999993,Extreme_Risk_Stop
688115,2026-08-10,54.0,2026-08-11,53.46,1,-0.01160000000000001,Trend_Break_Stop
688115,2026-08-11,54.82,2026-08-12,59.9,1,0.09106690988690262,Maximum_Holding_Period
688117,2023-08-30,25.28,2023-08-31,26.96,1,0.06485569620253155,Maximum_Holding_Period
688117,2024-10-22,28.1,2024-10-23,29.28,1,0.040392882562277514,Maximum_Holding_Period
688117,2025-07-02,34.5,2025-07-03,33.65,1,-0.026237681159420333,Trend_Break_Stop
688117,2025-07-07,35.22,2025-07-08,35.89,1,0.01742328222600791,Maximum_Holding_Period
688118,2020-04-08,38.2,2020-04-09,39.39,1,0.02955183246073294,Maximum_Holding_Period
688118,2022-02-22,25.6,2022-02-23,26.03,1,0.015196875000000044,Maximum_Holding_Period
688118,2022-05-06,15.28,2022-05-09,15.83,1,0.034394764397905724,Maximum_Holding_Period
688118,2024-04-26,15.0,2024-04-29,16.66,1,0.10906666666666669,Maximum_Holding_Period
688120,2023-07-04,248.47,2023-07-05,236.04649999999998,1,-0.05160000000000004,Extreme_Risk_Stop
688120,2026-07-22,265.0,2026-07-23,258.55,1,-0.02593962264150935,Maximum_Holding_Period
688122,2021-03-19,48.6,2021-03-22,51.48,1,0.057659259259259125,Maximum_Holding_Period
688122,2023-08-31,46.0,2023-09-01,47.73,1,0.036008695652173954,Maximum_Holding_Period
688123,2026-06-05,132.0,2026-06-08,125.39999999999999,1,-0.05160000000000004,Extreme_Risk_Stop
688126,2020-08-28,44.0,2020-08-31,42.82,1,-0.028418181818181853,Maximum_Holding_Period
688127,2021-04-02,20.7,2021-04-06,20.54,1,-0.009329468599033785,Maximum_Holding_Period
688127,2022-02-28,17.91,2022-03-01,19.11,1,0.06540167504187604,Maximum_Holding_Period
688127,2026-08-05,59.4,2026-08-06,64.12,1,0.07786127946127945,Maximum_Holding_Period
688130,2024-08-02,19.56,2024-08-05,18.581999999999997,1,-0.05160000000000004,Extreme_Risk_Stop
688131,2022-06-20,120.2,2022-06-21,126.28,1,0.04898236272878536,Maximum_Holding_Period
688131,2024-07-15,21.86,2024-07-16,21.57,1,-0.014866239707227735,Trend_Break_Stop
688133,2024-02-21,30.98,2024-02-22,32.7,1,0.053919690122659784,Maximum_Holding_Period
688136,2022-05-06,26.32,2022-05-09,27.8,1,0.054631003039513674,Maximum_Holding_Period
688136,2022-05-10,27.0,2022-05-11,28.75,1,0.06321481481481488,Maximum_Holding_Period
688138,2022-05-06,11.05,2022-05-09,11.46,1,0.03550407239819014,Maximum_Holding_Period
688139,2020-08-21,74.97,2020-08-24,71.22149999999999,1,-0.05160000000000004,Extreme_Risk_Stop
688143,2024-12-03,24.34,2024-12-04,23.36,1,-0.04186294165981925,Trend_Break_Stop
688143,2024-12-11,24.41,2024-12-12,25.78,1,0.05452453912331006,Maximum_Holding_Period
688148,2025-04-15,4.15,2025-04-16,4.09,1,-0.01605783132530132,Trend_Break_Stop
688148,2025-11-28,9.67,2025-12-01,9.65,1,-0.0036682523267838702,Trend_Break_Stop
688152,2023-08-31,100.0,2023-09-01,98.18,1,-0.019799999999999884,Maximum_Holding_Period
688153,2022-10-17,33.3,2022-10-18,33.97,1,0.01852012012012021,Maximum_Holding_Period
688153,2023-09-26,56.49,2023-09-27,57.5,1,0.016279270667374713,Trend_Break_Stop
688155,2022-04-18,85.98,2022-04-19,88.36,1,0.026080856013026166,Maximum_Holding_Period
688158,2025-04-01,25.75,2025-04-02,25.07,1,-0.028007766990291238,Trend_Break_Stop
688158,2026-06-16,36.06,2026-06-17,37.2,1,0.03001397670549082,Maximum_Holding_Period
688159,2022-05-05,15.87,2022-05-06,15.74,1,-0.009791556395715117,Maximum_Holding_Period
688160,2025-04-11,82.13,2025-04-14,98.57,1,0.19857046146353335,Maximum_Holding_Period
688161,2022-05-06,41.08,2022-05-09,41.9,1,0.018361051606621315,Maximum_Holding_Period
688161,2022-05-09,41.6,2022-05-10,42.11,1,0.010659615384615285,Maximum_Holding_Period
688162,2025-04-15,22.16,2025-04-16,21.78,1,-0.018748014440433124,Trend_Break_Stop
688163,2022-05-10,23.98,2022-05-11,24.51,1,0.020501751459549623,Maximum_Holding_Period
688163,2026-08-11,32.07,2026-08-12,32.65,1,0.01648543810414709,Maximum_Holding_Period
688165,2025-01-03,27.6,2025-01-06,26.22,1,-0.05160000000000004,Extreme_Risk_Stop
688165,2025-04-11,22.52,2025-04-14,24.78,1,0.09875523978685612,Maximum_Holding_Period
688166,2022-05-06,20.73,2022-05-09,21.49,1,0.035061842739990294,Maximum_Holding_Period
688167,2022-10-17,111.58,2022-10-18,111.18,1,-0.00518487184083156,Trend_Break_Stop
688167,2024-02-22,78.58,2024-02-23,86.63,1,0.10084336981420199,Maximum_Holding_Period
688168,2023-05-19,36.2,2023-05-22,36.8,1,0.014974585635358962,Maximum_Holding_Period
688168,2024-11-08,44.51,2024-11-11,51.44,1,0.15409534935969443,Maximum_Holding_Period
688168,2024-11-22,41.95,2024-11-25,39.8525,1,-0.05160000000000004,Extreme_Risk_Stop
688170,2025-10-28,34.53,2025-10-29,35.43,1,0.024464291920069537,Maximum_Holding_Period
688170,2025-10-30,34.55,2025-10-31,33.75,1,-0.02475484804630963,Trend_Break_Stop
688171,2022-05-06,19.61,2022-05-09,20.66,1,0.05194411014788374,Maximum_Holding_Period
688172,2026-07-22,61.54,2026-07-23,58.462999999999994,1,-0.05160000000000004,Extreme_Risk_Stop
688173,2025-01-15,10.37,2025-01-16,10.27,1,-0.011243201542912206,Maximum_Holding_Period
688175,2026-08-11,18.91,2026-08-12,19.54,1,0.03171570597567413,Maximum_Holding_Period
688176,2026-03-30,13.41,2026-03-31,13.08,1,-0.026208501118568272,Trend_Break_Stop
688177,2020-04-08,47.0,2020-04-09,47.99,1,0.01946382978723409,Maximum_Holding_Period
688177,2021-03-04,26.66,2021-03-05,26.2,1,-0.018854313578394576,Trend_Break_Stop
688179,2021-03-15,87.87,2021-03-16,88.0,1,-0.00012054170934345642,Maximum_Holding_Period
688179,2021-09-10,91.6,2021-09-13,88.81,1,-0.03205851528384269,Trend_Break_Stop
688179,2022-06-14,54.18,2022-06-15,53.66,1,-0.011197637504614288,Maximum_Holding_Period
688180,2022-02-18,60.39,2022-02-21,68.98,1,0.14064209306176517,Maximum_Holding_Period
688181,2026-08-11,39.53,2026-08-12,40.05,1,0.011554566152289381,Maximum_Holding_Period
688182,2022-05-06,11.27,2022-05-09,11.87,1,0.05163868677905952,Maximum_Holding_Period
688182,2025-04-16,23.81,2025-04-17,22.6195,1,-0.05160000000000004,Extreme_Risk_Stop
688183,2025-04-16,24.52,2025-04-17,23.7,1,-0.03504208809135396,Trend_Break_Stop
688186,2020-03-26,32.11,2020-03-27,31.5,1,-0.020597197134848932,Trend_Break_Stop
688186,2022-05-06,19.99,2022-05-09,20.5,1,0.02391275637818917,Maximum_Holding_Period
688187,2026-07-22,48.77,2026-07-23,47.61,1,-0.025385113799466907,Maximum_Holding_Period
688189,2020-08-31,60.95,2020-09-01,60.2,1,-0.013905168170631654,Maximum_Holding_Period
688192,2022-05-06,20.77,2022-05-09,22.93,1,0.10239614829080405,Maximum_Holding_Period
688193,2022-05-06,50.0,2022-05-09,54.2,1,0.08240000000000007,Maximum_Holding_Period
688195,2022-05-10,17.21,2022-05-11,18.11,1,0.050695177222544845,Maximum_Holding_Period
688195,2022-05-11,17.62,2022-05-12,18.27,1,0.035289897843359834,Maximum_Holding_Period
688195,2022-10-13,25.02,2022-10-14,27.17,1,0.08433125499600318,Maximum_Holding_Period
688195,2023-05-10,26.8,2023-05-11,26.39,1,-0.016898507462686573,Maximum_Holding_Period
688195,2025-04-11,34.05,2025-04-14,35.77,1,0.048913950073421524,Maximum_Holding_Period
688195,2026-08-05,111.8,2026-08-06,129.28,1,0.15475062611806806,Maximum_Holding_Period
688196,2026-04-08,68.79,2026-04-09,65.3505,1,-0.05160000000000015,Extreme_Risk_Stop
688198,2022-06-06,126.0,2022-06-07,125.58,1,-0.004933333333333299,Maximum_Holding_Period
688200,2022-05-05,316.0,2022-05-06,319.89,1,0.01071012658227848,Trend_Break_Stop
688200,2022-10-28,230.0,2022-10-31,264.67,1,0.14913913043478272,Maximum_Holding_Period
688200,2023-05-17,244.0,2023-05-18,257.95,1,0.05557213114754083,Maximum_Holding_Period
688202,2025-10-21,63.02,2025-10-22,62.81,1,-0.004932275468105328,Maximum_Holding_Period
688205,2024-06-14,30.5,2024-06-17,31.7,1,0.037744262295081925,Maximum_Holding_Period
688205,2026-07-10,178.85,2026-07-13,169.9075,1,-0.05159999999999993,Extreme_Risk_Stop
688205,2026-08-05,117.85,2026-08-06,133.7,1,0.1328929995757318,Maximum_Holding_Period
688209,2023-05-23,17.58,2023-05-24,17.49,1,-0.006719453924914641,Maximum_Holding_Period
688211,2022-05-06,34.83,2022-05-09,35.93,1,0.02998196956646564,Maximum_Holding_Period
688211,2022-05-10,35.6,2022-05-11,37.0,1,0.0377258426966292,Maximum_Holding_Period
688216,2023-05-18,24.95,2023-05-19,25.57,1,0.023249699398797664,Maximum_Holding_Period
688216,2026-08-11,30.33,2026-08-12,31.32,1,0.03104094955489627,Maximum_Holding_Period
688217,2022-02-22,60.23,2022-02-23,61.8,1,0.024466744147434927,Maximum_Holding_Period
688217,2022-04-28,40.0,2022-04-29,39.84,1,-0.005599999999999892,Maximum_Holding_Period
688217,2022-05-12,40.54,2022-05-13,41.07,1,0.011473507646768733,Maximum_Holding_Period
688218,2025-01-09,19.92,2025-01-10,20.11,1,0.007938152610441663,Maximum_Holding_Period
688218,2026-07-24,38.27,2026-07-27,37.8,1,-0.013881160177684992,Trend_Break_Stop
688219,2020-12-22,22.65,2020-12-23,21.5175,1,-0.05160000000000004,Extreme_Risk_Stop
688220,2026-06-17,95.33,2026-06-18,101.11,1,0.05903149061155993,Maximum_Holding_Period
688220,2026-08-06,96.01,2026-08-07,112.4,1,0.16911138423080924,Maximum_Holding_Period
688221,2026-03-09,19.22,2026-03-10,20.42,1,0.060834963579604655,Maximum_Holding_Period
688221,2026-03-19,19.8,2026-03-20,18.81,1,-0.05160000000000004,Extreme_Risk_Stop
688222,2021-01-18,26.15,2021-01-19,28.89,1,0.10318011472275339,Maximum_Holding_Period
688222,2022-05-05,12.69,2022-05-06,12.99,1,0.022040661938534312,Maximum_Holding_Period
688222,2022-05-06,12.59,2022-05-09,12.9,1,0.023022716441620395,Maximum_Holding_Period
688225,2025-04-15,20.99,2025-04-16,21.58,1,0.02650862315388274,Maximum_Holding_Period
688225,2026-04-09,16.63,2026-04-10,16.67,1,0.00080529164161174,Maximum_Holding_Period
688226,2025-11-26,33.02,2025-11-27,33.2,1,0.003851241671714069,Maximum_Holding_Period
688226,2025-11-28,33.0,2025-12-01,33.29,1,0.007187878787878789,Maximum_Holding_Period
688228,2022-05-05,29.0,2022-05-06,29.73,1,0.02357241379310353,Maximum_Holding_Period
688228,2022-05-06,28.7,2022-05-09,29.45,1,0.024532404181184565,Maximum_Holding_Period
688228,2022-05-09,29.4,2022-05-10,29.52,1,0.0024816326530612736,Maximum_Holding_Period
688229,2022-05-06,36.25,2022-05-09,37.89,1,0.04364137931034478,Maximum_Holding_Period
688231,2024-02-21,15.47,2024-02-22,16.05,1,0.03589191984486111,Maximum_Holding_Period
688231,2026-07-03,37.01,2026-07-06,43.8,1,0.1818639286679276,Maximum_Holding_Period
688232,2024-04-23,21.43,2024-04-24,22.19,1,0.03386430237984133,Maximum_Holding_Period
688233,2021-02-23,35.63,2021-02-24,39.18,1,0.09803513892786979,Maximum_Holding_Period
688233,2022-09-07,50.07,2022-09-08,52.33,1,0.0435368084681445,Maximum_Holding_Period
688234,2022-04-15,49.98,2022-04-18,51.51,1,0.029012244897959106,Maximum_Holding_Period
688234,2026-06-10,131.2,2026-06-11,124.63999999999999,1,-0.05160000000000004,Extreme_Risk_Stop
688237,2022-09-08,56.5,2022-09-09,55.63,1,-0.016998230088495502,Trend_Break_Stop
688237,2022-09-14,57.9,2022-09-15,56.52,1,-0.025434196891191595,Trend_Break_Stop
688246,2026-08-03,17.12,2026-08-04,19.1,1,0.11405420560747674,Maximum_Holding_Period
688248,2022-09-22,44.58,2022-09-23,47.6,1,0.06614338268281754,Maximum_Holding_Period
688249,2026-07-22,48.7,2026-07-23,46.265,1,-0.05160000000000004,Extreme_Risk_Stop
688251,2025-04-11,17.81,2025-04-14,18.59,1,0.042195620437956376,Maximum_Holding_Period
688252,2026-07-30,17.23,2026-07-31,17.19,1,-0.003921532211259414,Maximum_Holding_Period
688253,2024-01-05,25.1,2024-01-08,24.33,1,-0.03227729083665349,Trend_Break_Stop
688256,2022-10-17,60.28,2022-10-18,60.51,1,0.0022155275381552835,Maximum_Holding_Period
688256,2023-07-05,199.49,2023-07-06,206.82,1,0.03514369642588582,Maximum_Holding_Period
688256,2026-05-20,1300.0,2026-05-21,1290.9,1,-0.008599999999999896,Maximum_Holding_Period
688256,2026-05-27,1385.0,2026-05-28,1391.5,1,0.0030931407942238935,Maximum_Holding_Period
688256,2026-06-05,1342.0,2026-06-08,1274.8999999999999,1,-0.05160000000000015,Extreme_Risk_Stop
688256,2026-08-06,1103.0,2026-08-07,1199.93,1,0.08627851314596562,Maximum_Holding_Period
688258,2020-03-23,94.58,2020-03-24,89.851,1,-0.05160000000000004,Extreme_Risk_Stop
688258,2022-05-06,23.56,2022-05-09,25.19,1,0.06758505942275055,Maximum_Holding_Period
688258,2022-09-05,36.67,2022-09-06,37.43,1,0.01912538860103612,Maximum_Holding_Period
688259,2022-02-18,75.58,2022-02-21,81.05,1,0.07077364382111666,Maximum_Holding_Period
688259,2024-08-21,29.29,2024-08-22,30.0,1,0.022640355069989893,Maximum_Holding_Period
688259,2024-08-26,30.9,2024-08-27,29.75,1,-0.038816828478964345,Trend_Break_Stop
688259,2025-04-24,40.11,2025-04-25,38.104499999999994,1,-0.05160000000000015,Extreme_Risk_Stop
688259,2026-08-03,28.7,2026-08-04,29.65,1,0.03150104529616731,Maximum_Holding_Period
688261,2023-06-27,134.21,2023-06-28,140.48,1,0.04511783026600096,Maximum_Holding_Period
688261,2023-06-29,137.23,2023-06-30,139.87,1,0.017637775996502337,Maximum_Holding_Period
688261,2024-02-08,55.0,2024-02-19,60.92,1,0.10603636363636375,Maximum_Holding_Period
688261,2024-09-02,31.19,2024-09-03,29.6305,1,-0.05160000000000004,Extreme_Risk_Stop
688262,2022-02-14,38.51,2022-02-15,39.81,1,0.03215746559335258,Maximum_Holding_Period
688262,2022-05-06,28.83,2022-05-09,29.94,1,0.036901560874089516,Maximum_Holding_Period
688262,2022-10-17,40.7,2022-10-18,42.0,1,0.030341031941031816,Maximum_Holding_Period
688262,2023-05-23,55.8,2023-05-24,55.34,1,-0.009843727598566176,Trend_Break_Stop
688266,2022-05-06,26.0,2022-05-09,27.85,1,0.06955384615384612,Maximum_Holding_Period
688266,2026-08-12,119.99,2026-08-13,120.22,1,0.0003168264022002558,Trend_Break_Stop
688268,2020-03-06,62.98,2020-03-09,59.830999999999996,1,-0.05160000000000004,Extreme_Risk_Stop
688268,2022-03-22,68.2,2022-03-23,67.61,1,-0.010251026392961892,Maximum_Holding_Period
688269,2022-11-04,90.7,2022-11-07,100.37,1,0.10501521499448722,Maximum_Holding_Period
688269,2022-11-07,91.77,2022-11-08,95.86,1,0.04296794159311328,Maximum_Holding_Period
688269,2024-02-21,25.63,2024-02-22,27.15,1,0.05770550136558721,Maximum_Holding_Period
688270,2023-05-18,78.3,2023-05-19,79.4,1,0.012448531289910792,Maximum_Holding_Period
688270,2026-05-08,133.3,2026-05-11,150.58,1,0.12803240810202549,Maximum_Holding_Period
688270,2026-06-08,110.02,2026-06-09,111.86,1,0.015124231957825796,Maximum_Holding_Period
688270,2026-07-07,87.0,2026-07-08,85.0,1,-0.02458850574712641,Trend_Break_Stop
688270,2026-08-11,65.36,2026-08-12,65.7,1,0.0036019583843330165,Trend_Break_Stop
688271,2023-08-30,107.52,2023-08-31,110.27,1,0.023976636904761862,Maximum_Holding_Period
688272,2026-05-08,42.97,2026-05-11,44.64,1,0.03726432394693973,Maximum_Holding_Period
688272,2026-06-10,35.81,2026-06-11,34.0195,1,-0.05160000000000004,Extreme_Risk_Stop
688273,2025-09-11,40.8,2025-09-12,40.3,1,-0.013854901960784271,Trend_Break_Stop
688273,2026-07-28,30.09,2026-07-29,28.5855,1,-0.05160000000000004,Extreme_Risk_Stop
688275,2024-07-12,29.01,2024-07-15,28.1,1,-0.032968493622888624,Trend_Break_Stop
688278,2020-03-04,37.1,2020-03-05,38.03,1,0.02346738544474385,Maximum_Holding_Period
688280,2022-05-06,7.83,2022-05-09,9.34,1,0.19124802043422734,Maximum_Holding_Period
688280,2025-04-16,4.73,2025-04-17,4.4935,1,-0.05160000000000004,Extreme_Risk_Stop
688282,2023-06-05,55.18,2023-06-06,52.89,1,-0.04310054367524458,Trend_Break_Stop
688282,2026-02-06,72.99,2026-02-09,71.89,1,-0.016670557610631475,Trend_Break_Stop
688282,2026-07-24,49.69,2026-07-27,50.45,1,0.013694827933185928,Maximum_Holding_Period
688282,2026-08-06,53.5,2026-08-07,56.5,1,0.054474766355140196,Maximum_Holding_Period
688286,2026-08-11,44.31,2026-08-12,46.09,1,0.03857151884450465,Maximum_Holding_Period
688288,2022-05-06,17.29,2022-05-09,17.84,1,0.030210294968189767,Maximum_Holding_Period
688290,2025-04-11,47.7,2025-04-14,51.62,1,0.08058029350104805,Maximum_Holding_Period
688291,2026-03-30,38.97,2026-03-31,39.3,1,0.006868052347959887,Maximum_Holding_Period
688292,2023-05-11,41.9,2023-05-12,39.805,1,-0.05159999999999993,Extreme_Risk_Stop
688292,2023-08-09,27.0,2023-08-10,25.65,1,-0.05160000000000004,Extreme_Risk_Stop
688298,2020-04-01,72.5,2020-04-02,68.875,1,-0.05160000000000004,Extreme_Risk_Stop
688299,2026-07-30,11.96,2026-07-31,11.69,1,-0.024175250836120554,Trend_Break_Stop
688300,2020-03-23,51.99,2020-03-24,51.25,1,-0.01583350644354693,Maximum_Holding_Period
688301,2026-08-05,86.28,2026-08-06,91.45,1,0.05832118683356518,Maximum_Holding_Period
688302,2024-04-25,26.44,2024-04-26,27.9,1,0.05361936459909216,Maximum_Holding_Period
688305,2021-10-19,103.03,2021-10-20,110.3,1,0.06896197224109483,Maximum_Holding_Period
688306,2025-01-13,7.36,2025-01-14,8.3,1,0.1261173913043479,Maximum_Holding_Period
688306,2025-04-03,10.91,2025-04-07,10.3645,1,-0.05160000000000004,Extreme_Risk_Stop
688306,2025-04-07,10.3,2025-04-08,9.785,1,-0.05160000000000004,Extreme_Risk_Stop
688308,2023-07-17,42.23,2023-07-18,40.1185,1,-0.05160000000000004,Extreme_Risk_Stop
688309,2022-02-10,16.05,2022-02-11,15.96,1,-0.007207476635513975,Trend_Break_Stop
688309,2026-06-18,62.75,2026-06-22,59.6125,1,-0.05160000000000004,Extreme_Risk_Stop
688310,2021-11-16,39.48,2021-11-17,43.3,1,0.09515785207700093,Maximum_Holding_Period
688310,2022-05-06,19.71,2022-05-09,20.08,1,0.017172196854388578,Maximum_Holding_Period
688310,2024-07-22,11.08,2024-07-23,10.68,1,-0.03770108303249104,Trend_Break_Stop
688310,2026-07-24,13.15,2026-07-27,13.48,1,0.023495057034220546,Maximum_Holding_Period
688311,2020-09-04,126.0,2020-09-07,119.69999999999999,1,-0.05160000000000004,Extreme_Risk_Stop
688311,2024-04-24,24.46,2024-04-25,24.88,1,0.015570891251022002,Maximum_Holding_Period
688312,2024-02-21,13.73,2024-02-22,14.54,1,0.05739490167516386,Maximum_Holding_Period
688315,2021-09-24,46.1,2021-09-27,52.15,1,0.12963644251626888,Maximum_Holding_Period
688315,2022-05-09,20.39,2022-05-10,20.4,1,-0.0011095635115254228,Trend_Break_Stop
688316,2022-05-06,30.03,2022-05-09,31.37,1,0.04302204462204467,Maximum_Holding_Period
688316,2023-04-24,59.6,2023-04-25,56.62,1,-0.05160000000000004,Extreme_Risk_Stop
688316,2024-04-22,30.61,2024-04-23,31.52,1,0.028128846782097306,Maximum_Holding_Period
688316,2025-03-07,81.18,2025-03-10,78.02,1,-0.04052584380389274,Trend_Break_Stop
688318,2024-10-22,157.5,2024-10-23,149.625,1,-0.05160000000000004,Extreme_Risk_Stop
688319,2022-05-06,16.98,2022-05-09,18.32,1,0.07731637220259117,Maximum_Holding_Period
688319,2022-06-21,19.23,2022-06-22,19.39,1,0.00672033281331257,Trend_Break_Stop
688320,2023-08-03,37.11,2023-08-04,38.4,1,0.0331615198059823,Maximum_Holding_Period
688321,2020-03-26,46.25,2020-03-27,45.72,1,-0.013059459459459476,Maximum_Holding_Period
688321,2024-02-08,15.0,2024-02-19,16.1,1,0.07173333333333347,Maximum_Holding_Period
688322,2024-04-19,25.6,2024-04-22,24.32,1,-0.05160000000000004,Extreme_Risk_Stop
688325,2022-10-13,41.72,2022-10-14,45.36,1,0.08564832214765099,Maximum_Holding_Period
688326,2024-04-25,59.84,2024-04-26,60.61,1,0.011267647058823372,Maximum_Holding_Period
688327,2023-04-21,43.0,2023-04-24,40.85,1,-0.05159999999999993,Extreme_Risk_Stop
688328,2022-05-05,19.38,2022-05-06,19.41,1,-5.201238390091078e-05,Maximum_Holding_Period
688328,2022-05-06,19.6,2022-05-09,19.36,1,-0.013844897959183821,Trend_Break_Stop
688328,2023-05-19,20.72,2023-05-22,21.65,1,0.04328416988416977,Maximum_Holding_Period
688328,2024-04-26,15.2,2024-04-29,16.5,1,0.08392631578947367,Maximum_Holding_Period
688329,2026-06-10,23.5,2026-06-11,22.325,1,-0.05160000000000004,Extreme_Risk_Stop
688333,2024-02-21,76.84,2024-02-22,80.01,1,0.03965455491931285,Maximum_Holding_Period
688339,2021-09-29,240.6,2021-09-30,235.06,1,-0.024625768911055678,Trend_Break_Stop
688339,2022-02-18,173.46,2022-02-21,168.61,1,-0.029560336677043674,Trend_Break_Stop
688339,2022-05-12,110.17,2022-05-13,111.05,1,0.006387655441590302,Maximum_Holding_Period
688343,2024-04-26,28.62,2024-04-29,30.13,1,0.05116030747728844,Maximum_Holding_Period
688343,2026-04-02,78.45,2026-04-03,76.37,1,-0.02811370299553857,Maximum_Holding_Period
688348,2024-02-26,86.5,2024-02-27,88.72,1,0.024064739884392995,Maximum_Holding_Period
688349,2026-06-29,14.03,2026-06-30,15.18,1,0.08036721311475419,Maximum_Holding_Period
688355,2021-10-15,25.25,2021-10-18,25.64,1,0.013845544554455459,Maximum_Holding_Period
688355,2022-05-12,17.36,2022-05-13,18.75,1,0.07846912442396307,Maximum_Holding_Period
688356,2022-02-18,210.53,2022-02-21,203.55,1,-0.03475441979765354,Trend_Break_Stop
688356,2024-02-08,71.05,2024-02-19,75.62,1,0.06272090077410279,Maximum_Holding_Period
688357,2022-05-06,92.5,2022-05-09,92.98,1,0.003589189189189314,Maximum_Holding_Period
688359,2022-02-17,42.65,2022-02-18,45.72,1,0.07038124267291916,Maximum_Holding_Period
688359,2024-02-26,51.37,2024-02-27,50.97,1,-0.009386645902277512,Maximum_Holding_Period
688361,2024-04-25,50.43,2024-04-26,53.93,1,0.06780313305572076,Maximum_Holding_Period
688361,2026-08-06,329.01,2026-08-07,351.0,1,0.0652368742591412,Maximum_Holding_Period
688362,2026-03-30,37.0,2026-03-31,36.84,1,-0.00592432432432428,Trend_Break_Stop
688363,2024-10-22,60.74,2024-10-23,60.42,1,-0.006868356931182105,Maximum_Holding_Period
688365,2020-06-29,60.66,2020-06-30,58.34,1,-0.03984596109462563,Trend_Break_Stop
688365,2020-07-22,51.73,2020-07-23,49.143499999999996,1,-0.05160000000000004,Extreme_Risk_Stop
688365,2020-07-30,48.8,2020-07-31,48.71,1,-0.003444262295081944,Maximum_Holding_Period
688365,2022-05-05,7.8,2022-05-06,7.95,1,0.017630769230769384,Maximum_Holding_Period
688365,2022-05-06,7.75,2022-05-09,8.01,1,0.031948387096774104,Maximum_Holding_Period
688366,2021-03-23,103.4,2021-03-24,102.0,1,-0.015139651837524259,Trend_Break_Stop
688368,2022-05-06,136.21,2022-05-09,149.0,1,0.09229912634901986,Maximum_Holding_Period
688368,2024-06-21,57.51,2024-06-24,56.5,1,-0.01916216310206915,Trend_Break_Stop
688369,2025-03-04,28.0,2025-03-05,30.25,1,0.07875714285714279,Maximum_Holding_Period
688375,2026-06-08,91.8,2026-06-09,94.7,1,0.029990413943355155,Maximum_Holding_Period
688375,2026-06-10,93.98,2026-06-11,93.97,1,-0.0017064056182167315,Maximum_Holding_Period
688375,2026-08-11,79.52,2026-08-12,82.62,1,0.03738390342052327,Maximum_Holding_Period
688377,2025-04-11,17.0,2025-04-14,17.76,1,0.043105882352941376,Maximum_Holding_Period
688377,2026-06-03,29.64,2026-06-04,28.157999999999998,1,-0.05160000000000004,Extreme_Risk_Stop
688377,2026-06-04,29.3,2026-06-05,27.835,1,-0.05160000000000004,Extreme_Risk_Stop
688378,2024-02-21,28.4,2024-02-22,30.15,1,0.06001971830985924,Maximum_Holding_Period
688379,2025-09-12,51.53,2025-09-15,50.81,1,-0.01557244323694935,Maximum_Holding_Period
688381,2026-08-12,32.33,2026-08-13,32.64,1,0.007988617383235353,Maximum_Holding_Period
688382,2023-07-04,14.05,2023-07-05,14.78,1,0.05035729537366534,Maximum_Holding_Period
688382,2026-08-11,20.13,2026-08-12,20.71,1,0.027212717337307613,Maximum_Holding_Period
688383,2021-09-24,130.3,2021-09-27,134.0,1,0.026796009209516348,Maximum_Holding_Period
688385,2026-06-17,55.79,2026-06-18,60.0,1,0.07386155224950701,Maximum_Holding_Period
688385,2026-08-11,54.3,2026-08-12,54.8,1,0.007608103130755152,Maximum_Holding_Period
688387,2026-06-08,16.33,2026-06-09,15.513499999999997,1,-0.05160000000000004,Extreme_Risk_Stop
688387,2026-08-11,14.11,2026-08-12,13.404499999999999,1,-0.05160000000000004,Extreme_Risk_Stop
688388,2020-07-30,50.8,2020-07-31,49.28,1,-0.031521259842519585,Maximum_Holding_Period
688388,2022-05-05,66.0,2022-05-06,62.699999999999996,1,-0.05160000000000004,Extreme_Risk_Stop
688390,2021-08-26,420.0,2021-08-27,411.7,1,-0.02136190476190476,Trend_Break_Stop
688390,2021-08-27,427.51,2021-08-30,406.13449999999995,1,-0.05160000000000015,Extreme_Risk_Stop
688390,2021-09-13,366.12,2021-09-14,347.81399999999996,1,-0.05160000000000015,Extreme_Risk_Stop
688390,2022-01-24,360.0,2022-01-25,395.48,1,0.0969555555555555,Maximum_Holding_Period
688390,2024-02-20,105.85,2024-02-21,110.96,1,0.046675862068965616,Maximum_Holding_Period
688390,2024-08-30,47.76,2024-09-02,45.37199999999999,1,-0.05160000000000015,Extreme_Risk_Stop
688390,2024-10-22,53.1,2024-10-23,57.69,1,0.08484067796610155,Maximum_Holding_Period
688391,2026-08-06,25.26,2026-08-07,25.84,1,0.021361203483768732,Maximum_Holding_Period
688392,2024-02-21,51.4,2024-02-22,53.36,1,0.03653229571984445,Maximum_Holding_Period
688392,2026-03-26,102.51,2026-03-27,103.5,1,0.008057594381035971,Maximum_Holding_Period
688392,2026-03-30,101.24,2026-03-31,106.0,1,0.04541698933227983,Maximum_Holding_Period
688392,2026-03-31,105.01,2026-04-01,113.18,1,0.07620211408437298,Maximum_Holding_Period
688393,2022-05-09,20.5,2022-05-10,22.19,1,0.08083902439024397,Maximum_Holding_Period
688398,2020-03-26,50.8,2020-03-27,48.26,1,-0.05159999999999993,Extreme_Risk_Stop
688398,2021-01-21,45.23,2021-01-22,43.5,1,-0.039848949812071606,Trend_Break_Stop
688403,2022-10-13,10.28,2022-10-14,10.46,1,0.015909727626459303,Maximum_Holding_Period
688408,2021-09-27,170.08,2021-09-28,161.576,1,-0.05160000000000015,Extreme_Risk_Stop
688408,2022-03-18,91.23,2022-03-21,90.15,1,-0.013438211114764908,Maximum_Holding_Period
688408,2022-05-10,54.5,2022-05-11,67.8,1,0.2424366972477064,Maximum_Holding_Period
688408,2022-12-05,91.0,2022-12-06,86.45,1,-0.05159999999999993,Extreme_Risk_Stop
688408,2024-07-24,68.5,2024-07-25,70.52,1,0.027889051094890416,Maximum_Holding_Period
688408,2026-06-17,30.97,2026-06-18,30.18,1,-0.02710855666774299,Trend_Break_Stop
688411,2026-04-13,225.0,2026-04-14,241.69,1,0.07257777777777767,Maximum_Holding_Period
688416,2023-05-18,58.08,2023-05-19,72.2,1,0.2415129476584022,Maximum_Holding_Period
688416,2023-07-27,69.51,2023-07-28,66.03450000000001,1,-0.05159999999999993,Extreme_Risk_Stop
688416,2025-01-22,35.0,2025-01-23,35.8,1,0.021257142857142686,Maximum_Holding_Period
688416,2026-04-13,75.0,2026-04-14,82.91,1,0.1038666666666666,Maximum_Holding_Period
688419,2023-05-17,39.6,2023-05-18,40.1,1,0.01102626262626254,Maximum_Holding_Period
688426,2023-06-29,29.55,2023-06-30,30.2,1,0.020396615905245375,Maximum_Holding_Period
688429,2024-02-22,15.22,2024-02-23,16.37,1,0.07395847568988172,Maximum_Holding_Period
688432,2023-05-18,16.16,2023-05-19,16.41,1,0.013870297029702928,Maximum_Holding_Period
688433,2024-02-21,21.2,2024-02-22,22.17,1,0.044154716981132096,Maximum_Holding_Period
688433,2024-02-22,21.62,2024-02-23,22.66,1,0.04650360777058276,Maximum_Holding_Period
688433,2025-04-11,36.0,2025-04-14,37.7,1,0.04562222222222228,Maximum_Holding_Period
688433,2026-04-09,77.0,2026-04-10,73.36,1,-0.04887272727272724,Trend_Break_Stop
688435,2024-10-18,34.13,2024-10-21,37.98,1,0.11120398476413688,Maximum_Holding_Period
688443,2024-10-21,26.6,2024-10-22,26.92,1,0.010430075187969835,Maximum_Holding_Period
688448,2026-07-29,48.51,2026-07-30,46.0845,1,-0.05160000000000004,Extreme_Risk_Stop
688449,2026-06-17,70.0,2026-06-18,75.83,1,0.08168571428571418,Maximum_Holding_Period
688455,2024-02-21,8.58,2024-02-22,9.2,1,0.07066107226107214,Maximum_Holding_Period
688455,2026-05-14,21.38,2026-05-15,20.7,1,-0.03340542563143118,Trend_Break_Stop
688455,2026-05-20,21.98,2026-05-21,20.881,1,-0.05160000000000004,Extreme_Risk_Stop
688456,2024-02-21,19.89,2024-02-22,21.35,1,0.07180372046254395,Maximum_Holding_Period
688456,2024-06-19,27.15,2024-06-20,28.0,1,0.02970755064456725,Maximum_Holding_Period
688458,2024-02-21,45.11,2024-02-22,48.73,1,0.07864828197738864,Maximum_Holding_Period
688466,2024-02-21,12.36,2024-02-22,13.03,1,0.052607119741100265,Maximum_Holding_Period
688468,2022-04-15,12.63,2022-04-18,12.5,1,-0.011892953285827467,Trend_Break_Stop
688468,2022-05-06,10.6,2022-05-09,11.18,1,0.05311698113207557,Maximum_Holding_Period
688478,2026-08-11,47.0,2026-08-12,49.6,1,0.053719148936170184,Maximum_Holding_Period
688480,2026-07-24,69.8,2026-07-27,71.4,1,0.021322636103152038,Maximum_Holding_Period
688485,2026-07-28,50.0,2026-07-29,52.54,1,0.04919999999999996,Maximum_Holding_Period
688486,2024-02-07,76.6,2024-02-08,72.77,1,-0.05159999999999993,Extreme_Risk_Stop
688486,2024-06-17,57.58,2024-06-18,58.62,1,0.01646182702327197,Maximum_Holding_Period
688488,2024-07-15,10.02,2024-07-16,9.518999999999998,1,-0.05160000000000015,Extreme_Risk_Stop
688488,2026-02-06,17.02,2026-02-09,16.9,1,-0.008650528789659283,Maximum_Holding_Period
688496,2024-04-25,10.8,2024-04-26,11.15,1,0.03080740740740744,Maximum_Holding_Period
688496,2025-11-11,6.87,2025-11-12,6.86,1,-0.003055604075691341,Maximum_Holding_Period
688496,2026-06-24,0.96,2026-06-25,0.95,1,-0.01201666666666663,Trend_Break_Stop
688496,2026-06-25,0.99,2026-06-26,0.9405,1,-0.05159999999999993,Extreme_Risk_Stop
688498,2026-06-08,1278.88,2026-06-09,1475.0,1,0.15175293381708982,Maximum_Holding_Period
688498,2026-08-11,1380.0,2026-08-12,1429.0,1,0.03390724637681158,Maximum_Holding_Period
688499,2024-02-21,26.0,2024-02-22,26.88,1,0.03224615384615386,Maximum_Holding_Period
688500,2022-05-06,21.43,2022-05-09,21.96,1,0.02313168455436303,Maximum_Holding_Period
688502,2023-05-18,192.0,2023-05-19,208.02,1,0.08183750000000005,Maximum_Holding_Period
688502,2024-11-21,265.0,2024-11-22,264.84,1,-0.002203773584905709,Maximum_Holding_Period
688502,2024-11-22,265.0,2024-11-25,251.75,1,-0.05160000000000004,Extreme_Risk_Stop
688502,2026-06-05,455.0,2026-06-08,432.25,1,-0.05160000000000004,Extreme_Risk_Stop
688502,2026-06-15,450.0,2026-06-16,489.99,1,0.08726666666666665,Maximum_Holding_Period
688505,2020-07-31,31.5,2020-08-03,32.6,1,0.03332063492063502,Maximum_Holding_Period
688505,2022-05-06,9.45,2022-05-09,9.62,1,0.016389417989418,Maximum_Holding_Period
688507,2024-04-24,82.27,2024-04-25,83.15,1,0.009096487176370616,Maximum_Holding_Period
688508,2020-08-28,111.5,2020-08-31,115.35,1,0.03292914798206264,Maximum_Holding_Period
688508,2022-04-20,79.66,2022-04-21,75.67699999999999,1,-0.05160000000000004,Extreme_Risk_Stop
688508,2026-07-28,69.88,2026-07-29,66.386,1,-0.05160000000000004,Extreme_Risk_Stop
688510,2026-06-08,26.87,2026-06-09,26.16,1,-0.02802352065500564,Trend_Break_Stop
688515,2024-04-23,61.9,2024-04-24,63.68,1,0.02715605815831994,Maximum_Holding_Period
688515,2026-06-17,192.0,2026-06-18,238.8,1,0.24215000000000014,Maximum_Holding_Period
688517,2022-05-06,10.61,2022-05-09,11.04,1,0.03892780395852973,Maximum_Holding_Period
688517,2026-06-17,18.43,2026-06-18,18.9,1,0.023901899077590816,Maximum_Holding_Period
688518,2022-02-21,33.76,2022-02-22,33.49,1,-0.009597630331753492,Trend_Break_Stop
688518,2026-08-05,19.0,2026-08-06,19.59,1,0.029452631578947442,Maximum_Holding_Period
688519,2022-05-06,23.55,2022-05-09,24.06,1,0.020056050955414007,Maximum_Holding_Period
688520,2020-07-31,78.23,2020-08-03,81.77,1,0.0436511824108397,Maximum_Holding_Period
688521,2022-09-05,51.0,2022-09-06,51.15,1,0.001341176470588225,Maximum_Holding_Period
688521,2026-03-27,208.0,2026-03-30,212.3,1,0.01907307692307696,Trend_Break_Stop
688521,2026-03-30,208.0,2026-03-31,202.3,1,-0.029003846153846057,Trend_Break_Stop
688522,2024-02-21,37.0,2024-02-22,38.61,1,0.041913513513513405,Maximum_Holding_Period
688525,2023-05-17,71.46,2023-05-18,75.82,1,0.059413154212146595,Maximum_Holding_Period
688525,2023-05-18,72.0,2023-05-19,78.73,1,0.09187222222222217,Maximum_Holding_Period
688525,2024-04-22,43.0,2024-04-23,45.04,1,0.04584186046511634,Trend_Break_Stop
688525,2025-12-03,110.0,2025-12-04,109.23,1,-0.008600000000000007,Trend_Break_Stop
688529,2024-02-07,17.0,2024-02-08,17.88,1,0.05016470588235294,Maximum_Holding_Period
688529,2026-07-28,12.9,2026-07-29,13.54,1,0.048012403100775196,Maximum_Holding_Period
688533,2022-02-24,45.83,2022-02-25,44.6,1,-0.028438315513855516,Maximum_Holding_Period
688535,2024-04-25,65.56,2024-04-26,69.17,1,0.053464063453325265,Maximum_Holding_Period
688536,2026-08-05,229.0,2026-08-06,243.17,1,0.06027772925764179,Maximum_Holding_Period
688536,2026-08-06,231.88,2026-08-07,251.75,1,0.08409087459030533,Maximum_Holding_Period
688539,2024-02-21,33.57,2024-02-22,35.98,1,0.07019028894846584,Maximum_Holding_Period
688543,2026-06-15,40.86,2026-06-16,40.58,1,-0.008452667645619204,Maximum_Holding_Period
688548,2026-07-27,37.79,2026-07-28,35.9005,1,-0.05159999999999993,Extreme_Risk_Stop
688548,2026-07-28,38.5,2026-07-29,36.574999999999996,1,-0.05160000000000015,Extreme_Risk_Stop
688552,2026-02-25,40.9,2026-02-26,41.26,1,0.007201955990219934,Maximum_Holding_Period
688552,2026-06-15,28.49,2026-06-16,29.09,1,0.01946002106002114,Maximum_Holding_Period
688553,2024-02-08,10.87,2024-02-19,11.95,1,0.09775602575896962,Maximum_Holding_Period
688556,2026-06-11,11.3,2026-06-12,10.735,1,-0.05160000000000015,Extreme_Risk_Stop
688557,2024-02-21,26.22,2024-02-22,27.51,1,0.04759908466819223,Maximum_Holding_Period
688558,2024-02-22,19.65,2024-02-23,21.12,1,0.07320916030534357,Maximum_Holding_Period
688559,2026-03-30,51.8,2026-03-31,49.209999999999994,1,-0.05160000000000004,Extreme_Risk_Stop
688560,2022-04-20,26.24,2022-04-21,24.927999999999997,1,-0.05160000000000004,Extreme_Risk_Stop
688560,2022-09-23,51.52,2022-09-26,51.85,1,0.004805279503105543,Maximum_Holding_Period
688560,2022-10-13,48.0,2022-10-14,45.599999999999994,1,-0.05160000000000015,Extreme_Risk_Stop
688560,2024-02-21,12.75,2024-02-22,13.45,1,0.053301960784313755,Maximum_Holding_Period
688565,2022-10-17,11.23,2022-10-18,11.49,1,0.02155227070347281,Maximum_Holding_Period
688566,2023-08-18,27.89,2023-08-21,26.4955,1,-0.05160000000000004,Extreme_Risk_Stop
688573,2024-05-07,21.92,2024-05-08,21.42,1,-0.024410218978102204,Trend_Break_Stop
688577,2021-09-15,63.0,2021-09-16,60.4,1,-0.04286984126984134,Trend_Break_Stop
688578,2022-05-05,16.2,2022-05-06,16.26,1,0.0021037037037037647,Maximum_Holding_Period
688579,2023-05-10,17.25,2023-05-11,16.3875,1,-0.05160000000000004,Extreme_Risk_Stop
688585,2025-09-11,76.6,2025-09-12,87.8,1,0.14461409921671026,Maximum_Holding_Period
688586,2022-10-27,17.21,2022-10-28,16.68,1,-0.03239604880883213,Trend_Break_Stop
688588,2025-11-26,14.86,2025-11-27,14.71,1,-0.011694212651413082,Maximum_Holding_Period
688589,2021-01-18,30.5,2021-01-19,32.85,1,0.075449180327869,Maximum_Holding_Period
688590,2021-01-18,16.89,2021-01-19,17.14,1,0.013201657785671995,Maximum_Holding_Period
688590,2022-05-06,12.72,2022-05-09,12.68,1,-0.004744654088050425,Trend_Break_Stop
688592,2024-04-19,36.9,2024-04-22,38.58,1,0.04392845528455274,Maximum_Holding_Period
688592,2024-04-22,37.05,2024-04-23,38.0,1,0.02404102564102577,Maximum_Holding_Period
688593,2025-04-11,16.35,2025-04-14,16.94,1,0.03448562691131501,Maximum_Holding_Period
688595,2024-11-07,34.32,2024-11-08,37.19,1,0.0820247086247086,Maximum_Holding_Period
688597,2023-05-18,10.48,2023-05-19,9.956,1,-0.05160000000000004,Extreme_Risk_Stop
688599,2022-04-20,51.38,2022-04-21,48.811,1,-0.05160000000000004,Extreme_Risk_Stop
688599,2022-04-28,46.55,2022-04-29,50.8,1,0.08969967776584324,Maximum_Holding_Period
688599,2023-06-12,37.03,2023-06-13,39.8,1,0.07320421280043203,Maximum_Holding_Period
688600,2026-07-28,23.1,2026-07-29,21.945,1,-0.05160000000000004,Extreme_Risk_Stop
688601,2024-04-18,41.92,2024-04-19,39.824,1,-0.05160000000000004,Extreme_Risk_Stop
688602,2023-09-26,12.68,2023-09-27,12.27,1,-0.03393438485804418,Trend_Break_Stop
688602,2024-07-12,7.26,2024-07-15,7.0,1,-0.037412672176308455,Trend_Break_Stop
688606,2022-04-28,141.88,2022-04-29,134.786,1,-0.05159999999999993,Extreme_Risk_Stop
688608,2025-07-29,247.6,2025-07-30,246.61,1,-0.00559838449111467,Trend_Break_Stop
688608,2026-07-22,124.55,2026-07-23,125.56,1,0.006509193095142464,Maximum_Holding_Period
688609,2025-04-15,9.27,2025-04-16,8.8065,1,-0.05159999999999993,Extreme_Risk_Stop
688611,2024-06-18,27.74,2024-06-19,28.34,1,0.020029416005767953,Maximum_Holding_Period
688611,2024-06-19,28.35,2024-06-20,27.86,1,-0.01888395061728405,Trend_Break_Stop
688611,2025-04-16,41.55,2025-04-17,40.77,1,-0.02037256317689513,Trend_Break_Stop
688612,2024-02-21,29.55,2024-02-22,31.2,1,0.05423756345177671,Maximum_Holding_Period
688612,2024-02-22,30.6,2024-02-23,33.4,1,0.0899032679738561,Maximum_Holding_Period
688613,2021-07-02,93.0,2021-07-05,88.35,1,-0.05160000000000004,Extreme_Risk_Stop
688617,2022-05-06,162.03,2022-05-09,171.4,1,0.05622879713633271,Maximum_Holding_Period
688618,2026-07-23,24.94,2026-07-24,28.05,1,0.12309927826784288,Maximum_Holding_Period
688620,2025-01-10,9.48,2025-01-13,9.006,1,-0.05160000000000004,Extreme_Risk_Stop
688620,2026-08-05,13.36,2026-08-06,15.13,1,0.1308850299401199,Maximum_Holding_Period
688622,2021-10-22,65.39,2021-10-25,62.1205,1,-0.05160000000000004,Extreme_Risk_Stop
688622,2022-05-10,27.01,2022-05-11,28.3,1,0.04616008885597927,Maximum_Holding_Period
688622,2022-09-14,29.5,2022-09-15,29.1,1,-0.015159322033898203,Maximum_Holding_Period
688622,2025-12-09,112.49,2025-12-10,112.02,1,-0.005778149168814982,Maximum_Holding_Period
688626,2021-08-03,70.25,2021-08-04,71.22,1,0.012207829181494701,Maximum_Holding_Period
688626,2022-02-17,43.6,2022-02-18,44.47,1,0.018354128440366813,Maximum_Holding_Period
688627,2023-08-31,82.0,2023-09-01,88.68,1,0.07986341463414641,Maximum_Holding_Period
688627,2026-03-19,240.2,2026-03-20,248.3,1,0.03212189841798501,Maximum_Holding_Period
688629,2023-08-02,20.5,2023-08-03,20.94,1,0.01986341463414636,Maximum_Holding_Period
688629,2024-04-15,24.06,2024-04-16,22.857,1,-0.05159999999999993,Extreme_Risk_Stop
688629,2024-04-19,23.46,2024-04-22,22.287,1,-0.05160000000000004,Extreme_Risk_Stop
688629,2024-06-14,27.02,2024-06-17,26.31,1,-0.02787683197631392,Trend_Break_Stop
688629,2025-10-23,84.83,2025-10-24,88.5,1,0.04166299658139821,Maximum_Holding_Period
688630,2025-10-23,127.76,2025-10-24,135.41,1,0.05827789605510319,Maximum_Holding_Period
688630,2026-07-28,408.0,2026-07-29,387.59999999999997,1,-0.05160000000000004,Extreme_Risk_Stop
688631,2026-04-09,53.16,2026-04-10,52.76,1,-0.009124454477050414,Maximum_Holding_Period
688635,2026-07-09,385.0,2026-07-10,391.0,1,0.013984415584415589,Maximum_Holding_Period
688636,2021-10-15,134.08,2021-10-18,130.76,1,-0.026361336515513267,Trend_Break_Stop
688636,2024-05-20,27.67,2024-05-21,27.71,1,-0.00015439103722454228,Maximum_Holding_Period
688636,2026-08-18,21.1,2026-08-19,20.045,1,-0.05159999999999993,Extreme_Risk_Stop
688638,2024-02-21,40.46,2024-02-22,43.05,1,0.06241384083044981,Maximum_Holding_Period
688648,2026-06-17,37.29,2026-06-18,36.71,1,-0.017153767766157135,Trend_Break_Stop
688652,2026-06-11,134.06,2026-06-12,135.18,1,0.006754468148590311,Maximum_Holding_Period
688655,2026-08-05,30.43,2026-08-06,34.1,1,0.1190046664475846,Maximum_Holding_Period
688658,2026-03-09,18.3,2026-03-10,19.04,1,0.038837158469945225,Maximum_Holding_Period
688660,2022-05-05,7.21,2022-05-06,7.08,1,-0.019630513176144237,Trend_Break_Stop
688660,2026-06-17,9.71,2026-06-18,9.41,1,-0.032495983522142176,Trend_Break_Stop
688661,2022-05-09,46.36,2022-05-10,48.72,1,0.04930595340811044,Maximum_Holding_Period
688662,2022-05-05,23.45,2022-05-06,24.33,1,0.03592665245202547,Maximum_Holding_Period
688662,2022-05-06,22.93,2022-05-09,24.32,1,0.059019276057566565,Maximum_Holding_Period
688663,2022-05-06,20.82,2022-05-09,21.95,1,0.05267473583093168,Maximum_Holding_Period
688663,2022-05-10,21.7,2022-05-11,23.47,1,0.07996682027649764,Maximum_Holding_Period
688663,2022-09-26,35.66,2022-09-27,46.27,1,0.2959322490185084,Maximum_Holding_Period
688663,2026-07-27,48.67,2026-07-28,53.0,1,0.08736650914320924,Trend_Break_Stop
688665,2022-04-20,109.5,2022-04-21,108.0,1,-0.015298630136986357,Trend_Break_Stop
688665,2022-04-28,99.0,2022-04-29,97.74,1,-0.01432727272727281,Trend_Break_Stop
688665,2022-11-03,82.0,2022-11-04,86.09,1,0.04827804878048774,Maximum_Holding_Period
688667,2022-05-05,92.0,2022-05-06,95.8,1,0.03970434782608683,Maximum_Holding_Period
688668,2023-11-01,47.91,2023-11-02,45.5145,1,-0.05159999999999993,Extreme_Risk_Stop
688668,2024-04-25,50.0,2024-04-26,54.0,1,0.07840000000000007,Maximum_Holding_Period
688670,2022-05-09,37.08,2022-05-10,38.37,1,0.033189644012944934,Maximum_Holding_Period
688670,2025-12-26,22.32,2025-12-29,21.204,1,-0.05159999999999993,Extreme_Risk_Stop
688676,2022-05-06,14.86,2022-05-09,15.74,1,0.05761938088829082,Maximum_Holding_Period
688677,2026-08-05,66.0,2026-08-06,72.06,1,0.0902181818181818,Maximum_Holding_Period
688680,2022-01-19,241.25,2022-01-20,229.1875,1,-0.05160000000000004,Extreme_Risk_Stop
688680,2022-04-28,155.65,2022-04-29,165.93,1,0.06444561516222284,Maximum_Holding_Period
688682,2025-06-17,29.41,2025-06-18,28.86,1,-0.020301122067324106,Maximum_Holding_Period
688682,2025-06-27,29.57,2025-06-30,31.3,1,0.05690524179912076,Maximum_Holding_Period
688686,2024-02-07,73.4,2024-02-08,83.9,1,0.14145177111716617,Maximum_Holding_Period
688691,2024-09-02,40.62,2024-09-03,38.589,1,-0.05159999999999993,Extreme_Risk_Stop
688691,2025-11-07,118.1,2025-11-10,112.195,1,-0.05160000000000004,Extreme_Risk_Stop
688693,2026-06-10,104.0,2026-06-11,98.8,1,-0.05160000000000004,Extreme_Risk_Stop
688696,2022-03-18,344.78,2022-03-21,359.0,1,0.03964369162944497,Maximum_Holding_Period
688699,2022-11-03,52.61,2022-11-04,58.15,1,0.10370317430146363,Maximum_Holding_Period
688700,2021-07-30,45.69,2021-08-02,45.51,1,-0.005539592908732803,Maximum_Holding_Period
688700,2024-02-22,36.43,2024-02-23,38.39,1,0.052201811693659166,Maximum_Holding_Period
688700,2025-04-15,32.91,2025-04-16,33.16,1,0.005996475235490674,Maximum_Holding_Period
688702,2026-08-06,339.37,2026-08-07,402.0,1,0.18294783864218994,Maximum_Holding_Period
688711,2022-02-18,94.07,2022-02-21,90.4,1,-0.0406135005846709,Trend_Break_Stop
688712,2026-06-18,38.45,2026-06-22,37.94,1,-0.014863979193758214,Trend_Break_Stop
688716,2024-01-03,39.33,2024-01-04,37.363499999999995,1,-0.05160000000000004,Extreme_Risk_Stop
688717,2024-08-30,59.31,2024-09-02,57.4,1,-0.033803675602765156,Trend_Break_Stop
688717,2024-11-06,60.78,2024-11-07,57.741,1,-0.05160000000000004,Extreme_Risk_Stop
688718,2022-05-06,13.2,2022-05-09,13.77,1,0.04158181818181821,Maximum_Holding_Period
688718,2026-07-28,12.0,2026-07-29,12.15,1,0.010899999999999955,Maximum_Holding_Period
688720,2024-07-19,41.91,2024-07-22,43.75,1,0.0423036029587212,Maximum_Holding_Period
688722,2026-07-30,13.75,2026-07-31,13.95,1,0.012945454545454416,Maximum_Holding_Period
688726,2026-03-23,63.92,2026-03-24,60.724,1,-0.05160000000000004,Extreme_Risk_Stop
688726,2026-06-05,59.02,2026-06-08,60.1,1,0.016698881735005156,Maximum_Holding_Period
688726,2026-06-08,59.11,2026-06-09,60.41,1,0.02039289460328191,Maximum_Holding_Period
688726,2026-07-30,39.8,2026-07-31,41.25,1,0.03483216080402012,Maximum_Holding_Period
688737,2024-04-25,19.17,2024-04-26,19.81,1,0.03178549817423031,Maximum_Holding_Period
688737,2024-04-26,19.38,2024-04-29,21.11,1,0.08766728586171317,Maximum_Holding_Period
688759,2026-08-17,27.95,2026-08-18,27.89,1,-0.003746690518783467,Maximum_Holding_Period
688766,2023-05-17,160.82,2023-05-18,171.1,1,0.062322397711727366,Maximum_Holding_Period
688766,2024-06-20,94.52,2024-06-21,98.89,1,0.04463360135421084,Maximum_Holding_Period
688767,2025-06-19,33.71,2025-06-20,32.99,1,-0.02295864728567183,Trend_Break_Stop
688768,2026-03-30,45.07,2026-03-31,45.04,1,-0.002265631240292952,Maximum_Holding_Period
688768,2026-07-24,39.81,2026-07-27,40.79,1,0.023016930419492532,Maximum_Holding_Period
688772,2026-07-28,14.39,2026-07-29,15.41,1,0.06928255733148019,Maximum_Holding_Period
688776,2025-01-08,47.4,2025-01-09,48.8,1,0.027935864978902814,Maximum_Holding_Period
688776,2026-02-06,112.0,2026-02-09,115.51,1,0.02973928571428579,Maximum_Holding_Period
688776,2026-04-09,84.17,2026-04-10,83.36,1,-0.011223381252227615,Maximum_Holding_Period
688778,2021-10-21,113.5,2021-10-22,107.82499999999999,1,-0.05160000000000015,Extreme_Risk_Stop
688778,2022-05-06,65.8,2022-05-09,66.97,1,0.016181155015197613,Trend_Break_Stop
688785,2026-06-17,383.0,2026-06-18,405.0,1,0.05584125326370764,Maximum_Holding_Period
688786,2021-10-18,46.28,2021-10-19,45.83,1,-0.011323422644770997,Trend_Break_Stop
688786,2022-08-19,63.99,2022-08-22,60.7905,1,-0.05160000000000004,Extreme_Risk_Stop
688787,2024-04-03,75.0,2024-04-08,71.25,1,-0.05160000000000004,Extreme_Risk_Stop
688788,2025-07-22,44.05,2025-07-23,43.35,1,-0.01749103291713956,Trend_Break_Stop
688790,2026-06-16,123.4,2026-06-17,129.05,1,0.044186061588330765,Maximum_Holding_Period
688790,2026-06-17,123.99,2026-06-18,133.51,1,0.07518038551496091,Maximum_Holding_Period
688793,2024-02-19,27.0,2024-02-20,27.1,1,0.0021037037037037647,Maximum_Holding_Period
688793,2024-02-20,26.88,2024-02-21,27.08,1,0.005840476190476275,Maximum_Holding_Period
688798,2026-08-06,55.78,2026-08-07,56.22,1,0.006288131946934385,Maximum_Holding_Period
688799,2022-05-06,30.04,2022-05-09,31.49,1,0.04666897470039948,Maximum_Holding_Period
688800,2026-06-26,100.51,2026-06-29,95.4845,1,-0.05160000000000004,Extreme_Risk_Stop
688802,2026-08-10,723.6,2026-08-11,702.88,1,-0.03023460475400781,Trend_Break_Stop
688808,2026-07-27,1900.0,2026-07-28,1805.0,1,-0.05160000000000004,Extreme_Risk_Stop
688813,2026-08-11,113.0,2026-08-12,116.88,1,0.0327362831858407,Trend_Break_Stop
688820,2026-08-11,137.86,2026-08-12,138.0,1,-0.0005844770056579558,Trend_Break_Stop
688981,2020-09-16,55.68,2020-09-17,57.7,1,0.03467873563218387,Maximum_Holding_Period
689009,2021-03-23,63.35,2021-03-24,62.0,1,-0.022910181531176032,Trend_Break_Stop
920001,2023-12-07,8.4,2023-12-08,10.0,1,0.18887619047619048,Maximum_Holding_Period
920001,2024-01-31,13.48,2024-02-01,12.806,1,-0.05160000000000004,Extreme_Risk_Stop
920001,2024-11-29,19.2,2024-12-02,20.19,1,0.04996250000000018,Maximum_Holding_Period
920001,2024-12-04,20.3,2024-12-05,19.285,1,-0.05160000000000004,Extreme_Risk_Stop
920001,2025-04-11,19.37,2025-04-14,22.7,1,0.1703153329891583,Maximum_Holding_Period
920002,2024-12-26,72.99,2024-12-27,70.36,1,-0.037632333196328256,Trend_Break_Stop
920002,2025-07-23,136.0,2025-07-24,135.01,1,-0.008879411764705924,Trend_Break_Stop
920006,2024-01-22,15.78,2024-01-23,14.990999999999998,1,-0.05160000000000004,Extreme_Risk_Stop
920006,2024-12-09,31.1,2024-12-10,29.545,1,-0.05159999999999993,Extreme_Risk_Stop
920006,2024-12-30,22.0,2024-12-31,24.6,1,0.11658181818181816,Maximum_Holding_Period
920014,2024-02-20,8.29,2024-02-21,8.44,1,0.016494089264173662,Maximum_Holding_Period
920014,2026-03-20,15.16,2026-03-23,14.402,1,-0.05160000000000004,Extreme_Risk_Stop
920015,2025-12-02,50.0,2025-12-03,48.59,1,-0.029799999999999893,Trend_Break_Stop
920015,2025-12-03,50.99,2025-12-04,48.4405,1,-0.05160000000000004,Extreme_Risk_Stop
920016,2025-01-08,20.82,2025-01-09,21.54,1,0.03298213256484144,Maximum_Holding_Period
920019,2026-02-25,23.6,2026-02-26,23.4,1,-0.01007457627118653,Maximum_Holding_Period
920021,2026-03-30,9.41,2026-03-31,10.17,1,0.07916514346439944,Maximum_Holding_Period
920023,2026-01-13,4.79,2026-01-14,4.85,1,0.010926096033402822,Maximum_Holding_Period
920023,2026-01-14,4.83,2026-01-15,4.98,1,0.02945590062111818,Maximum_Holding_Period
920023,2026-01-16,4.94,2026-01-19,4.6930000000000005,1,-0.05159999999999993,Extreme_Risk_Stop
920023,2026-07-02,1.75,2026-07-03,1.73,1,-0.013028571428571455,Maximum_Holding_Period
920026,2025-01-15,22.19,2025-01-16,22.7,1,0.021383325822442557,Maximum_Holding_Period
920028,2026-07-30,13.68,2026-07-31,13.55,1,-0.011102923976608125,Maximum_Holding_Period
920033,2023-10-26,28.8,2023-10-27,31.56,1,0.09423333333333321,Maximum_Holding_Period
920033,2023-10-27,28.96,2023-10-30,31.21,1,0.07609337016574584,Maximum_Holding_Period
920036,2026-08-03,29.0,2026-08-04,31.9,1,0.09839999999999986,Maximum_Holding_Period
920046,2024-02-21,6.78,2024-02-22,6.77,1,-0.003074926253687392,Maximum_Holding_Period
920046,2024-02-22,6.48,2024-02-23,6.69,1,0.03080740740740744,Trend_Break_Stop
920046,2024-03-28,8.29,2024-03-29,8.14,1,-0.019694089264173553,Trend_Break_Stop
920046,2024-04-09,8.01,2024-04-10,7.6095,1,-0.05160000000000004,Extreme_Risk_Stop
920046,2024-04-11,8.09,2024-04-12,7.9,1,-0.025085784919653808,Trend_Break_Stop
920046,2024-06-12,9.4,2024-06-13,10.66,1,0.1324425531914893,Maximum_Holding_Period
920046,2026-04-09,26.27,2026-04-10,24.9565,1,-0.05160000000000004,Extreme_Risk_Stop
920057,2025-01-10,5.84,2025-01-13,5.548,1,-0.05159999999999993,Extreme_Risk_Stop
920058,2025-09-18,40.44,2025-09-19,40.32,1,-0.004567359050445095,Trend_Break_Stop
920058,2026-06-09,24.42,2026-06-10,23.199,1,-0.05160000000000004,Extreme_Risk_Stop
920060,2025-04-11,28.35,2025-04-14,30.64,1,0.07917601410934742,Maximum_Holding_Period
920061,2024-02-19,17.11,2024-02-20,19.09,1,0.1141218001168907,Maximum_Holding_Period
920061,2024-02-20,18.2,2024-02-21,18.71,1,0.026421978021978144,Trend_Break_Stop
920061,2024-11-14,43.0,2024-11-15,40.85,1,-0.05159999999999993,Extreme_Risk_Stop
920061,2024-11-27,41.0,2024-11-28,41.88,1,0.01986341463414636,Trend_Break_Stop
920066,2025-06-16,33.99,2025-06-17,33.59,1,-0.013368167107972905,Trend_Break_Stop
920066,2025-06-17,34.45,2025-06-18,36.4,1,0.05500377358490543,Maximum_Holding_Period
920066,2025-06-19,35.4,2025-06-20,33.629999999999995,1,-0.05160000000000004,Extreme_Risk_Stop
920072,2026-08-05,26.7,2026-08-06,27.33,1,0.02199550561797752,Maximum_Holding_Period
920075,2024-11-01,24.11,2024-11-04,22.9045,1,-0.05160000000000004,Extreme_Risk_Stop
920075,2024-11-27,34.0,2024-11-28,43.91,1,0.28987058823529394,Maximum_Holding_Period
920075,2025-07-01,36.58,2025-07-02,35.62,1,-0.0278438490978677,Trend_Break_Stop
920078,2026-06-17,29.3,2026-06-18,32.42,1,0.10488464163822524,Maximum_Holding_Period
920083,2026-07-29,35.79,2026-07-30,34.000499999999995,1,-0.05160000000000015,Extreme_Risk_Stop
920087,2024-02-21,9.3,2024-02-22,9.6,1,0.030658064516129003,Maximum_Holding_Period
920087,2024-02-23,9.54,2024-02-26,9.062999999999999,1,-0.05160000000000004,Extreme_Risk_Stop
920087,2024-11-11,14.32,2024-11-12,14.5,1,0.010969832402234526,Trend_Break_Stop
920087,2024-11-29,14.51,2024-12-02,16.79,1,0.15553301171605788,Maximum_Holding_Period
920087,2024-12-30,12.4,2024-12-31,11.78,1,-0.05160000000000004,Extreme_Risk_Stop
920087,2025-05-16,19.97,2025-05-19,19.8,1,-0.010112769153730449,Maximum_Holding_Period
920088,2025-04-11,23.5,2025-04-14,24.34,1,0.03414468085106375,Maximum_Holding_Period
920088,2026-04-08,51.33,2026-04-09,53.88,1,0.04807855055523085,Trend_Break_Stop
920089,2024-10-18,10.4,2024-10-21,11.96,1,0.14840000000000014,Maximum_Holding_Period
920092,2022-02-21,25.72,2022-02-22,25.78,1,0.0007328149300156921,Trend_Break_Stop
920092,2024-07-30,20.69,2024-07-31,20.24,1,-0.023349637506041753,Maximum_Holding_Period
920092,2024-12-27,37.69,2024-12-30,36.01,1,-0.04617415760148575,Trend_Break_Stop
920092,2025-04-11,37.13,2025-04-14,41.39,1,0.11313202262321558,Maximum_Holding_Period
920092,2026-02-13,39.63,2026-02-24,40.07,1,0.009502699974766538,Maximum_Holding_Period
920099,2026-06-22,25.16,2026-06-23,25.36,1,0.006349125596184326,Maximum_Holding_Period
920106,2025-04-07,77.0,2025-04-08,82.1,1,0.0646337662337662,Maximum_Holding_Period
920108,2025-04-07,23.1,2025-04-08,21.945,1,-0.05160000000000004,Extreme_Risk_Stop
920108,2025-04-11,22.1,2025-04-14,23.15,1,0.045911312217194404,Maximum_Holding_Period
920108,2025-07-17,18.4,2025-07-18,18.3,1,-0.007034782608695565,Trend_Break_Stop
920110,2024-02-23,17.83,2024-02-26,17.79,1,-0.0038434099831744046,Trend_Break_Stop
920111,2025-04-11,26.1,2025-04-14,26.98,1,0.03211647509578546,Maximum_Holding_Period
920116,2026-02-04,116.9,2026-02-05,111.055,1,-0.05159999999999993,Extreme_Risk_Stop
920116,2026-08-11,49.0,2026-08-12,49.06,1,-0.00037551020408161783,Trend_Break_Stop
920118,2024-10-18,22.63,2024-10-21,26.61,1,0.17427273530711457,Maximum_Holding_Period
920122,2023-05-31,12.6,2023-06-01,12.77,1,0.011892063492063443,Trend_Break_Stop
920123,2024-10-18,10.68,2024-10-21,12.65,1,0.1828569288389515,Maximum_Holding_Period
920123,2024-12-25,15.42,2024-12-26,15.86,1,0.026934370946822207,Maximum_Holding_Period
920123,2025-06-26,19.75,2025-06-27,19.81,1,0.0014379746835442757,Maximum_Holding_Period
920125,2026-08-05,115.0,2026-08-06,136.99,1,0.18961739130434802,Maximum_Holding_Period
920126,2026-07-27,9.93,2026-07-28,10.32,1,0.0376749244712991,Maximum_Holding_Period
920128,2025-04-11,29.83,2025-04-14,30.73,1,0.028570968823332255,Maximum_Holding_Period
920128,2025-04-15,30.3,2025-04-16,29.92,1,-0.014141254125412516,Trend_Break_Stop
920128,2026-06-18,26.32,2026-06-22,25.003999999999998,1,-0.05160000000000004,Extreme_Risk_Stop
920130,2024-02-22,10.7,2024-02-23,10.63,1,-0.008142056074766212,Trend_Break_Stop
920130,2024-11-21,24.66,2024-11-22,23.71,1,-0.040123925385239186,Trend_Break_Stop
920130,2025-01-08,15.46,2025-01-09,15.72,1,0.01521759379042691,Maximum_Holding_Period
920130,2025-03-21,37.21,2025-03-24,35.3495,1,-0.05160000000000004,Extreme_Risk_Stop
920130,2026-04-09,19.71,2026-04-10,19.89,1,0.0075324200913240895,Maximum_Holding_Period
920132,2024-12-17,16.0,2024-12-18,15.2,1,-0.05160000000000004,Extreme_Risk_Stop
920132,2025-03-26,16.88,2025-03-27,16.74,1,-0.0098938388625593,Maximum_Holding_Period
920132,2026-07-24,7.95,2026-07-27,8.14,1,0.022299371069182384,Maximum_Holding_Period
920139,2024-10-28,35.55,2024-10-29,38.48,1,0.08081912798874828,Trend_Break_Stop
920139,2024-11-07,34.1,2024-11-08,38.69,1,0.13300410557184744,Maximum_Holding_Period
920145,2023-12-07,6.09,2023-12-08,8.64,1,0.41711921182266015,Maximum_Holding_Period
920145,2024-01-22,7.51,2024-01-23,7.134499999999999,1,-0.05160000000000004,Extreme_Risk_Stop
920145,2024-02-21,5.7,2024-02-22,5.93,1,0.03875087719298236,Maximum_Holding_Period
920145,2024-11-01,12.55,2024-11-04,11.9225,1,-0.05160000000000004,Extreme_Risk_Stop
920145,2024-11-26,13.27,2024-11-27,12.606499999999999,1,-0.05160000000000004,Extreme_Risk_Stop
920145,2024-11-29,13.8,2024-12-02,14.17,1,0.02521159420289858,Maximum_Holding_Period
920145,2024-12-04,13.87,2024-12-05,14.27,1,0.02723922134102379,Trend_Break_Stop
920146,2024-10-18,6.3,2024-10-21,7.78,1,0.23332063492063498,Maximum_Holding_Period
920152,2025-04-16,20.9,2025-04-17,20.11,1,-0.03939904306220094,Trend_Break_Stop
920152,2026-07-30,13.2,2026-07-31,13.22,1,-8.484848484830842e-05,Maximum_Holding_Period
920156,2026-06-05,58.88,2026-06-08,60.96,1,0.03372608695652173,Maximum_Holding_Period
920156,2026-06-08,57.55,2026-06-09,60.93,1,0.05713153779322338,Maximum_Holding_Period
920156,2026-07-29,39.03,2026-07-30,37.0785,1,-0.05160000000000004,Extreme_Risk_Stop
920163,2025-04-11,13.26,2025-04-14,15.03,1,0.13188416289592758,Maximum_Holding_Period
920167,2024-04-12,16.13,2024-04-15,16.77,1,0.038077619342839424,Maximum_Holding_Period
920167,2024-12-02,25.94,2024-12-03,26.95,1,0.03733600616808013,Maximum_Holding_Period
920169,2024-12-30,13.0,2024-12-31,13.28,1,0.019938461538461506,Trend_Break_Stop
920169,2026-02-05,39.0,2026-02-06,39.85,1,0.02019487179487194,Maximum_Holding_Period
920169,2026-07-13,20.03,2026-07-14,19.0285,1,-0.05160000000000004,Extreme_Risk_Stop
920171,2023-12-06,10.83,2023-12-07,10.288499999999999,1,-0.05160000000000004,Extreme_Risk_Stop
920171,2024-02-21,7.9,2024-02-22,8.43,1,0.06548860759493662,Maximum_Holding_Period
920171,2024-02-29,8.45,2024-03-01,9.11,1,0.07650650887573977,Maximum_Holding_Period
920171,2024-11-19,24.71,2024-11-20,23.4745,1,-0.05160000000000004,Extreme_Risk_Stop
920171,2024-11-27,22.95,2024-11-28,24.32,1,0.05809498910675375,Maximum_Holding_Period
920171,2024-11-29,23.55,2024-12-02,26.38,1,0.11856985138004243,Maximum_Holding_Period
920171,2025-04-09,28.0,2025-04-10,31.2,1,0.11268571428571432,Maximum_Holding_Period
920174,2025-06-09,41.98,2025-06-10,42.6,1,0.01316893758932829,Maximum_Holding_Period
920174,2025-08-21,66.01,2025-08-22,62.7095,1,-0.05160000000000004,Extreme_Risk_Stop
920175,2024-12-13,14.06,2024-12-16,13.357,1,-0.05160000000000004,Extreme_Risk_Stop
920175,2025-01-10,10.73,2025-01-13,10.1935,1,-0.05160000000000004,Extreme_Risk_Stop
920175,2025-04-09,10.96,2025-04-10,12.37,1,0.1270496350364963,Maximum_Holding_Period
920179,2024-10-11,21.98,2024-10-14,20.881,1,-0.05160000000000004,Extreme_Risk_Stop
920179,2025-01-09,25.44,2025-01-10,25.45,1,-0.0012069182389937245,Maximum_Holding_Period
920179,2026-03-26,41.09,2026-03-27,39.0355,1,-0.05160000000000015,Extreme_Risk_Stop
920179,2026-03-30,41.1,2026-03-31,39.99,1,-0.02860729927007295,Trend_Break_Stop
920181,2026-08-07,71.31,2026-08-10,72.14,1,0.010039321273313685,Maximum_Holding_Period
920184,2025-10-09,20.9,2025-10-10,21.73,1,0.03811291866028715,Maximum_Holding_Period
920185,2022-05-19,66.9,2022-05-20,66.8,1,-0.003094768310911887,Trend_Break_Stop
920186,2026-08-11,75.08,2026-08-12,76.44,1,0.016514011720831157,Maximum_Holding_Period
920189,2026-08-19,21.28,2026-08-20,20.216,1,-0.05160000000000004,Extreme_Risk_Stop
920198,2021-09-09,11.18,2021-09-10,11.75,1,0.04938389982110918,Maximum_Holding_Period
920198,2024-11-07,15.6,2024-11-08,16.12,1,0.03173333333333344,Maximum_Holding_Period
920198,2025-01-10,10.67,2025-01-13,10.1365,1,-0.05160000000000004,Extreme_Risk_Stop
920198,2025-04-16,12.61,2025-04-17,12.7,1,0.005537192704202988,Trend_Break_Stop
920199,2024-02-27,18.08,2024-02-28,17.39,1,-0.039763716814159196,Trend_Break_Stop
920199,2025-04-11,24.33,2025-04-14,25.8,1,0.058819235511714134,Maximum_Holding_Period
920199,2025-04-16,26.01,2025-04-17,24.709500000000002,1,-0.05159999999999993,Extreme_Risk_Stop
920199,2026-06-03,25.76,2026-06-04,24.95,1,-0.03304409937888204,Trend_Break_Stop
920200,2026-07-24,26.41,2026-07-27,25.089499999999997,1,-0.05160000000000015,Extreme_Risk_Stop
920204,2023-12-27,13.15,2023-12-28,13.87,1,0.05315285171102651,Maximum_Holding_Period
920204,2024-01-22,13.4,2024-01-23,12.73,1,-0.05160000000000004,Extreme_Risk_Stop
920204,2024-06-27,7.46,2024-06-28,7.24,1,-0.031090616621983935,Trend_Break_Stop
920204,2024-11-05,31.26,2024-11-06,30.99,1,-0.010237236084453104,Trend_Break_Stop
920207,2023-12-06,9.51,2023-12-07,12.25,1,0.28651777076761303,Maximum_Holding_Period
920207,2024-04-24,6.73,2024-04-25,6.68,1,-0.00902942050520068,Maximum_Holding_Period
920207,2024-11-11,20.4,2024-11-12,20.52,1,0.00428235294117645,Trend_Break_Stop
920207,2025-04-11,23.01,2025-04-14,24.4,1,0.05880851803563663,Maximum_Holding_Period
920207,2026-01-15,37.0,2026-01-16,35.15,1,-0.05160000000000004,Extreme_Risk_Stop
920208,2025-01-09,30.07,2025-01-10,29.6,1,-0.017230196208845982,Maximum_Holding_Period
920208,2025-01-10,30.03,2025-01-13,28.5285,1,-0.05160000000000004,Extreme_Risk_Stop
920212,2024-01-25,10.63,2024-01-26,10.0985,1,-0.05160000000000015,Extreme_Risk_Stop
920212,2024-04-12,8.2,2024-04-15,7.789999999999999,1,-0.05160000000000004,Extreme_Risk_Stop
920212,2024-08-13,7.13,2024-08-14,7.08,1,-0.008612622720897644,Trend_Break_Stop
920220,2026-06-26,64.9,2026-06-29,61.655,1,-0.05160000000000004,Extreme_Risk_Stop
920220,2026-07-28,40.37,2026-07-29,40.69,1,0.0063266782264058035,Maximum_Holding_Period
920221,2023-07-28,8.21,2023-07-31,8.68,1,0.055647259439707546,Maximum_Holding_Period
920221,2024-03-14,14.19,2024-03-15,14.77,1,0.039273854827343295,Maximum_Holding_Period
920221,2025-01-07,15.16,2025-01-08,15.69,1,0.033360422163588414,Maximum_Holding_Period
920223,2024-01-19,4.66,2024-01-22,4.427,1,-0.05160000000000015,Extreme_Risk_Stop
920223,2024-10-10,5.45,2024-10-11,5.1775,1,-0.05160000000000004,Extreme_Risk_Stop
920223,2026-07-06,13.8,2026-07-07,13.11,1,-0.05160000000000004,Extreme_Risk_Stop
920225,2026-03-31,23.0,2026-04-01,22.93,1,-0.004643478260869592,Maximum_Holding_Period
920225,2026-07-24,13.66,2026-07-27,14.16,1,0.035003221083455265,Maximum_Holding_Period
920227,2025-04-11,51.0,2025-04-14,60.01,1,0.17506666666666654,Maximum_Holding_Period
920227,2026-01-30,84.0,2026-02-02,83.22,1,-0.010885714285714342,Maximum_Holding_Period
920227,2026-02-04,84.97,2026-02-05,80.72149999999999,1,-0.05160000000000004,Extreme_Risk_Stop
920230,2024-02-08,10.19,2024-02-19,10.2,1,-0.0006186457311089895,Maximum_Holding_Period
920230,2025-07-02,16.7,2025-07-03,17.03,1,0.018160479041916356,Maximum_Holding_Period
920230,2026-04-16,12.81,2026-04-17,12.1695,1,-0.05160000000000004,Extreme_Risk_Stop
920237,2024-07-15,10.24,2024-07-16,10.64,1,0.0374625,Maximum_Holding_Period
920237,2025-03-26,33.29,2025-03-27,31.6255,1,-0.05160000000000004,Extreme_Risk_Stop
920237,2025-04-11,28.8,2025-04-14,30.96,1,0.07339999999999995,Maximum_Holding_Period
920237,2025-09-09,30.58,2025-09-10,29.051,1,-0.05160000000000004,Extreme_Risk_Stop
920239,2020-08-07,30.02,2020-08-10,30.5,1,0.0143893404397069,Maximum_Holding_Period
920239,2022-05-10,54.05,2022-05-11,61.67,1,0.13938057354301586,Maximum_Holding_Period
920239,2024-10-11,28.53,2024-10-14,33.33,1,0.16664395373291258,Maximum_Holding_Period
920247,2023-12-07,14.75,2023-12-08,14.9,1,0.00856949152542379,Trend_Break_Stop
920247,2023-12-22,19.63,2023-12-25,25.88,1,0.3167902190524708,Maximum_Holding_Period
920247,2024-01-18,21.9,2024-01-19,23.76,1,0.08333150684931527,Maximum_Holding_Period
920247,2024-02-21,22.6,2024-02-22,23.4,1,0.03379823008849541,Maximum_Holding_Period
920247,2024-02-22,22.8,2024-02-23,24.12,1,0.056294736842105224,Maximum_Holding_Period
920247,2024-04-11,18.01,2024-04-12,17.1095,1,-0.05160000000000004,Extreme_Risk_Stop
920247,2024-05-28,15.3,2024-05-29,15.5,1,0.011471895424836554,Trend_Break_Stop
920249,2024-09-24,3.61,2024-09-25,3.81,1,0.053801662049861636,Maximum_Holding_Period
920249,2024-09-25,3.74,2024-09-26,3.84,1,0.025137967914438387,Maximum_Holding_Period
920249,2024-10-29,15.14,2024-10-30,14.383,1,-0.05160000000000004,Extreme_Risk_Stop
920249,2025-01-10,9.26,2025-01-13,8.96,1,-0.03399740820734327,Trend_Break_Stop
920249,2025-01-13,8.94,2025-01-14,10.23,1,0.142695302013423,Maximum_Holding_Period
920252,2024-01-22,9.9,2024-01-23,10.3,1,0.038804040404040445,Maximum_Holding_Period
920252,2024-01-24,10.22,2024-01-25,9.709,1,-0.05160000000000004,Extreme_Risk_Stop
920252,2024-10-18,8.67,2024-10-21,10.39,1,0.19678523644752027,Maximum_Holding_Period
920252,2025-09-17,32.46,2025-09-18,35.11,1,0.0800389402341342,Maximum_Holding_Period
920252,2026-07-24,15.19,2026-07-27,15.61,1,0.026049769585253558,Maximum_Holding_Period
920261,2024-10-18,8.39,2024-10-21,9.87,1,0.17480047675804516,Maximum_Holding_Period
920262,2024-12-03,27.32,2024-12-04,25.954,1,-0.05159999999999993,Extreme_Risk_Stop
920262,2025-01-02,23.9,2025-01-03,23.61,1,-0.013733891213389037,Trend_Break_Stop
920262,2025-01-08,25.03,2025-01-09,26.97,1,0.0759069916100679,Maximum_Holding_Period
920266,2024-01-29,10.63,2024-01-30,10.0985,1,-0.05160000000000015,Extreme_Risk_Stop
920267,2025-01-08,20.01,2025-01-09,20.7,1,0.032882758620689505,Maximum_Holding_Period
920267,2025-01-09,20.3,2025-01-10,19.285,1,-0.05160000000000004,Extreme_Risk_Stop
920270,2025-04-07,16.47,2025-04-08,15.646499999999998,1,-0.05160000000000004,Extreme_Risk_Stop
920271,2024-10-18,12.33,2024-10-21,14.56,1,0.17925969180859697,Maximum_Holding_Period
920271,2026-07-06,10.18,2026-07-07,9.71,1,-0.04776895874263249,Trend_Break_Stop
920273,2024-12-30,20.92,2024-12-31,20.94,1,-0.0006439770554493391,Maximum_Holding_Period
920274,2024-01-17,12.54,2024-01-18,11.912999999999998,1,-0.05160000000000004,Extreme_Risk_Stop
920274,2024-02-21,11.21,2024-02-22,11.57,1,0.03051418376449604,Maximum_Holding_Period
920274,2024-02-23,11.33,2024-02-26,11.12,1,-0.020134863195057483,Trend_Break_Stop
920275,2021-02-09,6.1,2021-02-10,6.14,1,0.0049573770491802465,Maximum_Holding_Period
920278,2021-06-18,12.86,2021-06-21,15.0,1,0.16480746500777604,Maximum_Holding_Period
920278,2024-10-18,5.64,2024-10-21,6.88,1,0.2182581560283688,Maximum_Holding_Period
920278,2025-01-09,7.35,2025-01-10,7.06,1,-0.04105578231292512,Trend_Break_Stop
920284,2024-01-22,10.9,2024-01-23,10.355,1,-0.05160000000000004,Extreme_Risk_Stop
920284,2024-11-11,12.69,2024-11-12,12.4,1,-0.024452639873916392,Trend_Break_Stop
920284,2024-11-19,15.5,2024-11-20,21.19,1,0.3654967741935485,Maximum_Holding_Period
920284,2024-12-13,18.0,2024-12-16,17.96,1,-0.0038222222222221254,Trend_Break_Stop
920284,2025-03-19,26.0,2025-03-20,24.7,1,-0.05160000000000004,Extreme_Risk_Stop
920284,2025-04-03,21.58,2025-04-07,20.500999999999998,1,-0.05160000000000004,Extreme_Risk_Stop
920299,2024-02-21,7.02,2024-02-22,7.04,1,0.001249002849002913,Maximum_Holding_Period
920299,2024-02-22,6.9,2024-02-23,6.86,1,-0.007397101449275366,Trend_Break_Stop
920299,2025-01-07,9.79,2025-01-08,10.57,1,0.07807313585291124,Maximum_Holding_Period
920300,2023-06-26,7.41,2023-06-27,7.039499999999999,1,-0.05160000000000004,Extreme_Risk_Stop
920300,2024-11-26,17.04,2024-11-27,16.188,1,-0.05160000000000004,Extreme_Risk_Stop
920304,2024-02-01,7.9,2024-02-02,7.505,1,-0.05160000000000004,Extreme_Risk_Stop
920344,2020-08-17,33.33,2020-08-18,32.11,1,-0.03820366036603657,Trend_Break_Stop
920346,2024-02-22,11.75,2024-02-23,11.54,1,-0.019472340425531986,Trend_Break_Stop
920351,2025-01-10,11.79,2025-01-13,11.200499999999998,1,-0.05160000000000004,Extreme_Risk_Stop
920351,2025-10-14,26.76,2025-10-15,28.05,1,0.046606278026905694,Maximum_Holding_Period
920357,2024-01-18,21.1,2024-01-19,22.65,1,0.07185971563981024,Maximum_Holding_Period
920357,2024-02-07,19.3,2024-02-08,18.335,1,-0.05160000000000004,Extreme_Risk_Stop
920357,2024-02-19,18.0,2024-02-20,20.41,1,0.13228888888888896,Maximum_Holding_Period
920357,2024-02-21,20.02,2024-02-22,19.019,1,-0.05160000000000004,Extreme_Risk_Stop
920357,2024-07-30,15.0,2024-07-31,15.35,1,0.021733333333333205,Maximum_Holding_Period
920357,2024-08-14,14.0,2024-08-15,14.63,1,0.043400000000000154,Maximum_Holding_Period
920357,2025-01-08,19.85,2025-01-09,21.39,1,0.0759818639798489,Maximum_Holding_Period
920357,2025-04-11,19.26,2025-04-14,22.84,1,0.18427746625129787,Maximum_Holding_Period
920357,2025-04-16,21.44,2025-04-17,21.53,1,0.0025977611940298144,Trend_Break_Stop
920357,2026-06-04,18.7,2026-06-05,19.25,1,0.02781176470588247,Maximum_Holding_Period
920363,2024-11-29,20.81,2024-12-02,21.75,1,0.04357059106198951,Maximum_Holding_Period
920363,2025-04-03,18.89,2025-04-07,17.9455,1,-0.05160000000000004,Extreme_Risk_Stop
920363,2025-06-09,21.52,2025-06-10,22.59,1,0.04812118959107808,Trend_Break_Stop
920363,2026-06-08,13.31,2026-06-09,13.19,1,-0.010615777610818954,Trend_Break_Stop
920368,2026-06-08,34.77,2026-06-09,36.28,1,0.0418282427379924,Maximum_Holding_Period
920368,2026-06-11,36.5,2026-06-12,34.675,1,-0.05160000000000004,Extreme_Risk_Stop
920370,2025-01-15,3.52,2025-01-16,3.59,1,0.018286363636363535,Maximum_Holding_Period
920371,2025-05-16,12.15,2025-05-19,13.3,1,0.09305020576131699,Maximum_Holding_Period
920374,2024-09-13,10.82,2024-09-18,11.39,1,0.05108022181146037,Maximum_Holding_Period
920374,2025-04-11,27.96,2025-04-14,30.41,1,0.08602517882689557,Maximum_Holding_Period
920374,2025-04-16,30.15,2025-04-17,30.57,1,0.012330348258706537,Maximum_Holding_Period
920374,2026-06-04,18.14,2026-06-05,18.6,1,0.02375832414553485,Maximum_Holding_Period
920374,2026-06-17,17.84,2026-06-18,16.948,1,-0.05159999999999993,Extreme_Risk_Stop
920375,2024-12-03,19.5,2024-12-04,18.79,1,-0.03801025641025641,Trend_Break_Stop
920375,2025-07-08,17.98,2025-07-09,17.51,1,-0.0277401557285873,Trend_Break_Stop
920378,2025-04-21,13.65,2025-04-22,13.29,1,-0.027973626373626503,Trend_Break_Stop
920392,2024-11-25,22.9,2024-11-26,21.755,1,-0.05159999999999993,Extreme_Risk_Stop
920392,2024-12-04,24.01,2024-12-05,23.65,1,-0.016593752603082223,Trend_Break_Stop
920392,2025-01-02,17.7,2025-01-03,17.23,1,-0.02815367231638417,Trend_Break_Stop
920394,2024-01-19,16.09,2024-01-22,15.94,1,-0.010922560596643937,Trend_Break_Stop
920395,2023-12-06,9.1,2023-12-07,9.89,1,0.08521318681318694,Maximum_Holding_Period
920395,2024-02-20,7.91,2024-02-21,8.62,1,0.08815979772439934,Maximum_Holding_Period
920396,2024-02-19,10.5,2024-02-20,11.73,1,0.11554285714285721,Maximum_Holding_Period
920403,2026-03-31,22.8,2026-04-01,21.86,1,-0.04282807017543861,Trend_Break_Stop
920405,2021-12-14,27.25,2021-12-15,27.37,1,0.002803669724770687,Maximum_Holding_Period
920405,2024-11-11,20.01,2024-11-12,19.0095,1,-0.05160000000000015,Extreme_Risk_Stop
920405,2026-06-08,13.22,2026-06-09,13.73,1,0.0369779122541603,Maximum_Holding_Period
920407,2026-01-14,25.28,2026-01-15,24.016,1,-0.05160000000000015,Extreme_Risk_Stop
920414,2024-02-22,12.16,2024-02-23,11.95,1,-0.01886973684210531,Trend_Break_Stop
920414,2024-07-22,7.49,2024-07-23,7.1155,1,-0.05160000000000004,Extreme_Risk_Stop
920414,2024-07-26,7.5,2024-07-29,7.125,1,-0.05160000000000004,Extreme_Risk_Stop
920415,2024-11-11,24.4,2024-11-12,23.179999999999996,1,-0.05160000000000015,Extreme_Risk_Stop
920415,2024-11-20,24.22,2024-11-21,24.1,1,-0.006554582989264988,Maximum_Holding_Period
920415,2024-11-21,24.5,2024-11-22,23.275,1,-0.05160000000000004,Extreme_Risk_Stop
920422,2025-03-27,13.46,2025-03-28,13.08,1,-0.02983179791976227,Trend_Break_Stop
920425,2024-06-27,11.18,2024-06-28,11.0,1,-0.01770017889087656,Trend_Break_Stop
920427,2024-10-18,9.18,2024-10-21,10.84,1,0.17922788671023976,Maximum_Holding_Period
920427,2025-01-13,13.39,2025-01-14,14.0,1,0.04395638536221052,Trend_Break_Stop
920427,2025-02-06,11.85,2025-02-07,13.26,1,0.11738734177215186,Maximum_Holding_Period
920427,2025-02-14,14.01,2025-02-17,13.68,1,-0.025154603854389678,Trend_Break_Stop
920427,2025-04-10,12.61,2025-04-11,14.36,1,0.13717874702616967,Maximum_Holding_Period
920429,2025-06-26,24.45,2025-06-27,23.2275,1,-0.05160000000000004,Extreme_Risk_Stop
920433,2020-04-24,11.1,2020-04-27,11.9,1,0.07047207207207222,Maximum_Holding_Period
920433,2020-05-22,10.0,2020-07-27,9.5,1,-0.05160000000000004,Extreme_Risk_Stop
920433,2022-01-14,10.01,2022-01-17,10.56,1,0.053345054945054975,Maximum_Holding_Period
920433,2023-12-07,6.24,2023-12-08,6.61,1,0.05769487179487181,Maximum_Holding_Period
920436,2021-12-15,21.49,2021-12-16,20.85,1,-0.03138129362494175,Trend_Break_Stop
920436,2023-12-11,10.21,2023-12-12,9.6995,1,-0.05160000000000004,Extreme_Risk_Stop
920436,2024-02-22,8.23,2024-02-23,8.15,1,-0.011320534629404588,Maximum_Holding_Period
920436,2025-01-08,17.58,2025-01-09,17.89,1,0.016033674630261886,Maximum_Holding_Period
920436,2025-06-25,21.6,2025-06-26,21.65,1,0.0007148148148146587,Maximum_Holding_Period
920438,2025-01-15,16.13,2025-01-16,16.92,1,0.047377061376317635,Maximum_Holding_Period
920438,2026-07-24,119.0,2026-07-27,130.0,1,0.09083697478991586,Maximum_Holding_Period
920445,2021-12-30,18.05,2021-12-31,19.27,1,0.065990027700831,Maximum_Holding_Period
920445,2023-12-06,6.43,2023-12-07,7.01,1,0.08860217729393476,Maximum_Holding_Period
920445,2024-02-08,5.25,2024-02-19,5.59,1,0.0631619047619048,Maximum_Holding_Period
920445,2025-01-15,7.7,2025-01-16,7.99,1,0.03606233766233773,Maximum_Holding_Period
920454,2024-02-28,11.63,2024-02-29,11.7,1,0.004418916595012858,Maximum_Holding_Period
920469,2025-01-13,11.3,2025-01-14,12.9,1,0.1399929203539823,Maximum_Holding_Period
920469,2025-04-11,12.01,2025-04-14,12.88,1,0.07083963363863459,Maximum_Holding_Period
920469,2026-06-01,6.85,2026-06-02,6.78,1,-0.011818978102189747,Trend_Break_Stop
920469,2026-06-10,7.05,2026-06-11,6.85,1,-0.029968794326241176,Trend_Break_Stop
920469,2026-06-11,7.38,2026-06-12,7.010999999999999,1,-0.05160000000000004,Extreme_Risk_Stop
920471,2025-01-08,12.62,2025-01-09,14.92,1,0.18065039619651363,Maximum_Holding_Period
920471,2025-04-16,16.04,2025-04-17,16.77,1,0.04391122194513724,Maximum_Holding_Period
920475,2024-04-09,8.95,2024-04-10,9.39,1,0.04756201117318453,Maximum_Holding_Period
920475,2024-11-25,28.0,2024-11-26,26.599999999999998,1,-0.05160000000000004,Extreme_Risk_Stop
920476,2024-02-07,10.13,2024-02-08,9.6235,1,-0.05160000000000004,Extreme_Risk_Stop
920476,2025-01-10,9.69,2025-01-13,9.205499999999999,1,-0.05160000000000004,Extreme_Risk_Stop
920478,2023-12-06,25.6,2023-12-07,24.32,1,-0.05160000000000004,Extreme_Risk_Stop
920478,2023-12-13,26.9,2023-12-14,29.48,1,0.09431078066914504,Maximum_Holding_Period
920478,2024-02-08,18.03,2024-02-19,18.29,1,0.012820410427065988,Maximum_Holding_Period
920478,2025-06-10,22.83,2025-06-11,23.23,1,0.01592080595707417,Maximum_Holding_Period
920489,2022-05-05,11.0,2022-05-06,11.01,1,-0.0006909090909090294,Maximum_Holding_Period
920489,2024-01-29,7.38,2024-01-30,7.010999999999999,1,-0.05160000000000004,Extreme_Risk_Stop
920489,2024-08-02,6.87,2024-08-05,6.5264999999999995,1,-0.05160000000000004,Extreme_Risk_Stop
920491,2025-01-09,21.67,2025-01-10,22.2,1,0.02285777572681118,Maximum_Holding_Period
920491,2025-04-11,26.56,2025-04-14,28.4,1,0.06767710843373491,Maximum_Holding_Period
920493,2024-01-19,46.1,2024-01-22,43.795,1,-0.05160000000000004,Extreme_Risk_Stop
920493,2025-03-07,210.98,2025-03-10,200.43099999999998,1,-0.05160000000000004,Extreme_Risk_Stop
920493,2025-03-21,188.0,2025-03-24,178.6,1,-0.05160000000000004,Extreme_Risk_Stop
920493,2025-04-11,143.03,2025-04-14,153.11,1,0.0688747255820457,Maximum_Holding_Period
920493,2025-04-16,154.0,2025-04-17,149.33,1,-0.031924675324675196,Trend_Break_Stop
920496,2024-12-20,11.17,2024-12-23,10.6115,1,-0.05160000000000004,Extreme_Risk_Stop
920496,2025-04-11,10.6,2025-04-14,11.23,1,0.0578339622641511,Maximum_Holding_Period
920504,2025-03-28,23.16,2025-03-31,22.002,1,-0.05160000000000004,Extreme_Risk_Stop
920505,2024-12-05,28.5,2024-12-06,27.075,1,-0.05160000000000004,Extreme_Risk_Stop
920505,2025-06-25,63.2,2025-06-26,62.02,1,-0.020270886075949356,Trend_Break_Stop
920508,2020-08-27,13.42,2020-08-28,12.748999999999999,1,-0.05160000000000004,Extreme_Risk_Stop
920508,2023-12-07,10.51,2023-12-08,12.85,1,0.2210450999048526,Maximum_Holding_Period
920508,2024-02-08,9.47,2024-02-19,8.996500000000001,1,-0.05159999999999993,Extreme_Risk_Stop
920508,2024-06-18,16.0,2024-06-19,15.2,1,-0.05160000000000004,Extreme_Risk_Stop
920508,2024-12-13,36.45,2024-12-16,34.6275,1,-0.05160000000000015,Extreme_Risk_Stop
920508,2025-01-13,25.0,2025-01-14,29.97,1,0.19719999999999988,Maximum_Holding_Period
920508,2025-04-16,31.78,2025-04-17,31.08,1,-0.023626431718061735,Trend_Break_Stop
920510,2021-09-24,19.38,2021-09-27,18.410999999999998,1,-0.05160000000000004,Extreme_Risk_Stop
920510,2024-04-19,15.25,2024-04-22,14.487499999999999,1,-0.05160000000000004,Extreme_Risk_Stop
920510,2025-01-09,17.0,2025-01-10,17.41,1,0.022517647058823576,Maximum_Holding_Period
920510,2025-04-11,19.95,2025-04-14,20.9,1,0.046019047619047675,Maximum_Holding_Period
920519,2025-06-05,14.5,2025-06-06,15.69,1,0.0804689655172413,Maximum_Holding_Period
920522,2024-12-16,49.58,2024-12-17,49.37,1,-0.005835578862444522,Maximum_Holding_Period
920522,2025-04-11,50.35,2025-04-14,53.9,1,0.06890645481628592,Maximum_Holding_Period
920522,2025-06-16,46.01,2025-06-17,49.6,1,0.07642651597478815,Maximum_Holding_Period
920526,2023-12-04,22.51,2023-12-05,30.94,1,0.37290022212350055,Maximum_Holding_Period
920526,2023-12-29,25.6,2024-01-02,28.15,1,0.09800937499999977,Maximum_Holding_Period
920526,2024-02-21,24.01,2024-02-22,25.66,1,0.06712136609745926,Maximum_Holding_Period
920526,2024-10-11,29.0,2024-10-14,27.549999999999997,1,-0.05160000000000004,Extreme_Risk_Stop
920526,2025-01-08,26.37,2025-01-09,26.94,1,0.020015472127417545,Maximum_Holding_Period
920526,2025-04-10,26.4,2025-04-11,30.5,1,0.15370303030303029,Maximum_Holding_Period
920527,2024-12-18,16.96,2024-12-19,16.112,1,-0.05160000000000015,Extreme_Risk_Stop
920527,2025-01-15,12.54,2025-01-16,13.13,1,0.04544944178628412,Maximum_Holding_Period
920527,2026-08-06,14.02,2026-08-07,13.95,1,-0.006592867332382356,Maximum_Holding_Period
920533,2024-02-06,13.66,2024-02-07,14.68,1,0.07307057101024887,Maximum_Holding_Period
920533,2024-12-04,31.95,2024-12-05,35.0,1,0.09386165884194057,Maximum_Holding_Period
920533,2025-06-26,37.1,2025-06-27,37.48,1,0.0086425876010781,Maximum_Holding_Period
920547,2024-02-21,21.36,2024-02-22,21.72,1,0.015253932584269592,Maximum_Holding_Period
920547,2025-04-16,21.99,2025-04-17,23.4,1,0.06252005457025915,Maximum_Holding_Period
920553,2025-03-26,11.25,2025-03-27,10.96,1,-0.027377777777777678,Trend_Break_Stop
920556,2024-12-27,7.44,2024-12-30,7.09,1,-0.04864301075268824,Trend_Break_Stop
920556,2025-01-02,7.5,2025-01-03,7.8,1,0.03840000000000004,Maximum_Holding_Period
920564,2024-08-12,10.74,2024-08-13,11.09,1,0.030988454376163866,Maximum_Holding_Period
920570,2023-12-27,52.78,2023-12-28,57.2,1,0.08214384236453202,Maximum_Holding_Period
920570,2024-02-19,38.15,2024-02-20,40.49,1,0.05973682830930543,Trend_Break_Stop
920570,2024-03-18,61.0,2024-03-19,60.4,1,-0.011436065573770481,Maximum_Holding_Period
920570,2024-07-22,25.56,2024-07-23,24.64,1,-0.03759374021909229,Trend_Break_Stop
920571,2025-05-08,6.92,2025-05-09,6.82,1,-0.01605086705202303,Maximum_Holding_Period
920571,2025-07-16,12.55,2025-07-17,12.2,1,-0.02948844621513953,Trend_Break_Stop
920571,2026-03-17,11.29,2026-03-18,11.44,1,0.011686093888396743,Maximum_Holding_Period
920571,2026-07-15,8.18,2026-07-16,8.04,1,-0.018714914425427897,Trend_Break_Stop
920575,2024-01-24,21.55,2024-01-25,20.4725,1,-0.05160000000000004,Extreme_Risk_Stop
920575,2024-02-07,17.35,2024-02-08,16.4825,1,-0.05159999999999993,Extreme_Risk_Stop
920575,2026-01-08,8.8,2026-01-09,8.89,1,0.00862727272727275,Maximum_Holding_Period
920576,2024-01-26,22.39,2024-01-29,21.2705,1,-0.05160000000000004,Extreme_Risk_Stop
920576,2024-01-29,22.32,2024-01-30,21.204,1,-0.05159999999999993,Extreme_Risk_Stop
920576,2026-02-26,85.0,2026-02-27,82.7,1,-0.02865882352941169,Trend_Break_Stop
920576,2026-03-27,62.01,2026-03-30,75.0,1,0.20788234155781332,Maximum_Holding_Period
920576,2026-03-30,64.51,2026-03-31,80.93,1,0.25293418074717106,Maximum_Holding_Period
920578,2023-10-26,10.87,2023-10-27,11.45,1,0.0517578656853726,Maximum_Holding_Period
920578,2023-10-27,10.71,2023-10-30,11.7,1,0.09083697478991586,Maximum_Holding_Period
920578,2024-02-05,14.2,2024-02-06,19.99,1,0.40614647887323946,Maximum_Holding_Period
920578,2024-02-22,16.6,2024-02-23,18.45,1,0.10984578313252995,Maximum_Holding_Period
920578,2025-04-16,27.46,2025-04-17,26.6,1,-0.03291828113619805,Trend_Break_Stop
920579,2025-01-09,18.55,2025-01-10,17.96,1,-0.03340592991913744,Trend_Break_Stop
920580,2024-12-16,13.48,2024-12-17,12.806,1,-0.05160000000000004,Extreme_Risk_Stop
920580,2025-01-10,10.31,2025-01-13,9.7945,1,-0.05160000000000015,Extreme_Risk_Stop
920580,2025-04-16,12.66,2025-04-17,12.7,1,0.001559557661927215,Maximum_Holding_Period
920580,2025-09-15,19.31,2025-09-16,18.344499999999996,1,-0.05160000000000015,Extreme_Risk_Stop
920580,2026-06-04,12.97,2026-06-05,13.93,1,0.07241696222050868,Maximum_Holding_Period
920580,2026-06-08,13.4,2026-06-09,13.44,1,0.0013850746268655916,Trend_Break_Stop
920592,2023-09-05,12.52,2023-09-06,11.893999999999998,1,-0.05160000000000004,Extreme_Risk_Stop
920592,2024-02-02,20.4,2024-02-05,20.25,1,-0.008952941176470563,Trend_Break_Stop
920592,2024-02-07,21.0,2024-02-08,19.95,1,-0.05160000000000004,Extreme_Risk_Stop
920592,2024-02-29,20.99,2024-03-01,22.15,1,0.05366441162458307,Maximum_Holding_Period
920592,2024-10-30,64.01,2024-10-31,70.09,1,0.0933851585689736,Maximum_Holding_Period
920593,2023-07-17,103.8,2023-07-18,104.8,1,0.008033911368015501,Maximum_Holding_Period
920593,2023-08-03,91.16,2023-08-04,95.4,1,0.04491162790697683,Maximum_Holding_Period
920593,2024-04-22,29.3,2024-04-23,32.83,1,0.11887781569965865,Maximum_Holding_Period
920608,2025-03-31,19.1,2025-04-01,18.145,1,-0.05160000000000004,Extreme_Risk_Stop
920634,2025-03-25,30.4,2025-03-26,32.88,1,0.07997894736842119,Maximum_Holding_Period
920634,2025-03-27,31.37,2025-03-28,29.8015,1,-0.05160000000000004,Extreme_Risk_Stop
920634,2026-07-06,17.07,2026-07-07,16.45,1,-0.037921031048623384,Trend_Break_Stop
920639,2025-04-17,9.03,2025-04-18,9.58,1,0.05930808416389826,Maximum_Holding_Period
920639,2025-04-22,9.5,2025-04-23,9.025,1,-0.05159999999999993,Extreme_Risk_Stop
920640,2024-12-13,27.0,2024-12-16,27.5,1,0.0169185185185186,Trend_Break_Stop
920640,2025-04-11,25.17,2025-04-14,26.28,1,0.0425001191895114,Maximum_Holding_Period
920641,2024-07-22,9.4,2024-07-23,8.93,1,-0.05160000000000004,Extreme_Risk_Stop
920641,2024-07-26,9.63,2024-07-29,9.1485,1,-0.05160000000000004,Extreme_Risk_Stop
920641,2024-08-20,7.87,2024-08-21,7.79,1,-0.011765184243964399,Trend_Break_Stop
920641,2024-10-23,10.4,2024-10-24,12.46,1,0.19647692307692305,Maximum_Holding_Period
920662,2025-01-10,19.0,2025-01-13,18.05,1,-0.05159999999999993,Extreme_Risk_Stop
920665,2024-02-19,8.4,2024-02-20,8.75,1,0.04006666666666652,Trend_Break_Stop
920670,2025-11-14,17.7,2025-11-17,16.814999999999998,1,-0.05160000000000004,Extreme_Risk_Stop
920670,2026-01-30,19.8,2026-02-02,18.81,1,-0.05160000000000004,Extreme_Risk_Stop
920679,2024-12-16,19.0,2024-12-17,18.05,1,-0.05159999999999993,Extreme_Risk_Stop
920682,2020-08-04,8.58,2020-08-05,8.151,1,-0.05160000000000004,Extreme_Risk_Stop
920693,2023-12-21,50.1,2023-12-22,47.595,1,-0.05160000000000004,Extreme_Risk_Stop
920693,2024-01-25,33.42,2024-01-26,37.95,1,0.13394757630161586,Maximum_Holding_Period
920693,2024-02-20,30.6,2024-02-21,31.93,1,0.04186405228758155,Maximum_Holding_Period
920693,2024-07-12,22.14,2024-07-15,23.6,1,0.06434399277326101,Maximum_Holding_Period
920693,2025-04-11,41.21,2025-04-14,44.09,1,0.06828595001213293,Maximum_Holding_Period
920693,2026-07-29,22.07,2026-07-30,22.24,1,0.00610276393294056,Trend_Break_Stop
920699,2024-10-23,32.71,2024-10-24,36.9,1,0.1264953836747172,Maximum_Holding_Period
920699,2024-12-23,40.93,2024-12-24,43.5,1,0.06119012948937202,Maximum_Holding_Period
920701,2024-01-23,14.13,2024-01-24,14.95,1,0.056432554847841314,Maximum_Holding_Period
920701,2024-03-21,14.09,2024-03-22,13.385499999999999,1,-0.05160000000000004,Extreme_Risk_Stop
920701,2024-08-13,12.98,2024-08-14,13.31,1,0.023823728813559254,Maximum_Holding_Period
920701,2024-08-15,13.13,2024-08-16,14.0,1,0.06466047220106623,Maximum_Holding_Period
920701,2025-04-16,30.97,2025-04-17,31.75,1,0.023585663545366443,Maximum_Holding_Period
920706,2024-04-11,11.46,2024-04-12,11.82,1,0.029813612565444948,Maximum_Holding_Period
920706,2025-03-27,19.15,2025-03-28,18.1925,1,-0.05159999999999993,Extreme_Risk_Stop
920719,2024-10-17,8.52,2024-10-18,9.46,1,0.10872863849765273,Maximum_Holding_Period
920719,2025-07-21,18.0,2025-07-22,18.0,1,-0.0015999999999999999,Maximum_Holding_Period
920720,2023-12-07,10.62,2023-12-08,11.24,1,0.05678041431261787,Maximum_Holding_Period
920720,2024-02-01,12.0,2024-02-02,11.399999999999999,1,-0.05160000000000015,Extreme_Risk_Stop
920720,2025-04-11,16.7,2025-04-14,18.21,1,0.08881916167664676,Maximum_Holding_Period
920720,2025-04-16,17.88,2025-04-17,17.89,1,-0.0010407158836688952,Trend_Break_Stop
920725,2024-02-20,12.48,2024-02-21,13.61,1,0.0889448717948718,Maximum_Holding_Period
920725,2024-10-18,11.35,2024-10-21,16.11,1,0.4177832599118943,Maximum_Holding_Period
920725,2024-11-15,25.5,2024-11-18,24.224999999999998,1,-0.05160000000000004,Extreme_Risk_Stop
920725,2025-01-02,36.84,2025-01-03,38.66,1,0.047802823018458,Maximum_Holding_Period
920725,2025-01-06,37.37,2025-01-07,42.2,1,0.12764805994112943,Maximum_Holding_Period
920725,2025-11-27,34.92,2025-11-28,33.174,1,-0.05160000000000004,Extreme_Risk_Stop
920725,2026-04-09,29.77,2026-04-10,30.03,1,0.007133624454148492,Maximum_Holding_Period
920735,2025-06-11,41.8,2025-06-12,42.22,1,0.008447846889952305,Maximum_Holding_Period
920735,2025-06-12,42.38,2025-06-13,40.261,1,-0.05160000000000004,Extreme_Risk_Stop
920748,2025-11-14,58.0,2025-11-17,61.72,1,0.06253793103448273,Maximum_Holding_Period
920748,2026-07-30,21.25,2026-07-31,22.22,1,0.04404705882352938,Maximum_Holding_Period
920751,2024-03-21,9.95,2024-03-22,9.76,1,-0.020695477386934624,Trend_Break_Stop
920751,2024-03-27,10.2,2024-03-28,9.86,1,-0.03493333333333332,Trend_Break_Stop
920751,2024-04-19,8.18,2024-04-22,8.08,1,-0.013824938875305625,Maximum_Holding_Period
920753,2024-01-04,19.1,2024-01-05,18.145,1,-0.05160000000000004,Extreme_Risk_Stop
920765,2024-10-31,15.08,2024-11-01,14.325999999999999,1,-0.05160000000000004,Extreme_Risk_Stop
920770,2024-02-22,7.55,2024-02-23,7.72,1,0.02091655629139071,Maximum_Holding_Period
920770,2024-12-03,22.76,2024-12-04,22.15,1,-0.0284014059753956,Trend_Break_Stop
920779,2024-11-19,43.7,2024-11-20,52.71,1,0.20457848970251719,Maximum_Holding_Period
920786,2024-11-28,9.6,2024-11-29,10.75,1,0.11819166666666674,Maximum_Holding_Period
920786,2025-03-26,10.0,2025-03-27,10.08,1,0.006400000000000007,Maximum_Holding_Period
920790,2026-08-03,22.51,2026-08-04,23.49,1,0.04193620613060838,Maximum_Holding_Period
920792,2024-01-19,7.12,2024-01-22,7.01,1,-0.0170494382022472,Trend_Break_Stop
920792,2024-10-31,13.2,2024-11-01,15.47,1,0.17036969696969712,Maximum_Holding_Period
920799,2024-02-22,12.15,2024-02-23,12.52,1,0.028852674897119224,Maximum_Holding_Period
920799,2024-10-11,20.21,2024-10-14,35.54,1,0.7569353785254822,Maximum_Holding_Period
920799,2024-11-21,68.37,2024-11-22,68.12,1,-0.0052565745209887755,Maximum_Holding_Period
920799,2026-07-30,28.48,2026-07-31,30.22,1,0.05949550561797739,Maximum_Holding_Period
920802,2024-02-23,9.48,2024-02-26,9.68,1,0.019497046413502073,Maximum_Holding_Period
920807,2025-01-08,8.44,2025-01-09,8.99,1,0.06356587677725116,Maximum_Holding_Period
920808,2023-07-19,57.0,2023-07-20,54.15,1,-0.05160000000000004,Extreme_Risk_Stop
920808,2023-09-13,37.3,2023-09-14,35.434999999999995,1,-0.05160000000000004,Extreme_Risk_Stop
920808,2024-01-12,34.16,2024-01-15,32.452,1,-0.05159999999999993,Extreme_Risk_Stop
920821,2024-04-11,12.72,2024-04-12,12.59,1,-0.011820125786163604,Maximum_Holding_Period
920821,2026-08-05,17.41,2026-08-06,19.53,1,0.12016909821941417,Maximum_Holding_Period
920832,2021-03-19,7.6,2021-03-22,7.56,1,-0.006863157894736858,Maximum_Holding_Period
920834,2024-02-21,5.98,2024-02-22,5.96,1,-0.004944481605351279,Maximum_Holding_Period
920837,2024-01-17,7.4,2024-01-18,8.04,1,0.08488648648648627,Maximum_Holding_Period
920837,2025-03-28,18.24,2025-03-31,17.328,1,-0.05159999999999993,Extreme_Risk_Stop
920856,2024-02-22,6.01,2024-02-23,6.05,1,0.0050555740432612255,Maximum_Holding_Period
920856,2025-01-16,8.84,2025-01-17,10.58,1,0.19523257918552034,Maximum_Holding_Period
920857,2024-01-23,14.6,2024-01-24,14.89,1,0.018263013698630193,Trend_Break_Stop
920866,2024-02-02,6.23,2024-02-05,6.75,1,0.08186709470304958,Maximum_Holding_Period
920870,2024-12-09,18.97,2024-12-10,20.72,1,0.09065092250922517,Maximum_Holding_Period
920870,2024-12-19,17.52,2024-12-20,18.4,1,0.04862831050228316,Maximum_Holding_Period
920870,2025-01-15,15.2,2025-01-16,15.25,1,0.00168947368421062,Maximum_Holding_Period
920873,2024-02-21,3.47,2024-02-22,3.43,1,-0.013127377521613814,Trend_Break_Stop
920892,2020-12-14,18.0,2020-12-24,17.099999999999998,1,-0.05160000000000015,Extreme_Risk_Stop
920892,2023-07-26,8.22,2023-07-27,9.26,1,0.12492068126520665,Maximum_Holding_Period
920892,2024-02-23,11.78,2024-02-26,11.190999999999999,1,-0.05160000000000004,Extreme_Risk_Stop
920892,2025-01-09,11.7,2025-01-10,11.41,1,-0.0263863247863247,Trend_Break_Stop
920892,2025-05-08,18.67,2025-05-09,19.4,1,0.03750016068559164,Maximum_Holding_Period
920895,2023-12-06,8.94,2023-12-07,10.36,1,0.15723668903803129,Maximum_Holding_Period
920895,2024-02-01,11.62,2024-02-02,12.52,1,0.07585266781411364,Maximum_Holding_Period
920896,2024-11-22,17.89,2024-11-25,16.9955,1,-0.05160000000000004,Extreme_Risk_Stop
920896,2024-12-04,18.79,2024-12-05,23.5,1,0.24906524747205966,Maximum_Holding_Period
920896,2025-01-09,15.28,2025-01-10,15.83,1,0.034394764397905724,Maximum_Holding_Period
920896,2025-04-16,17.6,2025-04-17,17.44,1,-0.01069090909090915,Trend_Break_Stop
920906,2023-12-12,18.05,2023-12-13,19.79,1,0.09479889196675888,Maximum_Holding_Period
920906,2023-12-13,18.52,2023-12-14,19.81,1,0.06805442764578822,Maximum_Holding_Period
920924,2021-12-14,9.88,2021-12-15,10.1,1,0.020667206477732725,Maximum_Holding_Period
920924,2024-04-02,11.91,2024-04-03,11.314499999999999,1,-0.05160000000000015,Extreme_Risk_Stop
920924,2024-12-17,17.3,2024-12-18,16.435,1,-0.05160000000000015,Extreme_Risk_Stop
920924,2025-01-10,14.57,2025-01-13,13.8415,1,-0.05160000000000004,Extreme_Risk_Stop
920924,2025-04-16,27.3,2025-04-17,26.55,1,-0.029072527472527487,Trend_Break_Stop
920926,2024-12-13,26.72,2024-12-16,28.04,1,0.04780119760479034,Maximum_Holding_Period
920932,2025-01-09,21.88,2025-01-10,21.88,1,-0.0015999999999999999,Maximum_Holding_Period
920932,2025-04-11,25.23,2025-04-14,27.1,1,0.07251811335711449,Maximum_Holding_Period
920932,2025-07-29,24.22,2025-07-30,23.8,1,-0.018941040462427682,Trend_Break_Stop
920932,2026-07-30,11.01,2026-07-31,11.88,1,0.07741907356948245,Maximum_Holding_Period
920942,2026-03-31,25.62,2026-04-01,27.14,1,0.05772864949258399,Maximum_Holding_Period
920943,2023-06-30,6.98,2023-07-03,7.22,1,0.03278395415472773,Maximum_Holding_Period
920946,2020-08-04,7.22,2020-08-05,6.858999999999999,1,-0.05160000000000004,Extreme_Risk_Stop
920946,2022-01-13,17.11,2022-01-14,27.99,1,0.634285447106955,Maximum_Holding_Period
920946,2022-03-15,17.53,2022-03-16,20.62,1,0.17466925270964057,Maximum_Holding_Period
920946,2022-05-10,12.41,2022-05-11,13.0,1,0.045942304593070075,Maximum_Holding_Period
920950,2024-02-20,16.83,2024-02-21,17.87,1,0.06019441473559133,Maximum_Holding_Period
920950,2024-02-21,17.41,2024-02-22,17.72,1,0.016205858701895438,Maximum_Holding_Period
920950,2025-07-25,23.06,2025-07-28,22.65,1,-0.01937970511708582,Trend_Break_Stop
920950,2025-07-31,23.11,2025-08-01,26.26,1,0.13470463003028993,Maximum_Holding_Period
920950,2025-08-01,23.8,2025-08-04,25.27,1,0.06016470588235295,Maximum_Holding_Period
920950,2025-08-21,24.31,2025-08-22,23.89,1,-0.01887684080625247,Trend_Break_Stop
920953,2024-07-16,12.3,2024-07-17,13.76,1,0.11709918699186987,Maximum_Holding_Period
920953,2024-10-11,21.9,2024-10-14,32.22,1,0.46963287671232884,Maximum_Holding_Period
920957,2024-02-19,6.26,2024-02-20,7.15,1,0.14057252396166137,Maximum_Holding_Period
920961,2025-10-23,26.6,2025-10-24,26.79,1,0.005542857142857118,Maximum_Holding_Period
920970,2023-12-06,4.48,2023-12-07,5.18,1,0.1546499999999998,Maximum_Holding_Period
920970,2024-08-14,5.4,2024-08-15,5.46,1,0.009511111111111071,Maximum_Holding_Period
920971,2024-12-05,35.0,2024-12-06,33.25,1,-0.05160000000000004,Extreme_Risk_Stop
920971,2025-01-09,26.44,2025-01-10,25.118,1,-0.05160000000000015,Extreme_Risk_Stop
920974,2024-02-21,6.68,2024-02-22,7.12,1,0.06426826347305385,Maximum_Holding_Period
920974,2024-02-23,7.04,2024-02-26,7.17,1,0.01686590909090917,Maximum_Holding_Period
920974,2025-01-07,7.22,2025-01-08,7.63,1,0.05518670360110805,Maximum_Holding_Period
920978,2023-12-06,13.08,2023-12-07,13.14,1,0.002987155963302836,Maximum_Holding_Period
920978,2023-12-11,13.21,2023-12-12,14.93,1,0.1286043906131718,Maximum_Holding_Period
920981,2024-10-11,23.0,2024-10-14,26.96,1,0.1705739130434783,Maximum_Holding_Period
920981,2025-01-08,27.15,2025-01-09,28.88,1,0.06212007366482513,Maximum_Holding_Period
920992,2025-01-15,13.56,2025-01-16,13.69,1,0.007987020648967436,Maximum_Holding_Period
920992,2025-03-26,19.5,2025-03-27,19.32,1,-0.010830769230769265,Maximum_Holding_Period
